player_id,full_name,is_active,birthdate,school,country,height,weight,season_exp,jersey,position,from_year,to_year,draft_season,draft_round_num,draft_round_pick,draft_overall_pick,draft_college_or_org,draft_org_type,height_w_shoes,wingspan,max_vertical_leap,bench_press
76001,Alaa Abdelnaby,0,1968-06-24,Duke,USA,6-10,240.0,5.0,30,Forward,1990,1994,1990.0,1,25.0,25,Duke,College/University,,,,
76002,Zaid Abdul-Aziz,0,,nan,,,,,,,,,1968.0,1,5.0,5,Iowa State,College/University,,,,
76003,Kareem Abdul-Jabbar,0,1947-04-16,UCLA,USA,7-2,225.0,20.0,33,Center,1969,1988,1969.0,1,1.0,1,California-Los Angeles,College/University,,,,
51,Mahmoud Abdul-Rauf,0,,nan,,,,,,,,,1990.0,1,3.0,3,Louisiana State,College/University,,,,
1505,Tariq Abdul-Wahad,0,1974-11-03,San Jose State,France,6-6,235.0,7.0,9,Forward-Guard,1997,2003,1997.0,1,11.0,11,San Jose State,College/University,,,,
949,Shareef Abdur-Rahim,0,1976-12-11,California,USA,6-9,245.0,13.0,3,Forward,1996,2007,1996.0,1,3.0,3,California,College/University,,,,
76005,Tom Abernethy,0,1954-05-06,Indiana,USA,6-7,220.0,5.0,5,Forward,1976,1980,1976.0,3,9.0,43,Indiana,College/University,,,,
76006,Forest Able,0,1932-07-27,Western Kentucky,USA,6-3,180.0,1.0,6,Guard,1956,1956,1956.0,0,0.0,0,Western Kentucky,College/University,,,,
76007,John Abramovic,0,1919-02-09,Salem,USA,6-3,195.0,2.0,,Forward,1946,1947,,,,,,,,,,
203518,Alex Abrines,0,1993-08-01,FC Barcelona,Spain,6-6,200.0,3.0,,Guard,2016,2018,2013.0,2,2.0,32,FC Barcelona Basquet (Spain),Other Team/Club,,,,
1630173,Precious Achiuwa,1,1999-09-19,Memphis,Nigeria,6-8,225.0,3.0,5,Forward,2020,2023,2020.0,1,20.0,20,Memphis,College/University,80.7,84.75,,
101165,Alex Acker,0,1983-01-21,Pepperdine,USA,6-5,185.0,3.0,3,Guard,2005,2008,2005.0,2,30.0,60,Pepperdine,College/University,76.75,84.0,32.0,11.0
76008,Donald Ackerman,0,1930-09-04,Long Island-Brooklyn,USA,6-0,183.0,1.0,,Guard,1953,1953,1953.0,2,0.0,0,Long Island-Brooklyn,College/University,,,,
76009,Mark Acres,0,1962-11-15,Oral Roberts,USA,6-11,220.0,6.0,42,Center,1987,1992,1985.0,2,16.0,40,Oral Roberts,College/University,,,,
76010,Charles Acton,0,1942-01-11,Hillsdale,USA,6-6,210.0,1.0,24,Forward,1967,1967,,,,,,,,,,
203112,Quincy Acy,0,1990-10-06,Baylor,USA,6-7,240.0,7.0,,Forward,2012,2018,2012.0,2,7.0,37,Baylor,College/University,79.75,86.75,37.0,13.0
76011,Alvan Adams,0,1954-07-19,Oklahoma,USA,6-9,210.0,13.0,33,Center,1975,1987,1975.0,1,4.0,4,Oklahoma,College/University,,,,
76012,Don Adams,0,1947-11-27,Northwestern,USA,6-7,210.0,7.0,10,Forward,1970,1976,1970.0,8,1.0,120,Northwestern,College/University,,,,
200801,Hassan Adams,0,1984-06-20,Arizona,USA,6-4,220.0,2.0,,Forward,2006,2008,2006.0,2,24.0,54,Arizona,College/University,,,,
1629121,Jaylen Adams,0,1996-05-04,St. Bonaventure,USA,6-0,225.0,3.0,,Guard,2018,2020,,,,,,,,,,
203919,Jordan Adams,0,1994-07-08,UCLA,USA,6-5,209.0,3.0,3,Guard,2014,2015,,,,,,,76.75,82.0,29.5,
149,Michael Adams,0,1963-01-19,Boston College,USA,5-10,165.0,11.0,23,Guard,1985,1995,1985.0,3,19.0,66,Boston College,College/University,,,,
203500,Steven Adams,1,1993-07-20,Pittsburgh,New Zealand,6-11,265.0,10.0,4,Center,2013,2023,2013.0,1,12.0,12,Pittsburgh,College/University,84.0,88.5,33.0,16.0
912,Rafael Addison,0,1964-07-22,Syracuse,USA,6-8,241.0,6.0,7,Forward,1986,1996,1986.0,2,15.0,39,Syracuse,College/University,,,,
1628389,Bam Adebayo,1,1997-07-18,Kentucky,USA,6-9,255.0,6.0,13,Center-Forward,2017,2023,2017.0,1,14.0,14,Kentucky,College/University,75.75,86.75,38.5,12.0
1629061,Deng Adel,0,1997-02-01,Louisville,South Sudan,6-7,200.0,2.0,32,Forward,2018,2018,,,,,,,,,,
76015,Rick Adelman,0,1946-06-16,Loyola-Marymount,USA,6-2,175.0,7.0,5,Guard,1968,1974,1968.0,7,1.0,79,Loyola-Marymount,College/University,,,,
202399,Jeff Adrien,0,1986-02-10,Connecticut,USA,,,6.0,,,2010,2014,,,,,,,78.5,86.0,31.5,16.0
201167,Arron Afflalo,0,1985-10-15,UCLA,USA,6-5,210.0,12.0,4,Guard,2007,2017,2007.0,1,27.0,27,California-Los Angeles,College/University,,,,
1630534,Ochai Agbaji,1,2000-04-20,Kansas,USA,6-5,215.0,1.0,30,Guard,2022,2023,2022.0,1,14.0,14,Kansas,College/University,77.75,82.25,39.0,
200772,Maurice Ager,0,1984-02-09,Michigan State,USA,6-5,202.0,4.0,,Forward-Guard,2006,2010,2006.0,1,28.0,28,Michigan State,College/University,,,,
76016,Mark Aguirre,0,1959-12-10,DePaul,USA,6-6,232.0,13.0,7,Forward,1981,1993,1981.0,1,1.0,1,DePaul,College/University,,,,
201336,Blake Ahearn,0,1984-05-27,Missouri State,USA,6-2,190.0,4.0,2,Guard,2007,2011,,,,,,,,,,
76017,Danny Ainge,0,,nan,,,,,,,,,1981.0,2,8.0,31,Brigham Young,College/University,,,,
201582,Alexis Ajinca,0,1988-05-06,Hyeres-Toulon,France,7-2,248.0,8.0,42,Center,2008,2017,2008.0,1,20.0,20,Hyeres-Toulon Var Basket (France),Other Team/Club,,,,
76018,Henry Akin,0,1944-07-31,Morehead State,USA,6-10,225.0,2.0,10,Center,1966,1967,,,,,,,,,,
203006,Josh Akognon,0,1986-02-10,California State-Fullerton,USA,5-11,185.0,2.0,10,Guard,2012,2012,,,,,,,,,,
1629152,DeVaughn Akoon-Purcell,0,1993-06-05,Illinois State,Trinidad and Tobago,6-6,200.0,2.0,,Guard-Forward,2018,2018,,,,,,,,,,
202374,Solomon Alabi,0,1988-03-21,Florida State,Nigeria,7-1,252.0,3.0,50,Center,2010,2011,2010.0,2,20.0,50,Florida State,College/University,84.75,89.0,26.0,10.0
76019,Mark Alarie,0,1963-12-11,Duke,USA,6-8,217.0,5.0,31,Forward,1986,1990,1986.0,1,18.0,18,Duke,College/University,,,,
76020,Gary Alcorn,0,1936-10-08,Fresno State,USA,6-9,225.0,2.0,24,Center,1959,1960,1959.0,3,2.0,16,Fresno State,College/University,,,,
1630583,Santi Aldama,1,2001-01-10,Loyola-Maryland,Spain,7-0,215.0,2.0,7,Forward-Center,2021,2023,2021.0,1,30.0,30,Loyola-Maryland,College/University,,,,
203128,Furkan Aldemir,0,1991-08-09,Galatasaray,Turkey,6-10,240.0,2.0,19,Forward-Center,2014,2014,2012.0,2,23.0,53,Galatasaray S.K. (Turkey),Other Team/Club,,,,
202332,Cole Aldrich,0,1988-10-31,Kansas,USA,6-11,253.0,9.0,45,Center,2010,2017,2010.0,1,11.0,11,Kansas,College/University,83.25,88.75,28.0,10.0
200746,LaMarcus Aldridge,0,1985-07-19,University of Texas at Austin,USA,6-11,250.0,17.0,21,Center-Forward,2006,2021,2006.0,1,2.0,2,Texas,College/University,,,,
76021,Chuck Aleksinas,0,,nan,,,,,,,,,1982.0,4,7.0,76,Connecticut,College/University,,,,
1626146,Cliff Alexander,0,1995-11-16,Kansas,USA,6-8,240.0,2.0,34,Forward,2015,2015,,,,,,,80.5,87.5,,
724,Cory Alexander,0,1973-06-22,Virginia,USA,6-1,190.0,8.0,12,Guard,1995,2004,1995.0,1,29.0,29,Virginia,College/University,,,,
2042,Courtney Alexander,0,,nan,,,,,,,,,2000.0,1,13.0,13,Fresno State,College/University,,,,
76022,Gary Alexander,0,,nan,,,,,,,,,,,,,,,,,,
201570,Joe Alexander,0,1986-12-26,West Virginia,USA,6-8,230.0,3.0,20,Forward,2008,2009,2008.0,1,8.0,8,West Virginia,College/University,80.25,83.5,38.5,24.0
1629734,Kyle Alexander,0,1996-10-21,Tennessee,Canada,6-10,216.0,2.0,17,Forward-Center,2019,2019,,,,,,,,,,
1630234,Ty-Shon Alexander,0,1998-07-16,Creighton,USA,6-3,195.0,2.0,0,Guard,2020,2020,,,,,,,76.0,80.0,33.0,
2349,Victor Alexander,0,1969-08-31,Iowa State,USA,6-10,265.0,5.0,9,Forward,1991,2001,1991.0,1,17.0,17,Iowa State,College/University,,,,
1629638,Nickeil Alexander-Walker,1,1998-09-02,Virginia Tech,Canada,6-5,205.0,4.0,9,Guard,2019,2023,2019.0,1,17.0,17,Virginia Tech,College/University,77.5,81.5,,
76024,Steve Alford,0,1964-11-23,Indiana,USA,6-2,183.0,4.0,4,Guard,1987,1990,1987.0,2,3.0,26,Indiana,College/University,,,,
1628959,Rawle Alkins,0,1997-10-29,Arizona,USA,6-5,225.0,2.0,20,Guard,2018,2018,,,,,,,75.75,80.75,40.5,7.0
76028,Bob Allen,0,1946-07-17,Marshall,USA,6-9,205.0,1.0,50,Forward,1968,1968,1968.0,6,7.0,71,Marshall,College/University,,,,
1628960,Grayson Allen,1,1995-10-08,Duke,USA,6-4,198.0,5.0,12,Guard,2018,2023,2018.0,1,21.0,21,Duke,College/University,76.5,79.25,40.5,
1628386,Jarrett Allen,1,1998-04-21,Texas,USA,6-9,243.0,6.0,31,Center,2017,2023,2017.0,1,22.0,22,Texas,College/University,82.25,89.25,35.5,4.0
706,Jerome Allen,0,,nan,,,,,,,,,1995.0,2,20.0,49,Pennsylvania,College/University,,,,
1628443,Kadeem Allen,0,1993-01-15,Arizona,USA,6-1,200.0,3.0,,Guard,2017,2019,2017.0,2,23.0,53,Arizona,College/University,74.25,81.25,35.5,7.0
202730,Lavoy Allen,0,1989-02-04,Temple,USA,6-9,260.0,7.0,5,Forward-Center,2011,2016,2011.0,2,20.0,50,Temple,College/University,,,,
76027,Lucius Allen,0,1947-09-26,UCLA,USA,6-2,175.0,10.0,42,Guard,1969,1978,1969.0,1,3.0,3,California-Los Angeles,College/University,,,,
2124,Malik Allen,0,1978-06-27,Villanova,USA,6-10,255.0,11.0,35,Forward,2001,2010,,,,,,,,,,
76025,Randy Allen,0,,nan,,,,,,,,,,,,,,,,,,
951,Ray Allen,0,,nan,,,,,,,,,1996.0,1,5.0,5,Connecticut,College/University,,,,
2754,Tony Allen,0,1982-01-11,Oklahoma State,USA,6-4,213.0,14.0,,Guard-Forward,2004,2017,2004.0,1,25.0,25,Oklahoma State,College/University,76.25,81.0,36.5,17.0
76029,Odis Allison,0,1949-10-02,UNLV,USA,6-6,195.0,1.0,22,Forward,1971,1971,1971.0,5,8.0,76,Nevada-Las Vegas,College/University,,,,
200984,Lance Allred,0,1981-02-02,Weber State,USA,6-11,250.0,2.0,41,Center,2007,2007,,,,,,,,,,
76030,Darrell Allums,0,1958-09-12,UCLA,USA,6-8,220.0,1.0,32,Forward,1980,1980,1980.0,5,11.0,103,California-Los Angeles,College/University,,,,
201165,Morris Almond,0,1985-02-02,Rice,USA,6-6,225.0,4.0,21,Guard,2007,2011,2007.0,1,25.0,25,Rice,College/University,,,,
308,Derrick Alston,0,1972-08-20,Duquesne,USA,6-11,225.0,3.0,,Center,1994,1996,1994.0,2,6.0,33,Duquesne,College/University,,,,
1747,Rafer Alston,0,1976-07-24,Fresno State,USA,6-2,175.0,11.0,11,Guard,1999,2009,1998.0,2,10.0,39,Fresno State,College/University,,,,
1824,Peter Aluma,0,1973-04-26,Liberty,USA,6-10,260.0,1.0,,Center,1998,1998,,,,,,,,,,
1630631,Jose Alvarado,1,1998-04-12,Georgia Tech,USA,6-0,179.0,2.0,15,Guard,2021,2023,,,,,,,,,,
680,John Amaechi,0,1970-11-26,Penn State,United Kingdom,6-10,270.0,6.0,13,Forward-Center,1995,2002,,,,,,,,,,
732,Ashraf Amaya,0,,nan,,,,,,,,,,,,,,,,,,
202329,Al-Farouq Aminu,0,,nan,,,,,,,,,2010.0,1,8.0,8,Wake Forest,College/University,80.5,87.25,33.5,13.0
200811,Lou Amundson,0,1982-12-07,UNLV,USA,6-9,220.0,11.0,17,Forward,2006,2015,,,,,,,,,,
76034,Bob Anderegg,0,,nan,,,,,,,,,1959.0,3,6.0,20,Michigan State,College/University,,,,
2365,Chris Andersen,0,1978-07-07,Blinn J.C.,USA,6-10,245.0,15.0,,Forward-Center,2001,2016,,,,,,,,,,
2431,David Andersen,0,1980-06-23,FC Barcelona,Australia,,,20.0,,,2009,2017,2002.0,2,8.0,36,Virtus Pallacanestro Bologna (Italy),Other Team/Club,,,,
101187,Alan Anderson,0,1982-10-16,Michigan State,USA,6-6,220.0,9.0,9,Forward-Guard,2005,2016,,,,,,,78.0,81.5,30.5,10.0
202079,Antonio Anderson,0,1985-06-05,Memphis,USA,6-6,215.0,2.0,,Guard,2009,2009,,,,,,,,,,
76035,Cliff Anderson,0,,nan,,,,,,,,,1967.0,4,4.0,35,Saint Joseph's,College/University,,,,
76036,Daniel Anderson,0,1951-01-01,Southern California,USA,6-2,185.0,2.0,33,Guard,1974,1975,1974.0,6,2.0,92,Southern California,College/University,,,,
1507,Derek Anderson,0,1974-07-18,Kentucky,USA,6-5,195.0,12.0,1,Guard,1997,2007,1997.0,1,13.0,13,Kentucky,College/University,,,,
76037,Dwight Anderson,0,1960-12-28,Southern California,USA,6-3,185.0,1.0,20,Guard,1982,1982,1982.0,2,18.0,41,Southern California,College/University,,,,
944,Eric Anderson,0,1970-05-26,Indiana,USA,6-9,220.0,2.0,42,Forward,1992,1993,,,,,,,,,,
246,Greg Anderson,0,1964-06-22,Houston,USA,6-10,250.0,10.0,0,Center-Forward,1987,1997,1987.0,1,23.0,23,Houston,College/University,,,,
202341,James Anderson,0,1989-03-25,Oklahoma State,USA,6-6,213.0,6.0,5,Guard-Forward,2010,2015,2010.0,1,20.0,20,Oklahoma State,College/University,77.75,80.5,35.5,14.0
76040,Jerome Anderson,0,1953-10-09,West Virginia,USA,6-5,195.0,2.0,21-23,Guard,1975,1976,1975.0,3,17.0,53,West Virginia,College/University,,,,
1626147,Justin Anderson,0,1993-11-19,Virginia,USA,6-5,231.0,7.0,,Forward-Guard,2015,2021,2015.0,1,21.0,21,Virginia,College/University,78.25,83.75,43.0,12.0
72,Kenny Anderson,0,1970-10-09,Georgia Tech,USA,6-1,168.0,14.0,,Guard,1991,2004,1991.0,1,2.0,2,Georgia Tech,College/University,,,,
76041,Kim Anderson,0,1955-05-12,Missouri,USA,6-7,200.0,1.0,42,Forward,1978,1978,1977.0,2,6.0,28,Missouri,College/University,,,,
203937,Kyle Anderson,1,1993-09-20,UCLA,USA,6-9,230.0,9.0,5,Forward-Guard,2014,2023,,,,,,,80.5,86.75,,
76042,Michael Anderson,0,1966-03-23,Drexel,USA,5-11,184.0,1.0,10,Guard,1988,1988,1988.0,3,23.0,73,Drexel,College/University,,,,
76043,Mitchell Anderson,0,1960-09-23,Bradley,USA,6-8,195.0,3.0,11,Forward,1982,1984,1982.0,2,13.0,36,Bradley,College/University,,,,
98,Nick Anderson,0,1968-01-20,Illinois,USA,6-6,228.0,14.0,5,Forward-Guard,1989,2002,1989.0,1,11.0,11,Illinois,College/University,,,,
76045,Richard Anderson,0,1960-11-19,California-Santa Barbara,USA,6-10,240.0,6.0,35,Forward,1982,1989,1982.0,2,9.0,32,California-Santa Barbara,College/University,,,,
76046,Ron Anderson,0,1958-10-15,Fresno State,USA,6-7,215.0,10.0,35,Forward,1984,1993,1984.0,2,3.0,27,Fresno State,College/University,,,,
201583,Ryan Anderson,0,1988-05-06,California,USA,6-9,240.0,12.0,,Forward,2008,2019,2008.0,1,21.0,21,California,College/University,,,,
1000,Shandon Anderson,0,1973-12-31,Georgia,USA,6-6,215.0,10.0,49,Guard-Forward,1996,2005,1996.0,2,25.0,54,Georgia,College/University,,,,
335,Willie Anderson,0,1967-01-08,Georgia,USA,6-8,200.0,8.0,35,Guard-Forward,1988,1996,1988.0,1,10.0,10,Georgia,College/University,,,,
76048,Wally Anderzunas,0,,nan,,,,,,,,,1968.0,6,6.0,70,Creighton,College/University,,,,
101149,Martynas Andriuskevicius,0,1986-03-12,Zalgiris,Lithuania,7-2,240.0,2.0,15,Center,2005,2006,2005.0,2,14.0,44,BC Zalgiris (Lithuania),Other Team/Club,87.0,83.25,27.5,0.0
76049,Don Anielak,0,1930-11-01,Missouri State,USA,6-7,190.0,1.0,12,Forward,1954,1954,1954.0,3,8.0,26,Missouri State,College/University,,,,
1628387,Ike Anigbogu,0,1998-10-16,UCLA,USA,6-10,250.0,3.0,,Center,2017,2018,2017.0,2,17.0,47,California-Los Angeles,College/University,81.75,90.25,32.5,11.0
76050,Michael Ansley,0,1967-02-08,Alabama,USA,6-7,225.0,3.0,54,Forward,1989,1991,1989.0,2,10.0,37,Alabama,College/University,,,,
1512,Chris Anstey,0,1975-01-01,South East Melbourne,Australia,7-0,249.0,2.0,22,Center,1997,1999,1997.0,1,18.0,18,South East Melbourne Magic (Australia),Other Team/Club,,,,
203507,Giannis Antetokounmpo,1,1994-12-06,Filathlitikos,Greece,7-0,243.0,10.0,34,Forward,2013,2023,2013.0,1,15.0,15,Basket Zaragoza 2002 (Spain),Other Team/Club,,,,
1628961,Kostas Antetokounmpo,1,1997-11-20,University of Dayton,Greece,6-10,200.0,4.0,37,Forward,2018,2020,2018.0,2,30.0,60,Dayton,College/University,82.5,86.25,35.0,0.0
203648,Thanasis Antetokounmpo,1,1992-07-18,Panathinaikos,Greece,6-7,219.0,5.0,43,Forward,2015,2023,,,,,,,78.25,84.0,39.5,
2546,Carmelo Anthony,0,1984-05-29,Syracuse,USA,6-7,238.0,20.0,7,Forward,2003,2021,2003.0,1,3.0,3,Syracuse,College/University,,,,
1630175,Cole Anthony,1,2000-05-15,North Carolina,USA,6-3,185.0,3.0,50,Guard,2020,2023,2020.0,1,15.0,15,North Carolina,College/University,,,,
21,Greg Anthony,0,1967-11-15,UNLV,USA,6-1,180.0,11.0,50,Guard,1991,2001,1991.0,1,12.0,12,Nevada-Las Vegas,College/University,,,,
201202,Joel Anthony,0,1982-08-09,UNLV,Canada,6-9,245.0,11.0,30,Center,2007,2016,,,,,,,,,,
203544,Pero Antic,0,1982-07-29,Olympiacos,Macedonia,6-11,260.0,2.0,6,Forward-Center,2013,2014,,,,,,,,,,
1628384,O.G. Anunoby,1,1997-07-17,Indiana,United Kingdom,6-7,232.0,6.0,3,Forward,2017,2023,2017.0,1,23.0,23,Indiana,College/University,79.75,86.25,,
203951,Keith Appling,0,,nan,,,,,,,,,,,,,,,,,,
2737,Rafael Araujo,0,1980-08-12,Brigham Young,Brazil,6-11,270.0,4.0,55,Center,2004,2006,2004.0,1,8.0,8,Brigham Young,College/University,,,,
76053,Stacey Arceneaux,0,1936-02-17,Iowa State,USA,6-4,210.0,1.0,,Forward,1961,1961,,,,,,,,,,
76054,Nate Archibald,0,1948-09-02,Texas-El Paso,USA,6-1,150.0,13.0,1,Guard,1970,1983,1970.0,2,2.0,19,Texas-El Paso,College/University,,,,
2425,Robert Archibald,0,1980-03-29,Illinois,Scotland,6-11,250.0,3.0,34,Forward,2002,2003,2002.0,2,3.0,31,Illinois,College/University,,,,
1627853,Ryan Arcidiacono,1,1994-03-26,Villanova,USA,6-3,195.0,6.0,,Guard,2017,2022,,,,,,,,,,
76055,Jim Ard,0,1948-09-19,Cincinnati,USA,6-9,215.0,4.0,34,Center,1974,1977,1970.0,1,6.0,6,Cincinnati,College/University,,,,
2240,Gilbert Arenas,0,1982-01-06,Arizona,USA,6-4,215.0,12.0,10,Guard,2001,2011,2001.0,2,2.0,30,Arizona,College/University,,81.5,36.0,12.0
2772,Trevor Ariza,0,1985-06-30,UCLA,USA,6-8,215.0,18.0,,Forward,2004,2021,2004.0,2,14.0,43,California-Los Angeles,College/University,80.25,86.0,32.0,8.0
76056,Paul Arizin,0,1928-04-09,Villanova,USA,6-4,190.0,10.0,11,Forward,1950,1961,1950.0,0,0.0,0,Villanova,College/University,,,,
76057,Joe Arlauckas,0,1965-07-20,Niagara,USA,6-9,230.0,1.0,53,Forward,1987,1987,1987.0,4,5.0,74,Niagara,College/University,,,,
769,B.J. Armstrong,0,1967-09-09,Iowa,USA,6-2,185.0,11.0,11,Guard,1989,1999,1989.0,1,18.0,18,Iowa,College/University,,,,
76061,Bob Armstrong,0,,nan,,,,,,,,,,,,,,,,,,
2220,Brandon Armstrong,0,1980-06-16,Pepperdine,USA,6-5,185.0,4.0,1,Guard,2001,2003,2001.0,1,23.0,23,Pepperdine,College/University,,81.5,37.0,6.0
353,Darrell Armstrong,0,1968-06-22,Fayetteville State,USA,6-1,180.0,15.0,10,Guard,1994,2007,,,,,,,,,,
200756,Hilton Armstrong,0,1984-11-23,Connecticut,USA,6-11,235.0,6.0,57,Forward-Center,2006,2013,2006.0,1,12.0,12,Connecticut,College/University,,,,
76060,Paul Armstrong,0,,nan,,,,,,,,,,,,,,,,,,
76059,Tate Armstrong,0,1955-10-05,Duke,USA,6-3,175.0,2.0,14,Guard,1977,1978,1977.0,1,13.0,13,Duke,College/University,,,,
76062,Jesse Arnelle,0,1933-12-30,Penn State,USA,6-5,220.0,1.0,15-18,Forward,1955,1955,,,,,,,,,,
76063,Jay Arnette,0,,nan,,,,,,,,,1960.0,2,1.0,9,Texas,College/University,,,,
76064,Bob Arnzen,0,1947-11-03,Notre Dame,USA,6-5,205.0,1.0,21-30,Forward,1970,1970,1969.0,8,4.0,103,Notre Dame,College/University,,,,
2306,Carlos Arroyo,0,1979-07-30,Florida International,Puerto Rico,6-2,200.0,10.0,45,Guard,2001,2010,,,,,,,,,,
201589,Darrell Arthur,0,1988-03-25,Kansas,USA,6-9,235.0,10.0,00,Forward,2008,2017,2008.0,1,27.0,27,Kansas,College/University,80.5,82.75,30.0,12.0
76065,John Arthurs,0,1947-08-15,Tulane,USA,6-4,185.0,1.0,12,Guard,1969,1969,1969.0,6,2.0,73,Tulane,College/University,,,,
1628503,Jamel Artis,0,1993-01-12,Pittsburgh,USA,6-7,213.0,2.0,0,Guard,2017,2017,,,,,,,78.75,82.0,31.0,5.0
201600,Omer Asik,0,1986-07-04,Fenerbahce,Turkey,7-0,255.0,9.0,3,Center,2010,2017,2008.0,2,6.0,36,Fenerbahce S.K. (Turkey),Other Team/Club,,,,
355,Vincent Askew,0,1966-02-28,Memphis,USA,6-6,210.0,9.0,,Guard,1987,1997,1987.0,2,16.0,39,Memphis,College/University,,,,
173,Keith Askins,0,,nan,,,,,,,,,,,,,,,,,,
76068,Don Asmonga,0,1928-02-15,Alliance,USA,6-2,185.0,1.0,,Guard,1953,1953,,,,,,,,,,
76069,Richard Atha,0,1931-09-21,Indiana State,USA,6-2,190.0,2.0,7,Guard,1955,1957,1953.0,0,0.0,0,Indiana State,College/University,,,,
1088,Chucky Atkins,0,1974-08-14,South Florida,USA,5-11,185.0,12.0,17,Guard,1999,2009,,,,,,,,,,
76070,Alvin Attles,0,,nan,,,,,,,,,1960.0,5,7.0,39,North Carolina A&T,College/University,,,,
76071,Chet Aubuchon,0,1916-05-08,Michigan State,USA,5-10,137.0,1.0,,Guard,1946,1946,,,,,,,,,,
278,Stacey Augmon,0,1968-08-01,UNLV,USA,6-8,213.0,16.0,2,Forward-Guard,1991,2005,1991.0,1,9.0,9,Nevada-Las Vegas,College/University,,,,
201571,D.J. Augustin,0,1987-11-10,Texas-Austin,USA,5-11,183.0,14.0,4,Guard,2008,2023,2008.0,1,9.0,9,Texas,College/University,71.5,75.5,35.0,2.0
200788,James Augustine,0,1984-02-27,Illinois,USA,6-10,235.0,2.0,40,Forward,2006,2007,2006.0,2,11.0,41,Illinois,College/University,,,,
1134,Ike Austin,0,1969-08-18,Arizona State,USA,6-10,288.0,9.0,,Center,1991,2001,1991.0,2,21.0,48,Arizona State,College/University,,,,
76073,John Austin,0,1944-08-31,Boston College,USA,6-0,170.0,1.0,34,Guard,1966,1966,,,,,,,,,,
76074,Ken Austin,0,,nan,,,,,,,,,1983.0,5,8.0,101,Rice,College/University,,,,
1630166,Deni Avdija,1,,nan,,,,,,,,,2020.0,1,9.0,9,Maccabi Tel Aviv B.C. (Israel),Other Team/Club,,,,
138,Anthony Avent,0,1969-10-18,Seton Hall,USA,6-9,240.0,6.0,30,Center,1992,1999,1991.0,1,15.0,15,Seton Hall,College/University,,,,
76076,William Averitt,0,1952-07-22,Pepperdine,USA,6-2,170.0,2.0,15,Guard,1976,1977,1973.0,4,3.0,55,Pepperdine,College/University,,,,
1895,William Avery,0,1979-08-08,Duke,USA,6-2,180.0,4.0,30,Guard,1999,2002,1999.0,1,14.0,14,Duke,College/University,,,,
76078,Dennis Awtrey,0,1948-02-22,Santa Clara,USA,6-10,235.0,12.0,20,Center,1970,1981,1970.0,3,12.0,46,Santa Clara,College/University,,,,
1630555,Joel Ayayi,0,2000-03-05,Gonzaga,France,6-4,180.0,2.0,,Guard,2021,2021,,,,,,,,,,
202970,Gustavo Ayon,0,1985-04-01,Baloncesto Fuenlabrada,Mexico,,,3.0,,,2011,2016,,,,,,,,,,
201965,Jeff Ayres,0,1987-04-29,Arizona State,USA,6-9,250.0,7.0,19,Forward-Center,2009,2015,2009.0,2,1.0,31,Arizona State,College/University,82.0,85.0,35.0,15.0
1629028,Deandre Ayton,1,1998-07-23,Arizona,Bahamas,7-0,250.0,5.0,22,Center,2018,2023,2018.0,1,1.0,1,Arizona,College/University,,,,
101235,Kelenna Azubuike,0,1983-12-16,Kentucky,United Kingdom,6-5,215.0,5.0,4,Guard,2006,2011,,,,,,,,,,
1628962,Udoka Azubuike,1,1999-09-17,Kansas,Nigeria,6-11,270.0,3.0,20,Center-Forward,2020,2023,2020.0,1,27.0,27,Kansas,College/University,84.25,91.0,31.5,11.0
203569,Chris Babb,0,1990-02-14,Iowa State,USA,6-5,225.0,3.0,52,Guard,2013,2014,,,,,,,,,,
202337,Luke Babbitt,0,1989-06-20,Nevada-Reno,USA,6-9,225.0,9.0,22,Forward,2010,2017,2010.0,1,16.0,16,Nevada-Reno,College/University,80.75,83.25,37.5,15.0
76079,Milos Babic,0,1968-11-23,Tennessee Tech,USA,7-0,240.0,2.0,00,Center,1990,1991,1990.0,2,23.0,50,Tennessee Tech,College/University,,,,
76080,Johnny Bach,0,1924-07-10,Fordham,USA,6-2,180.0,1.0,17,Forward,1948,1948,1948.0,0,0.0,0,Fordham,College/University,,,,
1628407,Dwayne Bacon,0,1995-08-30,Florida State,USA,6-6,221.0,5.0,8,Guard-Forward,2017,2020,2017.0,2,10.0,40,Florida State,College/University,78.25,82.0,36.5,8.0
76081,Jim Baechtold,0,1927-12-09,Eastern Kentucky,USA,6-4,205.0,5.0,10,Forward,1952,1956,1952.0,1,0.0,2,Eastern Kentucky,College/University,,,,
2053,Dalibor Bagaric,0,1980-07-02,Benston Zagreb,Croatia,7-1,290.0,4.0,11,Center,2000,2002,2000.0,1,24.0,24,KK Dubrava (Croatia),Other Team/Club,,,,
76082,John Bagley,0,1960-04-23,Boston College,USA,6-0,185.0,11.0,5,Guard,1982,1993,1982.0,1,12.0,12,Boston College,College/University,,,,
1628963,Marvin Bagley III,1,1999-03-14,Duke,USA,6-10,235.0,5.0,35,Forward,2018,2023,2018.0,1,2.0,2,Duke,College/University,,,,
76084,Carl Bailey,0,1958-04-23,Tuskegee,USA,7-0,210.0,1.0,21,Center,1981,1981,1980.0,3,20.0,66,Tuskegee,College/University,,,,
76083,Gus Bailey,0,1951-02-18,Texas-El Paso,USA,6-5,185.0,5.0,20,Guard,1974,1979,1974.0,2,5.0,23,Texas-El Paso,College/University,,,,
76085,James Bailey,0,1957-05-21,Rutgers,USA,6-9,220.0,9.0,2,Forward,1979,1987,1979.0,1,6.0,6,Rutgers,College/University,,,,
1847,Thurl Bailey,0,1961-04-07,North Carolina State,USA,6-11,247.0,12.0,41,Forward,1983,1998,1983.0,1,7.0,7,North Carolina State,College/University,,,,
1753,Toby Bailey,0,1975-11-19,UCLA,USA,6-6,213.0,3.0,11,Guard,1998,2002,1998.0,2,16.0,45,California-Los Angeles,College/University,,,,
203946,Cameron Bairstow,0,,nan,,,,,,,,,,,,,,,81.75,84.75,33.5,
1858,Mark Baker,0,1969-11-11,Ohio State,USA,6-1,175.0,1.0,,Guard,1998,1998,,,,,,,,,,
2486,Maurice Baker,0,1979-07-28,Oklahoma State,USA,6-2,200.0,2.0,,Guard,2002,2004,,,,,,,,,,
76089,Norm Baker,0,1923-02-17,Victoria,Canada,6-0,180.0,1.0,,Guard,1946,1946,,,,,,,,,,
1627758,Ron Baker,0,1993-03-30,Wichita State,USA,6-4,220.0,3.0,,Guard,2016,2018,,,,,,,,,,
452,Vin Baker,0,1971-11-23,Hartford,USA,6-11,240.0,13.0,34,Forward,1993,2005,1993.0,1,8.0,8,Hartford,College/University,,,,
1627735,Wade Baldwin IV,0,1996-03-29,Vanderbilt,USA,6-4,200.0,3.0,,Guard,2016,2018,2016.0,1,17.0,17,Vanderbilt,College/University,,,,
1631116,Patrick Baldwin Jr.,1,2002-11-18,Wisconsin-Milwaukee,USA,6-9,220.0,1.0,7,Forward,2022,2023,2022.0,1,28.0,28,Wisconsin-Milwaukee,College/University,82.25,85.75,26.5,
200764,Renaldo Balkman,0,1984-07-14,South Carolina,USA,6-8,225.0,7.0,,Forward,2006,2011,2006.0,1,20.0,20,South Carolina,College/University,,,,
76090,Cedric Ball,0,1968-04-16,North Carolina-Charlotte,USA,6-8,210.0,1.0,44,Forward,1990,1990,,,,,,,,,,
1630163,LaMelo Ball,1,2001-08-22,Illawarra,USA,6-7,180.0,3.0,1,Guard,2020,2023,2020.0,1,3.0,3,Illawarra (Australia),Other Team/Club,,,,
1629071,LiAngelo Ball,1,1998-11-24,nan,USA,,,0.0,,,,,,,,,,,,,,
1628366,Lonzo Ball,1,1997-10-27,UCLA,USA,6-6,190.0,5.0,2,Guard,2017,2023,2017.0,1,2.0,2,California-Los Angeles,College/University,,,,
76091,Greg Ballard,0,1955-01-29,Oregon,USA,6-7,215.0,11.0,42,Forward,1977,1988,1977.0,1,4.0,4,Oregon,College/University,,,,
76092,Herschel Baltimore,0,1921-06-21,Penn State,USA,6-4,195.0,1.0,,Forward,1946,1946,,,,,,,,,,
1628964,Mo Bamba,1,,nan,,,,,,,,,2018.0,1,6.0,6,Texas,College/University,84.75,94.0,,
1631094,Paolo Banchero,1,2002-11-12,Duke,USA,6-10,250.0,1.0,5,Forward,2022,2023,2022.0,1,1.0,1,Duke,College/University,,,,
1630217,Desmond Bane,1,1998-06-25,TCU,USA,6-5,215.0,3.0,22,Guard,2020,2023,2020.0,1,30.0,30,Texas Christian,College/University,,,,
76093,Gene Banks,0,1959-05-15,Duke,USA,6-7,215.0,6.0,20,Forward,1981,1986,1981.0,2,5.0,28,Duke,College/University,,,,
2556,Marcus Banks,0,1981-11-19,UNLV,USA,6-2,205.0,9.0,15,Guard,2003,2010,2003.0,1,13.0,13,Nevada-Las Vegas,College/University,,,,
76094,Ken Bannister,0,1960-04-01,St. Augustine's,USA,6-9,235.0,5.0,51,Forward,1984,1990,1984.0,7,17.0,156,Saint Augustine's,College/University,,,,
76095,Mike Bantom,0,1951-12-03,St. Joseph's (PA),USA,6-9,200.0,9.0,42,Forward,1973,1981,1973.0,1,8.0,8,Saint Joseph's,College/University,,,,
1630625,Dalano Banton,1,1999-11-07,Nebraska,Canada,6-7,204.0,2.0,45,Forward,2021,2023,2021.0,2,16.0,46,Nebraska,College/University,,,,
1627760,Cat Barber,0,1994-07-25,North Carolina State,USA,6-1,173.0,1.0,,Guard,2021,2021,,,,,,,,,,
76096,John Barber,0,1927-06-27,California State-Los Angeles,USA,6-6,210.0,1.0,25,Forward,1956,1956,1956.0,0,0.0,0,Cal State-Los Angeles,College/University,,,,
2571,Leandro Barbosa,0,,nan,,,,,,,,,2003.0,1,28.0,28,Associacao Bauru Basketball Team (Brazil),Other Team/Club,,,,
76097,Stephen Bardo,0,1968-04-05,Illinois,USA,6-5,190.0,3.0,25,Guard,1991,1995,1990.0,2,14.0,41,Illinois,College/University,,,,
200826,J.J. Barea,0,1984-06-26,Northeastern,Puerto Rico,5-10,180.0,15.0,5,Guard,2006,2019,,,,,,,,,,
200745,Andrea Bargnani,0,,nan,,,,,,,,,2006.0,1,1.0,1,Universo Treviso Basket (Italy),Other Team/Club,,,,
76098,Cliff Barker,0,1921-01-15,Kentucky,USA,6-2,185.0,3.0,,Guard,1949,1951,1949.0,5,0.0,0,Kentucky,College/University,,,,
76099,Tom Barker,0,1955-03-11,Hawaii,USA,6-11,225.0,2.0,6,Center,1976,1978,1976.0,4,2.0,53,Hawaii,College/University,,,,
787,Charles Barkley,0,1963-02-20,Auburn,USA,6-6,252.0,16.0,34,Forward,1984,1999,1984.0,1,5.0,5,Auburn,College/University,,,,
2057,Erick Barkley,0,1978-02-21,St. John's (NY),USA,6-1,185.0,3.0,1,Guard,2000,2002,2000.0,1,28.0,28,St. John's (NY),College/University,,,,
76102,Don Barksdale,0,1923-03-31,UCLA,USA,6-6,200.0,4.0,17,Forward,1951,1954,,,,,,,,,,
1631230,Dominick Barlow,1,2003-05-26,Overtime Elite,USA,6-9,215.0,1.0,26,Forward,2022,2023,,,,,,,81.75,87.0,34.0,
203084,Harrison Barnes,1,1992-05-30,North Carolina,USA,6-8,225.0,11.0,40,Forward,2012,2023,2012.0,1,7.0,7,North Carolina,College/University,80.0,83.25,39.5,15.0
76103,Harry Barnes,0,,nan,,,,,,,,,1968.0,4,1.0,37,Northeastern,College/University,,,,
76105,Jim Barnes,0,1941-04-13,Texas-El Paso,USA,6-8,210.0,7.0,12,Center,1964,1970,1964.0,1,1.0,1,Texas-El Paso,College/University,,,,
76104,Marvin Barnes,0,1952-07-27,Providence,USA,6-9,210.0,4.0,27,Forward,1976,1979,1974.0,1,2.0,2,Providence,College/University,,,,
2440,Matt Barnes,0,1980-03-09,UCLA,USA,6-7,226.0,15.0,22,Forward,2002,2016,2002.0,2,17.0,45,California-Los Angeles,College/University,,,,
1630567,Scottie Barnes,1,2001-08-01,Florida State,USA,6-8,225.0,2.0,4,Forward,2021,2023,2021.0,1,4.0,4,Florida State,College/University,,,,
76107,Dick Barnett,0,,nan,,,,,,,,,1959.0,1,4.0,4,Tennessee State,College/University,,,,
76106,Jim Barnett,0,1944-07-07,Oregon,USA,6-4,170.0,11.0,33,Guard,1966,1976,,,,,,,,,,
76108,John Barnhill,0,1938-03-20,Tennessee State,USA,6-1,180.0,7.0,11,Guard,1962,1968,1959.0,11,6.0,77,Tennessee State,College/University,,,,
76109,Norton Barnhill,0,1953-07-15,Washington State,USA,6-4,205.0,1.0,10,Guard,1976,1976,1976.0,8,12.0,134,Washington State,College/University,,,,
76110,Leo Barnhorst,0,1924-05-11,Notre Dame,USA,6-4,190.0,5.0,8-15,Forward,1949,1953,1949.0,2,0.0,0,Notre Dame,College/University,,,,
76111,John Barr,0,1918-08-18,Penn State,USA,6-3,205.0,1.0,,Forward,1946,1946,,,,,,,,,,
76112,Mike Barr,0,1950-10-19,Duquesne,USA,6-3,180.0,1.0,34,Guard,1976,1976,1972.0,13,6.0,180,Duquesne,College/University,,,,
76113,Thomas Barr,0,,nan,,,,,,,,,,,,,,,,,,
2857,Andre Barrett,0,,nan,,,,,,,,,,,,,,,69.75,73.0,34.5,13.0
76114,Ernie Barrett,0,1929-08-27,Kansas State,USA,,,2.0,,,1953,2008,1951.0,1,7.0,7,Kansas State,College/University,,,,
1629628,RJ Barrett,1,2000-06-14,Duke,Canada,6-6,214.0,4.0,9,Forward-Guard,2019,2023,2019.0,1,3.0,3,Duke,College/University,,,,
2853,Earl Barron,0,1981-08-14,Memphis,USA,7-0,250.0,9.0,30,Forward-Center,2005,2014,,,,,,,,,,
344,Dana Barros,0,1967-04-13,Boston College,USA,5-11,165.0,15.0,,Guard,1989,2003,1989.0,1,16.0,16,Boston College,College/University,,,,
699,Brent Barry,0,1971-12-31,Oregon State,USA,6-7,210.0,15.0,17,Guard,1995,2008,1995.0,1,15.0,15,Oregon State,College/University,,,,
1003,Drew Barry,0,1973-02-17,Georgia Tech,USA,6-5,191.0,3.0,10,Guard,1997,1999,1996.0,2,28.0,57,Georgia Tech,College/University,,,,
468,Jon Barry,0,1969-07-25,Georgia Tech,USA,6-5,210.0,14.0,,Guard,1992,2005,1992.0,1,21.0,21,Georgia Tech,College/University,,,,
600013,Rick Barry,0,1944-03-28,Miami,USA,6-7,205.0,10.0,24,Forward,1965,1979,1965.0,1,2.0,2,Miami (FL),College/University,,,,
76117,Ed Bartels,0,1925-10-08,North Carolina State,USA,6-6,195.0,2.0,,Forward,1949,1950,,,,,,,,,,
76118,Vic Bartolome,0,1948-09-29,Oregon State,USA,7-0,230.0,1.0,20,Center,1971,1971,1970.0,6,2.0,87,Oregon State,College/University,,,,
203115,Will Barton,1,1991-01-06,Memphis,USA,6-5,181.0,11.0,1,Guard,2012,2023,2012.0,2,10.0,40,Memphis,College/University,78.0,81.75,34.0,0.0
101188,Eddie Basden,0,1983-02-15,North Carolina-Charlotte,USA,6-5,215.0,2.0,13,Guard,2005,2005,,,,,,,77.5,82.25,36.5,14.0
76119,Jerry Baskerville,0,,nan,,,,,,,,,,,,,,,,,,
101138,Brandon Bass,0,1985-04-30,Louisiana State,USA,6-8,250.0,13.0,30,Forward,2005,2016,2005.0,2,3.0,33,Louisiana State,College/University,79.25,86.5,33.0,18.0
1628238,Paris Bass,0,1995-08-29,Detroit Mercy,USA,6-8,200.0,2.0,,Forward,2021,2021,,,,,,,,,,
76120,Tim Bassett,0,1951-04-01,Georgia,USA,6-8,225.0,4.0,21,Forward,1976,1979,1973.0,7,3.0,106,Georgia,College/University,,,,
1629646,Charles Bassey,1,2000-10-28,Western Kentucky,Nigeria,6-9,230.0,2.0,28,Center-Forward,2021,2023,2021.0,2,23.0,53,Western Kentucky,College/University,82.0,87.5,33.0,7.0
1766,Maceo Baston,0,1976-05-29,Michigan,USA,6-10,230.0,5.0,9,Forward,2002,2008,1998.0,2,29.0,58,Michigan,College/University,,,,
2370,Mengke Bateer,0,1975-11-20,Beijing,China,6-11,290.0,4.0,,Center,2001,2003,,,,,,,,,,
76121,Billyray Bates,0,1956-05-31,Kentucky State,USA,6-4,210.0,4.0,35,Guard,1979,1982,1978.0,3,3.0,47,Kentucky State,College/University,,,,
1628966,Keita Bates-Diop,1,,nan,,,,,,,,,2018.0,2,18.0,48,Ohio State,College/University,80.5,87.25,35.0,11.0
101212,Esteban Batista,0,,nan,,,,,,,,,,,,,,,,,,
2471,Mike Batiste,0,,nan,,,,,,,,,,,,,,,,,,
1499,Tony Battie,0,1976-02-11,Texas Tech,USA,6-11,240.0,15.0,4,Center,1997,2011,1997.0,1,5.0,5,Texas Tech,College/University,,,,
2203,Shane Battier,0,1978-09-09,Duke,USA,6-8,220.0,13.0,31,Forward,2001,2013,2001.0,1,6.0,6,Duke,College/University,,82.5,33.0,12.0
174,John Battle,0,,nan,,,,,,,,,1985.0,4,14.0,84,Rutgers,College/University,,,,
76123,Kenny Battle,0,,nan,,,,,,,,,1989.0,1,27.0,27,Illinois,College/University,,,,
76124,Dave Batton,0,1956-03-26,Notre Dame,USA,6-10,240.0,2.0,45,Center,1982,1983,1978.0,3,18.0,62,Notre Dame,College/University,,,,
201587,Nicolas Batum,1,1988-12-14,Le Mans,France,6-8,230.0,15.0,33,Guard-Forward,2008,2023,2008.0,1,25.0,25,Le Mans Sarthe Basket (France),Other Team/Club,,,,
76125,Johnny Baum,0,1946-06-17,Temple,USA,6-5,200.0,2.0,14,Forward,1969,1970,1968.0,15,6.0,187,Temple,College/University,,,,
76126,Frankie Baumholtz,0,1918-10-07,Ohio,USA,5-10,170.0,1.0,,Guard,1946,1946,,,,,,,,,,
2437,Lonny Baxter,0,1979-01-27,Maryland,USA,6-8,260.0,4.0,35,Forward,2002,2005,2002.0,2,15.0,43,Maryland,College/University,,,,
201573,Jerryd Bayless,0,,nan,,,,,,,,,2008.0,1,11.0,11,Arizona,College/University,75.0,75.5,38.0,10.0
76127,Elgin Baylor,0,1934-09-16,Seattle,USA,6-5,225.0,14.0,22,Forward,1958,1971,1956.0,0,0.0,0,Seattle,College/University,,,,
203382,Aron Baynes,0,1986-12-09,Washington State,Australia,6-10,260.0,10.0,46,Center-Forward,2012,2020,,,,,,,,,,
76128,Sergei Bazarevich,0,1965-03-15,Tofas S.K.,Russia,6-2,168.0,1.0,5,Guard,1994,1994,,,,,,,,,,
203145,Kent Bazemore,1,1989-07-01,Old Dominion,USA,6-4,195.0,11.0,9,Guard-Forward,2012,2021,,,,,,,,,,
1629647,Darius Bazley,1,2000-06-12,Princeton HS (OH),USA,6-9,216.0,4.0,55,Forward,2019,2023,2019.0,1,23.0,23,Princeton,High School,81.0,84.0,37.0,4.0
76129,Ed Beach,0,1929-01-25,West Virginia,USA,6-3,200.0,1.0,,Forward,1950,1950,1950.0,5,0.0,0,West Virginia,College/University,,,,
203078,Bradley Beal,1,1993-06-28,Florida,USA,6-4,207.0,11.0,3,Guard,2012,2023,2012.0,1,3.0,3,Florida,College/University,76.75,80.0,39.0,8.0
76130,Butch Beard,0,1947-05-04,Louisville,USA,6-3,185.0,9.0,9,Guard,1969,1978,1969.0,1,10.0,10,Louisville,College/University,,,,
76131,Ralph Beard,0,1927-12-02,Kentucky,USA,5-10,175.0,2.0,,Guard,1949,1950,1949.0,2,0.0,0,Kentucky,College/University,,,,
2602,Jerome Beasley,0,1980-05-17,North Dakota,USA,6-9,237.0,2.0,24,Forward,2003,2003,2003.0,2,4.0,33,North Dakota,College/University,,,,
1627736,Malik Beasley,1,1996-11-26,Florida State,USA,6-4,187.0,7.0,5,Guard,2016,2023,2016.0,1,19.0,19,Florida State,College/University,,,,
201563,Michael Beasley,0,,nan,,,,,,,,,2008.0,1,2.0,2,Kansas State,College/University,80.25,84.25,35.0,19.0
76133,Zelmo Beaty,0,1939-10-25,Prairie View A&M,USA,6-9,225.0,8.0,31,Center,1962,1974,1962.0,1,3.0,3,Prairie View A&M,College/University,,,,
201958,Rodrigue Beaubois,0,1988-02-24,Cholet,France,6-2,185.0,5.0,3,Guard,2009,2012,2009.0,1,25.0,25,Cholet Basket (France),Other Team/Club,74.25,81.75,39.0,3.0
1630699,MarJon Beauchamp,1,2000-10-12,NBA G League Ignite,USA,6-7,199.0,1.0,0,Forward,2021,2023,2022.0,1,24.0,24,Ignite (G League),Other Team/Club,78.5,84.75,,
76134,Byron Beck,0,1945-01-25,Denver,USA,6-9,225.0,1.0,40,Center,1976,1976,1967.0,2,3.0,15,Denver,College/University,,,,
1133,Corey Beck,0,1971-05-27,Arkansas,USA,6-3,200.0,3.0,15,Guard,1995,1998,,,,,,,,,,
76136,Ernie Beck,0,1931-12-11,Pennsylvania,USA,6-4,190.0,7.0,12,Guard,1953,1960,1953.0,0,0.0,0,Pennsylvania,College/University,,,,
76137,Moe Becker,0,1917-02-24,Duquesne,USA,6-1,185.0,1.0,,Guard,1946,1946,,,,,,,,,,
76138,William Bedford,0,,nan,,,,,,,,,1986.0,1,6.0,6,Memphis,College/University,,,,
76139,Hank Beenders,0,,nan,,,,,,,,,,,,,,,,,,
76140,Ron Behagen,0,1951-01-14,Minnesota,USA,6-9,185.0,7.0,12,Forward,1973,1979,1973.0,1,7.0,7,Minnesota,College/University,,,,
76141,Elmer Behnke,0,1929-02-03,Bradley,USA,6-7,210.0,1.0,,Center,1951,1951,1951.0,4,8.0,37,Bradley,College/University,,,,
201158,Marco Belinelli,0,,nan,,,,,,,,,2007.0,1,18.0,18,Fortitudo Pallacanestro Bologna (Italy),Other Team/Club,,,,
2294,Charlie Bell,0,,nan,,,,,,,,,,,,,,,,79.5,38.0,15.0
76142,Dennis Bell,0,1951-06-02,Drake,USA,6-5,185.0,3.0,46,Forward,1973,1975,1973.0,5,14.0,83,Drake,College/University,,,,
1628395,Jordan Bell,0,1995-01-07,Oregon,USA,6-7,216.0,5.0,,Forward,2017,2021,2017.0,2,8.0,38,Oregon,College/University,80.5,83.75,38.0,16.0
1952,Raja Bell,0,1976-09-19,Florida International,US Virgin Islands,6-5,210.0,13.0,19,Guard,2000,2011,,,,,,,,,,
2559,Troy Bell,0,1980-11-10,Boston College,USA,6-1,180.0,2.0,3,Guard,2003,2003,2003.0,1,16.0,16,Boston College,College/University,,,,
76143,William Bell,0,1932-09-13,North Carolina State,USA,6-0,180.0,2.0,15,Guard,1959,1960,,,,,,,,,,
76144,Walt Bellamy,0,1939-07-24,Indiana,USA,6-10,225.0,14.0,8,Center,1961,1974,1961.0,1,1.0,1,Indiana,College/University,,,,
1627761,DeAndre' Bembry,0,1994-07-04,St. Joseph's (PA),USA,6-5,210.0,6.0,,Guard-Forward,2016,2021,2016.0,1,21.0,21,Saint Joseph's,College/University,,,,
76145,Irv Bemoras,0,1930-11-18,Illinois,USA,6-3,185.0,2.0,26,Forward,1953,1956,1953.0,0,0.0,0,Illinois,College/University,,,,
76146,Leon Benbow,0,1950-07-23,Jacksonville,USA,6-4,185.0,2.0,5,Guard,1974,1975,1974.0,2,9.0,27,Jacksonville,College/University,,,,
1627733,Dragan Bender,0,1997-11-17,Maccabi Tel Aviv,Croatia,7-0,249.0,4.0,,Forward,2016,2019,2016.0,1,4.0,4,Maccabi Tel Aviv B.C. (Israel),Other Team/Club,,,,
1886,Jonathan Bender,0,1981-01-30,Picayune HS (MS),USA,7-0,230.0,9.0,9,Forward,1999,2009,1999.0,1,5.0,5,Picayune Memorial,High School,,,,
203968,Jerrelle Benimon,0,1991-08-01,Towson,USA,,,1.0,,,2014,2014,,,,,,,,,,
104,Benoit Benjamin,0,1964-11-22,Creighton,USA,7-0,250.0,15.0,,Center,1985,1999,1985.0,1,3.0,3,Creighton,College/University,,,,
1736,Corey Benjamin,0,1978-02-24,Oregon State,USA,6-6,200.0,5.0,,Guard,1998,2002,1998.0,1,28.0,28,Oregon State,College/University,,,,
203461,Anthony Bennett,0,1993-03-14,UNLV,Canada,6-8,235.0,5.0,,Forward,2013,2016,2013.0,1,1.0,1,Nevada-Las Vegas,College/University,,,,
1120,Elmer Bennett,0,1970-02-13,Notre Dame,USA,6-0,170.0,3.0,,Guard,1994,1996,1992.0,2,11.0,38,Notre Dame,College/University,,,,
712,Mario Bennett,0,1973-08-01,Arizona State,USA,6-9,235.0,5.0,24,Center-Forward,1995,2002,1995.0,1,27.0,27,Arizona State,College/University,,,,
76151,Mel Bennett,0,,nan,,,,,,,,,,,,,,,,,,
76148,Tony Bennett,0,1969-06-01,Wisconsin-Green Bay,USA,6-0,175.0,3.0,25,Guard,1992,1994,1992.0,2,8.0,35,Wisconsin-Green Bay,College/University,,,,
76152,Winston Bennett,0,1965-02-09,Kentucky,USA,6-7,210.0,3.0,30,Guard,1989,1991,1988.0,3,14.0,64,Kentucky,College/University,,,,
128,David Benoit,0,1968-05-09,Alabama,USA,6-8,220.0,7.0,21,Forward,1991,2000,,,,,,,,,,
202728,Keith Benson,0,1988-08-13,Oakland,USA,6-11,230.0,2.0,,Forward-Center,2011,2011,2011.0,2,18.0,48,Oakland,College/University,83.0,87.75,36.0,12.0
76154,Kent Benson,0,1954-12-27,Indiana,USA,6-11,235.0,11.0,54,Center,1977,1987,1977.0,1,1.0,1,Indiana,College/University,,,,
1627791,Ben Bentil,0,1995-03-29,Providence,Ghana,6-9,235.0,1.0,,Forward,2016,2016,2016.0,2,21.0,51,Providence,College/University,,,,
76155,Gene Berce,0,1926-11-22,Marquette,USA,5-11,175.0,1.0,,Guard,1949,1949,1948.0,0,0.0,0,Marquette,College/University,,,,
76156,Gary Bergen,0,1932-07-16,Utah,USA,6-8,210.0,1.0,18,Center,1956,1956,1956.0,0,0.0,0,Utah,College/University,,,,
1631262,Jules Bernard,1,2000-01-21,UCLA,USA,,,0.0,,,,,,,,,,,,,,
76157,Ricky Berry,0,1964-10-06,San Jose State,USA,6-8,205.0,1.0,34,Forward,1988,1988,1988.0,1,18.0,18,San Jose State,College/University,,,,
76158,Walter Berry,0,1964-05-14,St. John's (NY),USA,6-8,215.0,3.0,6,Forward,1986,1988,1986.0,1,14.0,14,St. John's (NY),College/University,,,,
1629541,Dairis Bertans,0,1989-09-09,Olimpia Milano,Latvia,6-4,200.0,2.0,9,Guard,2018,2018,,,,,,,,,,
202722,Davis Bertans,1,1992-11-12,Baskonia,Latvia,6-10,225.0,7.0,44,Forward,2016,2023,2011.0,2,12.0,42,KK Olimpija (Slovenia),Other Team/Club,,,,
76159,Del Beshore,0,,nan,,,,,,,,,,,,,,,,,,
696,Travis Best,0,1972-07-12,Georgia Tech,USA,5-11,182.0,11.0,6,Guard,1995,2004,1995.0,1,23.0,23,Georgia Tech,College/University,,,,
201976,Patrick Beverley,1,1988-07-12,Arkansas,USA,6-2,180.0,11.0,21,Guard,2012,2023,2009.0,2,12.0,42,BC Dnipro (Ukraine),Other Team/Club,,,,
1630180,Saddiq Bey,1,1999-04-09,Villanova,USA,6-7,215.0,3.0,41,Forward,2020,2023,2020.0,1,19.0,19,Villanova,College/University,,,,
1630189,Tyler Bey,0,1998-02-10,Colorado,USA,6-7,215.0,2.0,2,Forward,2020,2020,2020.0,2,6.0,36,Colorado,College/University,79.0,85.25,43.5,
204021,Sim Bhullar,0,1992-12-02,New Mexico State,Canada,7-5,360.0,1.0,,Center,2014,2014,,,,,,,,,,
76160,Al Bianchi,0,,nan,,,,,,,,,1954.0,2,9.0,18,Bowling Green,College/University,,,,
76161,Hank Biasatti,0,,nan,,,,,,,,,1947.0,0,0.0,0,Long Island-Brooklyn,College/University,,,,
76162,Henry Bibby,0,1949-11-24,UCLA,USA,6-1,185.0,9.0,10-15,Guard,1972,1980,1972.0,4,11.0,58,California-Los Angeles,College/University,,,,
1710,Mike Bibby,0,1978-05-13,Arizona,USA,6-2,195.0,15.0,20,Guard,1998,2011,1998.0,1,2.0,2,Arizona,College/University,,,,
76163,Ed Biedenbach,0,1945-08-12,North Carolina State,USA,6-1,175.0,1.0,12,Guard,1968,1968,1967.0,9,5.0,96,North Carolina State,College/University,,,,
2740,Andris Biedrins,0,1986-04-02,BK Skonto,Latvia,7-0,250.0,10.0,,Center,2004,2013,2004.0,1,11.0,11,BK Skonto (Latvia),Other Team/Club,,,,
76164,Don Bielke,0,1933-01-01,Valparaiso,USA,6-7,240.0,1.0,18,Center,1955,1955,1954.0,8,4.0,67,Valparaiso,College/University,,,,
76165,Bob Bigelow,0,1953-12-26,Pennsylvania,USA,6-7,215.0,4.0,32,Forward,1975,1978,1975.0,1,13.0,13,Pennsylvania,College/University,,,,
1497,Chauncey Billups,0,1976-09-25,Colorado,USA,6-3,210.0,17.0,1,Guard,1997,2013,1997.0,1,3.0,3,Colorado,College/University,,,,
76166,Dave Bing,0,,nan,,,,,,,,,,,,,,,,,,
1631234,Marcus Bingham Jr.,1,2000-07-14,Michigan State,USA,,,0.0,,,,,,,,,,,,,,
76167,Joe Binion,0,1961-03-26,North Carolina A&T,USA,6-8,235.0,1.0,50,Forward,1986,1986,1984.0,3,10.0,57,North Carolina A&T,College/University,,,,
203920,Khem Birch,1,1992-09-28,UNLV,Canada,6-8,233.0,6.0,24,Center,2017,2023,,,,,,,81.25,85.0,35.5,
1628444,Jabari Bird,0,1994-07-03,California,USA,6-6,198.0,2.0,26,Guard,2017,2017,2017.0,2,26.0,56,California,College/University,,,,
76168,Jerry Bird,0,1935-02-02,Kentucky,USA,6-6,210.0,1.0,7,Forward,1958,1958,1956.0,0,0.0,0,Kentucky,College/University,,,,
1449,Larry Bird,0,1956-12-07,Indiana State,USA,6-9,220.0,13.0,33,Forward,1979,1991,1978.0,1,6.0,6,Indiana State,College/University,,,,
76170,Otis Birdsong,0,1955-12-09,Houston,USA,6-3,190.0,12.0,12,Guard,1977,1988,1977.0,1,2.0,2,Houston,College/University,,,,
76171,Gale Bishop,0,1922-06-04,Washington State,USA,6-3,195.0,1.0,11,Forward,1948,1948,,,,,,,,,,
1629048,Goga Bitadze,1,1999-07-20,Mega Basket,Georgia,6-11,250.0,4.0,88,Center-Forward,2019,2023,2019.0,1,18.0,18,KK Mega Leks (Serbia),Other Team/Club,,,,
202687,Bismack Biyombo,1,1992-08-28,Baloncesto Fuenlabrada,DRC,6-8,255.0,12.0,18,Center,2011,2023,2011.0,1,7.0,7,Baloncesto Fuenlabrada (Spain),Other Team/Club,,,,
202357,Nemanja Bjelica,0,1988-05-09,                                   ,Serbia,6-9,234.0,8.0,8,Forward,2015,2021,2010.0,2,5.0,35,KK Crvena zvezda (Serbia),Other Team/Club,,,,
76172,Uwe Blab,0,1962-03-26,Indiana,USA,7-1,252.0,5.0,33,Center,1985,1989,1985.0,1,17.0,17,Indiana,College/University,,,,
76173,Charlie Black,0,1921-06-15,Kansas,USA,6-4,200.0,3.0,21,Forward,1948,1951,,,,,,,,,,
76174,Norman Black,0,1957-11-12,St. Joseph's (PA),USA,6-5,185.0,1.0,,Guard,1980,1980,,,,,,,,,,
204028,Tarik Black,0,1991-11-22,Kansas,USA,6-9,250.0,5.0,28,Forward-Center,2014,2017,,,,,,,,,,
76175,Tom Black,0,1941-07-09,South Dakota State,USA,6-10,220.0,1.0,24,Center,1970,1970,1964.0,9,2.0,72,South Dakota State,College/University,,,,
76176,Rolando Blackman,0,,nan,,,,,,,,,1981.0,1,9.0,9,Kansas State,College/University,,,,
76180,Alex Blackwell,0,1970-06-27,Monmouth,USA,6-6,250.0,1.0,30,Forward,1992,1992,,,,,,,,,,
76177,Cory Blackwell,0,1963-03-27,Wisconsin,USA,6-6,210.0,1.0,30,Forward,1984,1984,1984.0,2,4.0,28,Wisconsin,College/University,,,,
1806,James Blackwell,0,1968-02-25,Dartmouth,USA,6-0,190.0,1.0,8,Guard,1994,1994,,,,,,,,,,
76179,Nate Blackwell,0,1965-02-15,Temple,USA,6-4,170.0,1.0,3,Guard,1987,1987,1987.0,2,4.0,27,Temple,College/University,,,,
201971,DeJuan Blair,0,1989-04-22,Pittsburgh,USA,6-7,270.0,7.0,,Center-Forward,2009,2015,2009.0,2,7.0,37,Pittsburgh,College/University,78.5,86.0,33.0,18.0
2581,Steve Blake,0,1980-02-26,Maryland,USA,6-3,172.0,14.0,22,Guard,2003,2015,2003.0,2,9.0,38,Maryland,College/University,,,,
202392,Marqus Blakely,0,1988-10-22,Vermont,USA,6-5,225.0,2.0,15,Forward,2010,2010,,,,,,,,,,
1628469,Antonio Blakeney,0,1996-10-04,Louisiana State,USA,6-4,192.0,3.0,9,Guard,2017,2018,,,,,,,,,,
200807,Will Blalock,0,1983-09-08,Iowa State,USA,6-0,205.0,2.0,8,Guard,2006,2006,2006.0,2,30.0,60,Iowa State,College/University,,,,
76182,George Blaney,0,1939-11-12,Holy Cross,USA,6-1,175.0,1.0,15,Guard,1961,1961,1961.0,4,1.0,33,Holy Cross,College/University,,,,
76183,Lance Blanks,0,1966-09-09,Texas-Austin,USA,6-4,190.0,3.0,21,Guard,1990,1992,1990.0,1,26.0,26,Texas,College/University,,,,
76184,Ricky Blanton,0,1966-04-21,Louisiana State,USA,6-7,215.0,1.0,17,Forward,1992,1992,1989.0,2,19.0,46,Louisiana State,College/University,,,,
101154,Andray Blatche,0,1986-08-22,South Kent HS (CT),USA,6-11,260.0,9.0,0,Center-Forward,2005,2013,2005.0,2,19.0,49,South Kent School,High School,,,,
302,Mookie Blaylock,0,1967-03-20,Oklahoma,USA,,,13.0,,Guard,1989,2001,1989.0,1,12.0,12,Oklahoma,College/University,,,,
202339,Eric Bledsoe,0,1989-12-09,Kentucky,USA,6-1,214.0,13.0,5,Guard,2010,2021,2010.0,1,18.0,18,Kentucky,College/University,73.5,79.5,,9.0
1629833,Keljin Blevins,0,1995-11-24,Montana State,USA,6-4,200.0,3.0,21,Guard,2020,2021,,,,,,,,,,
76186,Leon Blevins,0,1926-06-25,Arizona,USA,6-2,160.0,1.0,,Guard,1950,1950,1950.0,7,0.0,0,Arizona,College/University,,,,
76187,John Block,0,1944-04-16,Southern California,USA,6-10,207.0,10.0,35,Forward,1966,1975,,,,,,,,,,
76188,Mike Bloom,0,1915-01-14,Temple,USA,6-6,190.0,2.0,11,Center,1947,1948,,,,,,,,,,
1628417,Jaron Blossomgame,0,1993-09-16,Clemson,USA,6-8,220.0,2.0,4,Forward,2018,2018,2017.0,2,29.0,59,Clemson,College/University,78.75,82.0,35.5,16.0
916,Corie Blount,0,1969-01-04,Cincinnati,USA,6-10,242.0,12.0,44,Forward-Center,1993,2003,1993.0,1,25.0,25,Cincinnati,College/University,,,,
1548,Mark Blount,0,1975-11-30,Pittsburgh,USA,7-0,250.0,10.0,15,Center-Forward,2000,2008,1997.0,2,26.0,54,Pittsburgh,College/University,,,,
203505,Vander Blue,0,1992-07-17,Marquette,USA,6-5,200.0,3.0,,Guard,2013,2017,,,,,,,77.25,78.0,37.5,4.0
1629129,Trevon Bluiett,0,1994-11-04,Xavier,USA,6-6,198.0,2.0,5,Guard-Forward,2018,2018,,,,,,,,,,
76189,Ray Blume,0,1958-09-23,Oregon State,USA,6-4,185.0,1.0,22,Guard,1981,1981,1981.0,2,13.0,36,Oregon State,College/University,,,,
76190,Nelson Bobb,0,1924-02-25,Temple,USA,6-0,170.0,4.0,5,Guard,1949,1952,1949.0,3,0.0,0,Temple,College/University,,,,
2800,Tony Bobbitt,0,1979-10-22,Cincinnati,USA,6-4,190.0,2.0,,Guard,2004,2004,,,,,,,76.0,79.0,,1.0
76191,Arlen Bockhorn,0,1933-07-08,Dayton,USA,6-4,200.0,7.0,11,Guard,1958,1964,1958.0,3,2.0,17,Dayton,College/University,,,,
1631205,Buddy Boeheim,1,1999-11-11,Syracuse,USA,6-6,205.0,1.0,27,Forward,2022,2023,,,,,,,,,,
76192,Tom Boerwinkle,0,,nan,,,,,,,,,1968.0,1,4.0,4,Tennessee,College/University,,,,
2586,Keith Bogans,0,1980-05-12,Kentucky,USA,6-5,215.0,11.0,4,Guard-Forward,2003,2013,2003.0,2,14.0,43,Kentucky,College/University,,,,
203992,Bogdan Bogdanovic,1,,nan,,,,,,,,,,,,,,,,,,
202711,Bojan Bogdanovic,1,1989-04-18,Fenerbahce,Croatia,6-7,226.0,9.0,44,Forward,2014,2023,2011.0,2,1.0,31,KK Partizan (Serbia),Other Team/Club,,,,
177,Muggsy Bogues,0,1965-01-09,Wake Forest,USA,,,14.0,,Guard,1987,2000,1987.0,1,12.0,12,Wake Forest,College/University,,,,
101106,Andrew Bogut,0,1984-11-28,Utah,Australia,7-0,260.0,15.0,12,Center,2005,2018,2005.0,1,1.0,1,Utah,College/University,84.25,87.0,33.5,13.0
1564,Etdrick Bohannon,0,1973-05-29,Auburn-Montgomery,USA,,,4.0,,Forward,1997,2000,,,,,,,,,,
1629626,Bol Bol,1,1999-11-16,Oregon,Sudan,7-2,220.0,4.0,10,Center-Forward,2019,2023,2019.0,2,14.0,44,Oregon,College/University,86.5,91.0,,
76195,Manute Bol,0,1962-10-16,Bridgeport,USA,7-6,200.0,10.0,1,Center,1985,1994,1983.0,5,4.0,97,Bridgeport,College/University,,,,
1628413,Jonah Bolden,0,1996-01-02,UCLA,Australia,6-8,225.0,2.0,,Forward,2018,2019,2017.0,2,6.0,36,Red Star Belgrade (Serbia),Other Team/Club,,,,
1629716,Marques Bolden,1,1998-04-17,Duke,USA,6-10,249.0,3.0,,Center,2019,2020,,,,,,,,,,
76196,Bill Bolger,0,1931-08-21,Georgetown,USA,6-5,205.0,1.0,,Forward,1953,1953,1953.0,0,0.0,0,Georgetown,College/University,,,,
1630195,Leandro Bolmaro,1,2000-09-11,nan,Argentina,6-6,200.0,2.0,,Forward,2021,2022,2020.0,1,23.0,23,FC Barcelona Basquet (Spain),Other Team/Club,,,,
1627762,Joel Bolomboy,0,,nan,,,,,,,,,2016.0,2,22.0,52,Weber State,College/University,,,,
76197,Doug Bolstorff,0,1931-10-29,Minnesota,USA,6-4,195.0,1.0,8,Guard,1957,1957,1957.0,8,2.0,57,Minnesota,College/University,,,,
76203,George H. Bon Salle,0,1935-07-01,Illinois,USA,6-8,220.0,1.0,33,Forward,1961,1961,1957.0,1,7.0,7,Illinois,College/University,,,,
76198,Phil Bond,0,1954-07-27,Louisville,USA,6-2,175.0,1.0,30,Guard,1977,1977,1977.0,3,18.0,62,Louisville,College/University,,,,
1603,Walter Bond,0,1969-02-01,Minnesota,USA,6-5,200.0,3.0,20,Guard,1992,1994,,,,,,,,,,
1629648,Jordan Bone,0,1997-11-05,Tennessee,USA,6-2,180.0,2.0,,Guard,2019,2020,2019.0,2,27.0,57,Tennessee,College/University,74.75,75.25,42.5,7.0
1121,Dexter Boney,0,1970-04-27,UNLV,USA,6-4,185.0,1.0,,Guard,1996,1996,,,,,,,,,,
1629067,Isaac Bonga,0,1999-11-08,Skyliners Frankfurt,Germany,6-8,180.0,5.0,17,Guard,2018,2021,2018.0,2,9.0,39,Fraport Skyliners (Germany),Other Team/Club,,,,
76201,Ron Bonham,0,1942-05-31,Cincinnati,USA,6-4,192.0,2.0,21,Forward,1964,1965,1964.0,2,9.0,16,Cincinnati,College/University,,,,
41,Anthony Bonner,0,1968-06-08,St. Louis,USA,6-8,230.0,7.0,33,Forward,1990,2002,1990.0,1,23.0,23,Saint Louis,College/University,,,,
2588,Matt Bonner,0,1980-04-05,Florida,USA,6-10,235.0,13.0,15,Center-Forward,2004,2015,2003.0,2,16.0,45,Florida,College/University,,,,
1626164,Devin Booker,1,1996-10-30,Kentucky,USA,6-5,206.0,8.0,1,Guard,2015,2023,2015.0,1,13.0,13,Kentucky,College/University,77.75,80.25,34.5,8.0
511,Melvin Booker,0,,nan,,,,,,,,,,,,,,,,,,
202344,Trevor Booker,0,1987-11-25,Clemson,USA,6-8,228.0,8.0,20,Forward,2010,2017,2010.0,1,23.0,23,Clemson,College/University,79.5,81.75,36.0,22.0
200767,Josh Boone,0,1984-11-21,Connecticut,USA,6-10,240.0,5.0,2,Forward-Center,2006,2009,2006.0,1,23.0,23,Connecticut,College/University,,,,
76204,Ron Boone,0,1946-09-06,Idaho State,USA,6-2,200.0,5.0,24,Guard,1976,1980,1968.0,11,13.0,147,Idaho State,College/University,,,,
1916,Calvin Booth,0,1976-05-07,Penn State,USA,6-11,230.0,11.0,52,Center,1999,2008,1999.0,2,6.0,35,Penn State,College/University,,,,
1522,Keith Booth,0,1974-10-09,Maryland,USA,6-6,226.0,2.0,22,Forward,1997,1998,1997.0,1,28.0,28,Maryland,College/University,,,,
76206,Bob Boozer,0,1937-04-26,Kansas State,USA,6-8,215.0,11.0,20,Forward,1960,1970,1959.0,1,1.0,1,Kansas State,College/University,,,,
2430,Carlos Boozer,0,1981-11-20,Duke,USA,6-9,258.0,13.0,5,Forward,2002,2014,2002.0,2,6.0,34,Duke,College/University,,,,
2414,Curtis Borchardt,0,,nan,,,,,,,,,2002.0,1,18.0,18,Stanford,College/University,,,,
76207,Jake Bornheimer,0,1927-06-29,Muhlenberg,USA,6-5,200.0,2.0,15,Forward,1948,1949,,,,,,,,,,
1953,Lazaro Borrell,0,1972-09-20,Villa Clara,Cuba,6-8,220.0,1.0,11,Forward,1999,1999,,,,,,,,,,
76209,Costic Borsavage,0,1924-07-25,Temple,USA,6-8,220.0,1.0,19,Center,1950,1950,1950.0,5,0.0,0,Temple,College/University,,,,
76210,Vince Boryla,0,1927-03-11,Denver,USA,6-5,210.0,5.0,12,Forward,1949,1953,,,,,,,,,,
2547,Chris Bosh,0,1984-03-24,Georgia Tech,USA,6-11,235.0,14.0,1,Forward,2003,2016,2003.0,1,4.0,4,Georgia Tech,College/University,,,,
76211,Jim Bostic,0,,nan,,,,,,,,,1975.0,8,13.0,139,New Mexico State,College/University,,,,
1630527,Brandon Boston,1,2001-11-28,Kentucky,USA,6-6,188.0,2.0,4,Guard,2021,2023,2021.0,2,21.0,51,Kentucky,College/University,,,,
76212,Lawrence Boston,0,1956-05-18,Maryland,USA,6-8,225.0,1.0,4,Forward,1979,1979,1978.0,4,15.0,81,Maryland,College/University,,,,
76213,Tom Boswell,0,1953-10-02,South Carolina,USA,6-8,220.0,6.0,33,Forward,1975,1983,1975.0,1,17.0,17,South Carolina,College/University,,,,
1628449,Chris Boucher,1,1993-01-11,Oregon,Saint Lucia,6-9,200.0,6.0,25,Forward-Center,2017,2023,,,,,,,81.5,88.0,,
1630547,James Bouknight,1,,nan,,,,,,,,,2021.0,1,11.0,11,Connecticut,College/University,,,,
2257,Ruben Boumtje-Boumtje,0,1978-05-20,Georgetown,USA,7-0,257.0,4.0,44,Center,2001,2003,2001.0,2,21.0,49,Georgetown,College/University,,88.0,31.0,6.0
1631123,Jamaree Bouyea,1,1999-06-27,San Francisco,USA,6-2,180.0,1.0,11,Guard,2022,2023,,,,,,,,,,
76214,Don Boven,0,1925-03-06,Western Michigan,USA,6-4,210.0,3.0,13,Forward,1949,1952,1949.0,6,0.0,0,Western Michigan,College/University,,,,
1898,Cal Bowdler,0,,nan,,,,,,,,,1999.0,1,17.0,17,Old Dominion,College/University,,,,
1477,Bruce Bowen,0,1971-06-14,California State-Fullerton,USA,6-7,200.0,14.0,12,Forward,1996,2008,,,,,,,,,,
1763,Ryan Bowen,0,1975-11-20,Iowa,USA,6-9,218.0,10.0,,Forward,1999,2009,1998.0,2,26.0,55,Iowa,College/University,,,,
1628968,Brian Bowen II,0,1998-10-02,nan,USA,6-6,190.0,3.0,,Forward-Guard,2019,2020,,,,,,,79.5,82.25,34.0,0.0
194,Anthony Bowie,0,,nan,,,,,,,,,1986.0,3,19.0,66,Oklahoma,College/University,,,,
76217,Sam Bowie,0,1961-03-17,Kentucky,USA,7-1,235.0,10.0,31,Center,1984,1994,1984.0,1,2.0,2,Kentucky,College/University,,,,
1085,Ira Bowman,0,1973-06-11,Pennsylvania,USA,,,3.0,,Forward,1999,2001,,,,,,,,,,
1629065,Ky Bowman,0,1997-06-16,Boston College,USA,6-1,187.0,2.0,12,Guard,2019,2019,,,,,,,74.25,79.0,33.0,4.0
76219,Nate Bowman,0,,nan,,,,,,,,,1965.0,1,7.0,7,Wichita State,College/University,,,,
671,Donnie Boyce,0,1973-09-02,Colorado,USA,6-5,196.0,2.0,,Guard,1995,1996,1995.0,2,13.0,42,Colorado,College/University,,,,
76221,Dennis Boyd,0,1954-05-21,Detroit,USA,6-1,175.0,1.0,11,Guard,1978,1978,1977.0,4,6.0,72,Detroit Mercy,College/University,,,,
76222,Fred Boyd,0,1950-06-13,Oregon State,USA,6-2,180.0,6.0,4,Guard,1972,1977,1972.0,1,5.0,5,Oregon State,College/University,,,,
76223,Ken Boyd,0,1952-03-25,Boston University,USA,6-5,195.0,1.0,33,Forward,1974,1974,1974.0,9,10.0,154,Boston University,College/University,,,,
1863,Earl Boykins,0,1976-06-02,Eastern Michigan,USA,5-5,133.0,14.0,6,Guard,1998,2011,,,,,,,,,,
76224,Harry Boykoff,0,1922-07-24,St. John's (NY),USA,6-9,225.0,2.0,16,Center,1949,1950,,,,,,,,,,
76225,Winford Boynes,0,1957-05-17,San Francisco,USA,6-6,185.0,3.0,6,Guard,1978,1980,1978.0,1,13.0,13,San Francisco,College/University,,,,
200841,Cedric Bozeman,0,1983-03-07,UCLA,USA,6-6,207.0,1.0,,Guard,2006,2006,,,,,,,,,,
76226,Steve Bracey,0,1950-08-01,Tulsa,USA,6-1,175.0,3.0,22,Guard,1972,1974,1972.0,2,8.0,21,Tulsa,College/University,,,,
202342,Craig Brackins,0,1987-10-09,Iowa State,USA,6-10,230.0,3.0,33,Forward,2010,2011,2010.0,1,21.0,21,Iowa State,College/University,81.75,84.0,35.0,6.0
76227,Gary Bradds,0,1942-07-26,Ohio State,USA,6-8,210.0,2.0,33,Forward,1964,1965,1964.0,1,3.0,3,Ohio State,College/University,,,,
76228,Alex Bradley,0,,nan,,,,,,,,,1981.0,4,17.0,86,Villanova,College/University,,,,
76229,Alonzo Bradley,0,1953-10-16,Texas Southern,USA,6-6,190.0,3.0,22,Forward,1977,1979,1977.0,2,7.0,29,Texas Southern,College/University,,,,
202340,Avery Bradley,0,1990-11-26,University of Texas at Austin,USA,6-3,180.0,13.0,20,Guard,2010,2021,2010.0,1,19.0,19,Texas,College/University,75.25,79.25,37.5,2.0
76233,Bill Bradley,0,1943-07-28,Princeton,USA,6-5,205.0,10.0,24,Forward,1967,1976,1965.0,0,0.0,0,Princeton,College/University,,,,
76230,Charles Bradley,0,1959-05-16,Wyoming,USA,6-5,215.0,3.0,30,Guard,1981,1983,1981.0,1,23.0,23,Wyoming,College/University,,,,
76231,Dudley Bradley,0,1957-03-19,North Carolina,USA,6-6,195.0,9.0,22,Guard,1979,1988,1979.0,1,13.0,13,North Carolina,College/University,,,,
76232,Joe Bradley,0,1928-09-24,Oklahoma State,USA,6-3,175.0,1.0,,Guard,1949,1949,,,,,,,,,,
2214,Michael Bradley,0,1979-04-18,Villanova,USA,6-10,245.0,5.0,5,Forward,2001,2005,2001.0,1,17.0,17,Villanova,College/University,,85.5,30.0,13.0
762,Shawn Bradley,0,1972-03-22,Brigham Young,USA,7-6,275.0,13.0,44,Center,1993,2004,1993.0,1,2.0,2,Brigham Young,College/University,,,,
1628396,Tony Bradley,1,1998-01-08,North Carolina,USA,6-11,248.0,6.0,,Center-Forward,2017,2022,2017.0,1,28.0,28,North Carolina,College/University,82.75,89.0,27.5,5.0
1361,Mark Bradtke,0,1968-09-27,Melbourne,Australia,6-10,265.0,1.0,50,Center,1996,1996,,,,,,,,,,
66,Marques Bragg,0,1970-03-24,Providence,USA,6-8,230.0,1.0,33,Forward,1995,1995,,,,,,,,,,
1765,Torraye Braggs,0,1976-05-15,Xavier,USA,6-8,245.0,3.0,32,Forward,2003,2004,1998.0,2,28.0,57,Xavier,College/University,,,,
1920,A.J. Bramlett,0,1977-01-10,Arizona,USA,6-10,227.0,1.0,,Center,1999,1999,1999.0,2,10.0,39,Arizona,College/University,,,,
76237,Adrian Branch,0,1963-11-17,Maryland,USA,6-7,185.0,4.0,1,Forward,1986,1989,1985.0,2,22.0,46,Maryland,College/University,,,,
1882,Elton Brand,0,,nan,,,,,,,,,1999.0,1,1.0,1,Duke,College/University,,,,
210,Terrell Brandon,0,1970-05-20,Oregon,USA,5-11,173.0,12.0,7,Guard,1991,2002,1991.0,1,11.0,11,Oregon,College/University,,,,
1631103,Malaki Branham,1,2003-05-12,Ohio State,USA,6-4,180.0,1.0,22,Forward,2022,2023,2022.0,1,20.0,20,Ohio State,College/University,77.5,82.0,35.0,
76238,Bob Brannum,0,1925-05-28,Michigan State,USA,6-6,215.0,5.0,18,Forward,1949,1954,,,,,,,,,,
76239,Brad Branson,0,,nan,,,,,,,,,1980.0,2,22.0,45,Southern Methodist,College/University,,,,
76240,Jesse Branson,0,,nan,,,,,,,,,1965.0,2,5.0,13,Elon,College/University,,,,
1629714,Jarrell Brantley,0,1996-06-07,College of Charleston,USA,6-5,250.0,3.0,,Forward,2019,2022,2019.0,2,20.0,50,College of Charleston,College/University,,,,
76241,Jim Brasco,0,1931-02-03,New York University,USA,6-1,170.0,1.0,15,Guard,1952,1952,1952.0,0,0.0,0,New York University,College/University,,,,
76242,Mike Bratz,0,1955-10-17,Stanford,USA,6-2,185.0,9.0,10,Guard,1977,1985,1977.0,3,22.0,66,Stanford,College/University,,,,
76243,Carl Braun,0,1927-09-25,Colgate,USA,6-5,180.0,13.0,4,Guard,1947,1961,,,,,,,,,,
1631128,Christian Braun,1,2001-04-17,Kansas,USA,6-6,220.0,1.0,0,Guard,2022,2023,2022.0,1,21.0,21,Kansas,College/University,79.0,78.5,40.0,
1629649,Ignas Brazdeikis,0,1999-01-08,Michigan,Canada,6-6,221.0,4.0,17,Forward,2019,2021,2019.0,2,17.0,47,Michigan,College/University,79.25,81.25,36.5,13.0
160,Tim Breaux,0,1970-09-19,Wyoming,USA,6-7,215.0,3.0,,Forward,1994,1997,,,,,,,,,,
2452,J.R. Bremer,0,1980-09-19,St. Bonaventure,USA,6-2,185.0,3.0,9,Guard,2002,2003,,,,,,,,,,
76245,Pete Brennan,0,1936-09-23,North Carolina,USA,6-6,205.0,1.0,15-16,Forward,1958,1958,1958.0,1,4.0,4,North Carolina,College/University,,,,
76246,Tom Brennan,0,,nan,,,,,,,,,1952.0,0,0.0,0,Villanova,College/University,,,,
76247,Randy Breuer,0,1960-10-11,Minnesota,USA,7-3,230.0,11.0,45,Center,1983,1993,1983.0,1,18.0,18,Minnesota,College/University,,,,
201147,Corey Brewer,0,1986-03-05,Florida,USA,6-9,188.0,14.0,13,Guard-Forward,2007,2019,2007.0,1,7.0,7,Florida,College/University,79.75,80.25,36.5,11.0
2249,Jamison Brewer,0,1980-11-19,Auburn,USA,6-4,195.0,4.0,,Guard,2001,2004,2001.0,2,12.0,40,Auburn,College/University,,80.75,32.5,12.0
76248,Jim Brewer,0,1951-12-03,Minnesota,USA,6-9,210.0,9.0,8,Forward,1973,1981,1973.0,1,2.0,2,Minnesota,College/University,,,,
76249,Ron Brewer,0,1955-09-16,Arkansas,USA,6-4,180.0,8.0,10,Guard,1978,1985,1978.0,1,7.0,7,Arkansas,College/University,,,,
200758,Ronnie Brewer,0,1985-03-20,Arkansas,USA,6-7,235.0,8.0,11,Forward,2006,2013,2006.0,1,14.0,14,Arkansas,College/University,,,,
2056,Primoz Brezec,0,1979-10-02,Union Olimpija,Slovenia,7-1,255.0,9.0,9,Center,2001,2009,2000.0,1,27.0,27,KK Olimpija (Slovenia),Other Team/Club,,,,
76250,Frank Brian,0,1923-05-01,Louisiana State,USA,6-1,180.0,7.0,7,Guard,1949,1955,,,,,,,,,,
783,Frank Brickowski,0,1959-08-14,Penn State,USA,6-9,240.0,12.0,,Forward,1984,1996,1981.0,3,11.0,57,Penn State,College/University,,,,
76252,Junior Bridgeman,0,1953-09-17,Louisville,USA,6-5,210.0,12.0,2,Forward,1975,1986,1975.0,1,8.0,8,Louisville,College/University,,,,
76253,Bill Bridges,0,,nan,,,,,,,,,1961.0,3,9.0,32,Kansas,College/University,,,,
1628969,Mikal Bridges,1,1996-08-30,Villanova,USA,6-6,209.0,5.0,1,Guard-Forward,2018,2023,2018.0,1,10.0,10,Villanova,College/University,,,,
1628970,Miles Bridges,0,1998-03-21,Michigan State,USA,6-7,225.0,4.0,0,Forward,2018,2023,2018.0,1,12.0,12,Michigan State,College/University,78.75,81.5,,
76254,Al Brightman,0,1923-09-22,University of Charleston,USA,6-2,195.0,1.0,8-16,Forward,1946,1946,,,,,,,,,,
1628578,Amida Brimah,0,1994-02-11,Connecticut,USA,6-10,230.0,2.0,37,Center,2020,2020,,,,,,,,,,
76255,Audley Brindley,0,1923-12-31,Dartmouth,USA,6-4,175.0,1.0,12-15,Forward,1946,1946,,,,,,,,,,
1628515,Isaiah Briscoe,0,1996-04-13,Kentucky,USA,6-3,215.0,1.0,,Guard,2018,2018,,,,,,,74.75,81.0,33.5,11.0
76256,John Brisker,0,1947-06-15,Toledo,USA,6-5,210.0,3.0,40,Forward,1972,1974,,,,,,,,,,
1629052,Oshae Brissett,1,1998-06-20,Syracuse,Canada,6-7,210.0,4.0,12,Forward-Guard,2019,2023,,,,,,,80.0,84.0,37.5,11.0
76257,Allan Bristow,0,1951-08-23,Virginia Tech,USA,6-7,210.0,9.0,23,Forward,1973,1982,1973.0,2,3.0,21,Virginia Tech,College/University,,,,
76258,Tyrone Britt,0,1944-04-18,Johnson C. Smith,USA,6-4,190.0,1.0,31,Guard,1967,1967,,,,,,,,,,
76259,Wayman Britt,0,1952-08-31,Michigan,USA,6-2,185.0,1.0,12,Guard,1977,1977,1976.0,4,9.0,60,Michigan,College/University,,,,
76260,Mike Brittain,0,1963-06-21,South Carolina,USA,7-0,235.0,2.0,40,Center,1985,1986,1985.0,2,5.0,29,South Carolina,College/University,,,,
76261,David Britton,0,1958-08-29,Texas A&M,USA,6-4,180.0,1.0,33,Guard,1980,1980,1980.0,3,11.0,57,Texas A&M,College/University,,,,
201972,Jon Brockman,0,1987-03-20,Washington,USA,6-7,255.0,4.0,40,Forward,2009,2011,2009.0,2,8.0,38,Washington,College/University,,,,
1629151,Ryan Broekhoff,0,1990-08-23,Valparaiso,Australia,6-6,215.0,3.0,45,Guard-Forward,2018,2019,,,,,,,,,,
76262,Jim Brogan,0,1958-02-24,West Virginia Wesleyan,USA,6-4,185.0,2.0,15,Guard,1981,1982,,,,,,,,,,
1627763,Malcolm Brogdon,1,,nan,,,,,,,,,2016.0,2,6.0,36,Virginia,College/University,,,,
76263,Gary Brokaw,0,1954-01-11,Notre Dame,USA,6-4,178.0,4.0,7,Guard,1974,1977,1974.0,1,18.0,18,Notre Dame,College/University,,,,
76264,Price Brookfield,0,1920-05-11,West Texas A&M,USA,6-4,185.0,2.0,17,Forward,1948,1949,,,,,,,,,,
201166,Aaron Brooks,0,1985-01-14,Oregon,USA,6-0,161.0,11.0,30,Guard,2007,2017,2007.0,1,26.0,26,Oregon,College/University,71.75,76.0,39.5,6.0
1629717,Armoni Brooks,0,1998-06-05,Houston,USA,6-3,195.0,3.0,1,Guard,2020,2021,,,,,,,,,,
1628415,Dillon Brooks,1,1996-01-22,Oregon,Canada,6-6,225.0,6.0,24,Guard-Forward,2017,2023,2017.0,2,15.0,45,Oregon,College/University,78.0,78.0,37.5,16.0
76265,Kevin Brooks,0,1969-10-12,Louisiana-Lafayette,USA,6-6,200.0,3.0,43,Forward,1991,1993,1991.0,1,18.0,18,Louisiana-Lafayette,College/University,,,,
202705,MarShon Brooks,0,1989-01-26,Providence,USA,6-5,200.0,5.0,,Guard,2011,2018,2011.0,1,25.0,25,Providence,College/University,77.25,85.0,38.5,5.0
76266,Michael Brooks,0,1958-08-17,La Salle,USA,6-7,220.0,6.0,35,Forward,1980,1987,1980.0,1,9.0,9,La Salle,College/University,,,,
418,Scott Brooks,0,1965-07-31,California-Irvine,USA,5-11,165.0,10.0,2,Guard,1988,1997,,,,,,,,,,
2810,Andre Brown,0,,nan,,,,,,,,,,,,,,,81.5,83.0,35.5,18.0
1626148,Anthony Brown,0,1992-10-10,Stanford,USA,6-7,224.0,4.0,3,Forward-Guard,2015,2017,2015.0,2,4.0,34,Stanford,College/University,79.25,83.0,34.5,4.0
76284,Bob Brown,0,,nan,,,,,,,,,,,,,,,,,,
201628,Bobby Brown,0,1984-09-24,Cal State-Fullerton,USA,6-2,175.0,4.0,,Guard,2008,2017,,,,,,,73.75,76.0,41.0,3.0
1628971,Bruce Brown,1,1996-08-15,Miami,USA,6-4,202.0,5.0,11,Guard-Forward,2018,2023,2018.0,2,12.0,42,Miami (FL),College/University,77.0,81.0,38.0,17.0
359,Chucky Brown,0,,nan,,,,,,,,,1989.0,2,16.0,43,North Carolina State,College/University,,,,
2245,Damone Brown,0,,nan,,,,,,,,,2001.0,2,8.0,36,Syracuse,College/University,,83.75,37.0,6.0
76270,Darrell Brown,0,1923-03-14,Humboldt State,USA,6-2,175.0,1.0,,Forward,1948,1948,1948.0,0,0.0,0,Humboldt State,College/University,,,,
244,Dee Brown,0,1968-11-29,Jacksonville,USA,,,12.0,,Guard,1990,2001,1990.0,1,19.0,19,Jacksonville,College/University,,,,
200793,Dee Brown,0,1984-08-17,Illinois,USA,6-0,185.0,3.0,,Guard,2006,2008,2006.0,2,16.0,46,Illinois,College/University,72.0,74.0,,
201974,Derrick Brown,0,1987-09-08,Xavier,USA,6-8,233.0,4.0,4,Forward,2009,2011,2009.0,2,10.0,40,Xavier,College/University,80.5,86.5,35.5,20.0
2484,Devin Brown,0,1978-12-30,Texas-San Antonio,USA,6-5,210.0,9.0,32,Guard,2002,2009,,,,,,,,,,
2081,Ernest Brown,0,,nan,,,,,,,,,2000.0,2,23.0,52,Indian Hills Community College,College/University,,,,
76272,Fred Brown,0,1948-08-07,Iowa,USA,6-3,182.0,13.0,32,Guard,1971,1983,1971.0,1,6.0,6,Iowa,College/University,,,,
1631122,Gabe Brown,1,2000-03-05,Michigan State,USA,,,0.0,,,,,,,,,,,,,,
76273,George Brown,0,1935-10-30,Wayne State,USA,6-6,190.0,1.0,,Forward,1957,1957,1957.0,4,3.0,27,Wayne State (MI),College/University,,,,
1871,Gerald Brown,0,1975-07-28,Pepperdine,USA,6-4,210.0,1.0,4,Guard,1998,1998,,,,,,,,,,
76275,Harold Brown,0,1923-10-02,Evansville,USA,6-0,155.0,1.0,,Guard,1946,1946,,,,,,,,,,
203913,Jabari Brown,0,1992-12-18,Missouri,USA,6-5,214.0,2.0,15,Guard,2014,2014,,,,,,,76.25,80.25,32.0,
1627759,Jaylen Brown,1,1996-10-24,California,USA,6-6,223.0,7.0,7,Guard-Forward,2016,2023,2016.0,1,3.0,3,California,College/University,,,,
76276,John Brown,0,1951-12-14,Missouri,USA,6-7,220.0,7.0,32-52,Forward,1973,1979,1973.0,1,10.0,10,Missouri,College/University,,,,
2208,Kedrick Brown,0,,nan,,,,,,,,,2001.0,1,11.0,11,Northwest Florida State,College/University,,,,
1631112,Kendall Brown,1,2003-05-11,Baylor,USA,6-7,205.0,1.0,10,Guard,2022,2023,2022.0,2,18.0,48,Baylor,College/University,79.5,83.0,41.0,
2198,Kwame Brown,0,1982-03-10,Glynn Academy HS (GA),USA,6-11,290.0,13.0,54,Center,2001,2012,2001.0,1,1.0,1,Glynn Academy,High School,,85.0,33.0,17.0
76278,Leon Brown,0,1919-10-12,Wyoming,USA,6-3,190.0,1.0,,Forward,1946,1946,,,,,,,,,,
76279,Lewis Brown,0,1955-02-19,UNLV,USA,6-11,225.0,1.0,4,Center,1980,1980,1977.0,4,3.0,69,Nevada-Las Vegas,College/University,,,,
203485,Lorenzo Brown,0,1990-08-26,North Carolina State,USA,6-5,189.0,5.0,,Guard,2013,2018,2013.0,2,22.0,52,North Carolina State,College/University,77.25,79.0,34.0,8.0
992,Marcus Brown,0,1974-04-03,Murray State,USA,,,2.0,,,1996,2007,1996.0,2,17.0,46,Murray State,College/University,,,,
203900,Markel Brown,0,1992-01-29,Oklahoma State,USA,6-3,190.0,4.0,26,Guard,2014,2017,,,,,,,75.5,80.75,43.5,
1479,Mike Brown,0,1963-07-19,George Washington,USA,6-10,260.0,12.0,52,Center-Forward,1986,1997,1985.0,3,22.0,69,George Washington,College/University,,,,
1629650,Moses Brown,1,1999-10-13,UCLA,USA,7-2,245.0,4.0,,Center,2019,2022,,,,,,,86.5,88.75,31.0,
76277,Myron Brown,0,1969-11-03,Slippery Rock,USA,6-3,180.0,1.0,34,Forward,1991,1991,1991.0,2,7.0,34,Slippery Rock,College/University,,,,
136,P.J. Brown,0,1969-10-14,Louisiana Tech,USA,6-11,239.0,16.0,93,Forward-Center,1993,2007,1992.0,2,2.0,29,Louisiana Tech,College/University,,,,
753,Randy Brown,0,1968-05-22,New Mexico State,USA,6-2,190.0,13.0,0,Guard,1991,2002,1991.0,2,4.0,31,New Mexico State,College/University,,,,
76282,Raymond Brown,0,1965-07-05,Idaho,USA,6-8,220.0,1.0,24,Forward,1989,1989,,,,,,,,,,
76283,Rickey Brown,0,1958-08-20,Mississippi State,USA,6-10,215.0,5.0,31,Center,1980,1984,1980.0,1,13.0,13,Mississippi State,College/University,,,,
76286,Roger Brown,0,,nan,,,,,,,,,1971.0,4,13.0,64,Kansas,College/University,,,,
200769,Shannon Brown,0,1985-11-29,Michigan State,USA,6-3,215.0,9.0,,Guard,2006,2014,2006.0,1,25.0,25,Michigan State,College/University,,,,
76285,Stan Brown,0,1929-06-27,South Philadelphia HS (PA),USA,6-3,200.0,2.0,14,Forward,1947,1951,,,,,,,,,,
1628425,Sterling Brown,0,1995-02-10,Southern Methodist,USA,6-5,219.0,6.0,,Guard-Forward,2017,2022,2017.0,2,16.0,46,Southern Methodist,College/University,,,,
2357,Tierre Brown,0,1979-06-03,McNeese State,USA,6-2,189.0,5.0,,Guard,2001,2004,,,,,,,,,,
76268,Tony Brown,0,,nan,,,,,,,,,1982.0,4,13.0,82,Arkansas,College/University,,,,
1630535,Greg Brown III,1,2001-09-01,Texas,USA,6-7,206.0,2.0,,Forward,2021,2022,2021.0,2,13.0,43,Texas,College/University,,,,
1629718,Charlie Brown Jr.,1,1997-02-02,St. Joseph's (PA),USA,6-6,199.0,4.0,16,Guard,2019,2021,,,,,,,,,,
1630602,Chaundee Brown Jr.,0,1998-12-04,Michigan State,USA,6-5,215.0,2.0,38,Forward,2021,2021,,,,,,,,,,
1628972,Troy Brown Jr.,1,1999-07-28,Oregon,USA,6-7,215.0,5.0,7,Guard-Forward,2018,2023,2018.0,1,15.0,15,Oregon,College/University,78.75,82.25,33.0,5.0
76287,Jim Browne,0,1930-01-01,Tilden Tech HS (IL),USA,6-10,235.0,2.0,,Center,1948,1949,,,,,,,,,,
76288,Stanley Brundy,0,1967-11-13,DePaul,USA,6-6,210.0,1.0,21,Forward,1989,1989,1989.0,2,5.0,32,DePaul,College/University,,,,
1628973,Jalen Brunson,1,1996-08-31,Villanova,USA,6-2,190.0,5.0,11,Guard,2018,2023,2018.0,2,3.0,33,Villanova,College/University,74.25,76.0,37.0,7.0
1594,Rick Brunson,0,1972-06-14,Temple,USA,6-4,190.0,9.0,9,Guard,1997,2005,,,,,,,,,,
1627852,Nicolas Brussino,0,1993-03-02,Penarol,Argentina,6-8,195.0,2.0,,Forward,2016,2017,,,,,,,,,,
1629091,Elijah Bryant,0,1995-04-19,Brigham Young,USA,6-5,210.0,2.0,3,Guard,2020,2020,,,,,,,,,,
76289,Emmette Bryant,0,1938-11-04,DePaul,USA,6-1,175.0,8.0,7,Guard,1964,1971,1964.0,7,1.0,53,DePaul,College/University,,,,
76290,Joe Bryant,0,1954-10-19,La Salle,USA,6-10,185.0,8.0,22,Forward,1975,1982,1975.0,1,14.0,14,La Salle,College/University,,,,
977,Kobe Bryant,0,1978-08-23,Lower Merion HS (PA),USA,6-6,212.0,20.0,24,Forward-Guard,1996,2015,1996.0,1,13.0,13,Lower Merion,High School,,,,
95,Mark Bryant,0,1965-04-25,Seton Hall,USA,6-9,250.0,16.0,9,Forward,1988,2002,1988.0,1,21.0,21,Seton Hall,College/University,,,,
1628418,Thomas Bryant,1,1997-07-31,Indiana,USA,6-10,248.0,6.0,13,Center-Forward,2017,2023,2017.0,2,12.0,42,Indiana,College/University,82.75,90.0,33.0,7.0
76291,Wallace Bryant,0,1959-07-14,San Francisco,USA,7-0,245.0,3.0,31,Center,1983,1985,1982.0,2,7.0,30,San Francisco,College/University,,,,
76292,Torgeir Bryn,0,1964-08-08,Texas State,Norway,6-9,250.0,1.0,12,Forward,1989,1989,,,,,,,,,,
1629783,Shaq Buchanan,0,1997-01-30,Murray State,USA,6-3,190.0,1.0,,Guard,2021,2021,,,,,,,,,,
76293,Joe Buckhalter,0,1937-08-01,Tennessee State,USA,6-7,210.0,2.0,21,Forward,1961,1962,1958.0,12,4.0,81,Tennessee State,College/University,,,,
76294,Steve Bucknall,0,1966-03-17,North Carolina,USA,6-6,215.0,1.0,24,Forward,1989,1989,,,,,,,,,,
76295,Cleveland Buckner,0,1938-08-17,Jackson State,USA,6-9,210.0,2.0,12,Forward,1961,1962,1961.0,6,1.0,51,Jackson State,College/University,,,,
1761,Greg Buckner,0,1976-09-16,Clemson,USA,6-4,210.0,11.0,7,Guard,1999,2008,1998.0,2,24.0,53,Clemson,College/University,,,,
76296,Quinn Buckner,0,1954-08-20,Indiana,USA,6-3,190.0,10.0,25,Guard,1976,1985,1976.0,1,7.0,7,Indiana,College/University,,,,
76297,Dave Budd,0,1938-10-28,Wake Forest,USA,6-6,205.0,5.0,10,Forward,1960,1964,1960.0,2,2.0,10,Wake Forest,College/University,,,,
201978,Chase Budinger,0,1988-05-22,Arizona,USA,6-7,209.0,8.0,10,Forward,2009,2015,2009.0,2,14.0,44,Arizona,College/University,79.0,79.0,38.5,10.0
76298,Walter Budko,0,1925-06-30,Columbia,USA,6-5,220.0,4.0,19,Forward,1948,1951,1948.0,1,6.0,6,Columbia,College/University,,,,
146,Jud Buechler,0,1968-06-19,Arizona,USA,6-6,228.0,12.0,30,Guard-Forward,1990,2001,1990.0,2,11.0,38,Arizona,College/University,,,,
1934,Rodney Buford,0,,nan,,,,,,,,,1999.0,2,24.0,53,Creighton,College/University,,,,
672,Matt Bullard,0,1967-06-05,Iowa,USA,6-10,229.0,12.0,50,Forward,1990,2002,,,,,,,,,,
203493,Reggie Bullock,1,1991-03-16,North Carolina,USA,6-6,205.0,10.0,25,Guard-Forward,2013,2023,2013.0,1,25.0,25,North Carolina,College/University,79.0,80.75,36.5,11.0
76300,Greg Bunch,0,1956-05-15,California State-Fullerton,USA,6-6,190.0,1.0,30,Forward,1978,1978,1978.0,2,12.0,34,Cal State-Fullerton,College/University,,,,
76301,Dick Bunt,0,1930-07-13,New York University,USA,6-0,170.0,1.0,,Guard,1952,1952,1952.0,0,0.0,0,New York University,College/University,,,,
76302,Bill Buntin,0,1942-05-05,Michigan,USA,6-7,250.0,1.0,17,Center,1965,1965,1965.0,0,0.0,0,Michigan,College/University,,,,
76303,Luther Burden,0,1953-02-28,Utah,USA,6-2,185.0,2.0,14,Guard,1976,1977,1975.0,2,8.0,26,Utah,College/University,,,,
2469,Pat Burke,0,1973-12-14,Auburn,Ireland,6-11,250.0,4.0,11,Center-Forward,2002,2006,,,,,,,,,,
203504,Trey Burke,1,1992-11-12,Michigan,USA,6-0,185.0,10.0,3,Guard,2013,2021,2013.0,1,9.0,9,Michigan,College/University,73.25,77.5,36.5,3.0
76304,Roger Burkman,0,1958-05-22,Louisville,USA,6-5,175.0,1.0,21,Guard,1981,1981,1981.0,6,15.0,130,Louisville,College/University,,,,
202692,Alec Burks,1,1991-07-20,Colorado,USA,6-6,214.0,12.0,5,Guard,2011,2023,2011.0,1,12.0,12,Colorado,College/University,78.0,82.0,36.0,5.0
2766,Antonio Burks,0,1980-02-25,Memphis,USA,6-0,195.0,2.0,1,Guard,2004,2005,2004.0,2,7.0,36,Memphis,College/University,72.75,78.5,,9.0
101207,Kevin Burleson,0,1979-04-09,Minnesota,USA,6-3,205.0,2.0,12,Guard,2005,2005,,,,,,,,,,
76305,Tom Burleson,0,1952-02-24,North Carolina State,USA,7-2,225.0,7.0,16,Center,1974,1980,1974.0,1,3.0,3,North Carolina State,College/University,,,,
76306,Jack Burmaster,0,,nan,,,,,,,,,1948.0,0,0.0,0,Illinois,College/University,,,,
76307,David Burns,0,1958-07-03,St. Louis,USA,6-2,180.0,1.0,5,Guard,1981,1981,1981.0,3,3.0,49,Saint Louis,College/University,,,,
76308,Evers Burns,0,1971-08-24,Maryland,USA,6-8,260.0,1.0,53,Forward,1993,1993,1993.0,2,4.0,31,Maryland,College/University,,,,
76309,Jim Burns,0,1945-09-21,Northwestern,USA,6-3,195.0,1.0,6,Guard,1967,1967,1967.0,4,3.0,34,Northwestern,College/University,,,,
197,Scott Burrell,0,1971-01-12,Connecticut,USA,6-7,218.0,8.0,2,Guard,1993,2000,1993.0,1,20.0,20,Connecticut,College/University,,,,
76311,Art Burris,0,1924-04-07,Tennessee,USA,6-5,220.0,2.0,15,Forward,1950,1951,1950.0,3,0.0,0,Tennessee,College/University,,,,
675,Junior Burrough,0,1973-01-18,Virginia,USA,6-8,242.0,1.0,5,Forward,1995,1995,1995.0,2,4.0,33,Virginia,College/University,,,,
76313,Bob Burrow,0,1934-06-29,Kentucky,USA,6-7,228.0,2.0,50,Center,1956,1957,1956.0,0,0.0,0,Kentucky,College/University,,,,
1629126,Deonte Burton,0,1994-01-31,Iowa State,USA,6-4,240.0,3.0,,Guard-Forward,2018,2022,,,,,,,,,,
76314,Ed Burton,0,,nan,,,,,,,,,,,,,,,,,,
416,Willie Burton,0,1968-05-26,Minnesota,USA,6-8,210.0,8.0,,Forward,1990,1998,1990.0,1,9.0,9,Minnesota,College/University,,,,
76316,Steve Burtt,0,1962-11-05,Iona,USA,6-2,185.0,4.0,15,Guard,1984,1992,1984.0,2,6.0,30,Iona,College/University,,,,
76317,Don Buse,0,1950-08-10,Evansville,USA,6-4,190.0,9.0,10,Guard,1976,1984,1972.0,3,4.0,34,Evansville,College/University,,,,
202221,Brian Butch,0,1984-12-22,Wisconsin,USA,6-11,240.0,1.0,43,Center,2009,2009,,,,,,,,,,
76318,Donnie Butcher,0,1936-02-08,Pikeville,USA,6-2,200.0,5.0,24,Guard,1961,1965,1961.0,7,1.0,60,Pikeville,College/University,,,,
76319,Al Butler,0,1938-07-09,Niagara,USA,6-2,175.0,4.0,20,Guard,1961,1964,1961.0,2,8.0,17,Niagara,College/University,,,,
2406,Caron Butler,0,1980-03-13,Connecticut,USA,6-7,228.0,15.0,31,Forward,2002,2015,2002.0,1,10.0,10,Connecticut,College/University,,,,
202364,Da'Sean Butler,0,,nan,,,,,,,,,2010.0,2,12.0,42,West Virginia,College/University,,,,
76320,Greg Butler,0,1966-03-11,Stanford,USA,6-11,240.0,3.0,45,Center,1988,1990,1988.0,2,12.0,37,Stanford,College/University,,,,
2866,Jackie Butler,0,1985-03-10,Coastal Christian Academy (VA),USA,6-10,260.0,4.0,45,Center,2004,2006,,,,,,,81.5,85.5,25.0,14.0
1630215,Jared Butler,1,2000-08-25,Baylor,USA,6-3,193.0,2.0,14,Guard,2021,2023,2021.0,2,10.0,40,Baylor,College/University,,,,
202710,Jimmy Butler,1,1989-09-14,Marquette,USA,6-7,230.0,12.0,22,Forward,2011,2023,2011.0,1,30.0,30,Marquette,College/University,79.75,79.5,39.0,14.0
348,Mitchell Butler,0,1970-12-15,UCLA,USA,6-5,210.0,9.0,32,Guard,1993,2003,,,,,,,,,,
2446,Rasual Butler,0,1979-05-23,La Salle,USA,6-7,215.0,14.0,,Forward,2002,2015,2002.0,2,24.0,52,La Salle,College/University,,,,
202779,Dwight Buycks,0,1989-03-06,Marquette,USA,6-3,190.0,3.0,20,Guard,2013,2017,,,,,,,,,,
201182,Derrick Byars,0,1984-04-25,Vanderbilt,USA,6-7,220.0,2.0,34,Guard-Forward,2011,2011,2007.0,2,12.0,42,Vanderbilt,College/University,,,,
101115,Andrew Bynum,0,1987-10-27,St. Joseph HS (NJ),USA,7-0,285.0,8.0,17,Center,2005,2013,2005.0,1,10.0,10,Saint Joseph,High School,,,,
101198,Will Bynum,0,1983-01-04,Georgia Tech,USA,6-0,185.0,9.0,1,Guard,2005,2014,,,,,,,71.5,75.5,40.5,15.0
76321,Marty Byrnes,0,1956-04-30,Syracuse,USA,6-7,215.0,4.0,11,Forward,1978,1982,1978.0,1,19.0,19,Syracuse,College/University,,,,
76322,Tommy Byrnes,0,1923-02-19,Seton Hall,USA,6-3,175.0,5.0,12,Guard,1946,1950,,,,,,,,,,
76323,Mike Bytzura,0,1922-06-18,Long Island-Brooklyn,USA,6-1,170.0,1.0,,Forward,1946,1946,,,,,,,,,,
2560,Zarko Cabarkapa,0,1981-05-21,Buducnost,Serbia,6-11,230.0,4.0,11,Forward-Center,2003,2006,2003.0,1,17.0,17,KK Buducnost Podgorica (Montenegro),Other Team/Club,,,,
76324,Barney Cable,0,1935-07-29,Bradley,USA,6-7,175.0,6.0,35,Forward,1958,1963,1958.0,2,3.0,10,Bradley,College/University,,,,
203998,Bruno Caboclo,0,1995-09-21,Pinheiros,Brazil,6-9,218.0,8.0,,Forward,2014,2020,,,,,,,,,,
1629719,Devontae Cacok,0,1996-10-08,UNC-Wilmington,USA,6-7,240.0,4.0,18,Forward,2019,2021,,,,,,,,,,
679,Jason Caffey,0,1973-06-12,Alabama,USA,6-8,256.0,9.0,35,Forward,1995,2002,1995.0,1,20.0,20,Alabama,College/University,,,,
262,Michael Cage,0,1962-01-28,San Diego State,USA,6-9,224.0,15.0,,Center,1984,1999,1984.0,1,14.0,14,San Diego State,College/University,,,,
1631288,Jamal Cain,1,1999-03-20,Oakland,USA,6-6,191.0,1.0,8,Forward,2022,2023,,,,,,,,,,
76326,Gerry Calabrese,0,1925-02-04,St. John's (NY),USA,6-1,175.0,2.0,13,Guard,1950,1951,1950.0,2,0.0,0,St. John's (NY),College/University,,,,
201979,Nick Calathes,0,1989-02-07,Florida,USA,6-6,213.0,2.0,12,Guard,2013,2014,2009.0,2,15.0,45,Florida,College/University,,,,
101181,Jose Calderon,0,1981-09-28,Tau Ceramica,Spain,6-3,200.0,15.0,81,Guard,2005,2018,,,,,,,,,,
154,Adrian Caldwell,0,,nan,,,,,,,,,,,,,,,,,,
76328,Jim Caldwell,0,1943-01-28,Georgia Tech,USA,6-10,240.0,1.0,23,Center,1967,1967,1965.0,3,8.0,25,Georgia Tech,College/University,,,,
76329,Joe Caldwell,0,1941-11-01,Arizona State,USA,6-5,195.0,6.0,27,Forward,1964,1969,1964.0,1,2.0,2,Arizona State,College/University,,,,
203484,Kentavious Caldwell-Pope,1,1993-02-18,Georgia,USA,6-5,204.0,10.0,5,Guard,2013,2023,2013.0,1,8.0,8,Georgia,College/University,77.5,80.0,34.5,7.0
76331,Bill Calhoun,0,1927-11-04,CC of San Francisco,USA,6-3,180.0,7.0,3,Forward,1948,1954,,,,,,,,,,
76330,Corky Calhoun,0,1950-11-01,Pennsylvania,USA,6-7,210.0,8.0,10,Forward,1972,1979,1972.0,1,4.0,4,Pennsylvania,College/University,,,,
76332,Demetrius Calip,0,1969-11-18,Michigan,USA,6-1,165.0,1.0,7,Guard,1991,1991,,,,,,,,,,
76333,Tom Callahan,0,1921-06-02,Rockhurst,USA,6-1,180.0,1.0,,Guard,1946,1946,,,,,,,,,,
76334,Rick Calloway,0,1966-10-12,Kansas,USA,6-6,180.0,1.0,4,Guard,1990,1990,,,,,,,,,,
76335,Ernie Calverley,0,,nan,,,,,,,,,,,,,,,,,,
76336,Mack Calvin,0,1947-07-27,Southern California,USA,6-0,165.0,4.0,21,Guard,1976,1980,1969.0,14,8.0,187,Southern California,College/University,,,,
76337,Dexter Cambridge,0,,nan,,,,,,,,,,,,,,,,,,
948,Marcus Camby,0,1974-03-22,Massachusetts,USA,6-11,240.0,18.0,23,Center-Forward,1996,2012,1996.0,1,2.0,2,Massachusetts,College/University,,,,
1630267,Facundo Campazzo,0,1991-03-23,nan,Argentina,5-10,195.0,3.0,,Guard,2020,2022,,,,,,,,,,
922,Elden Campbell,0,1968-07-23,Clemson,USA,7-0,279.0,16.0,41,Center-Forward,1990,2004,1990.0,1,27.0,27,Clemson,College/University,,,,
76338,Tony Campbell,0,1962-05-07,Ohio State,USA,6-7,215.0,11.0,9,Forward,1984,1994,1984.0,1,20.0,20,Ohio State,College/University,,,,
203477,Isaiah Canaan,0,1991-05-21,Murray State,USA,6-0,200.0,6.0,,Guard,2013,2018,2013.0,2,4.0,34,Murray State,College/University,72.0,76.5,40.5,16.0
1628427,Vlatko Cancar,1,1997-04-10,San Pablo Burgos,Slovenia,6-8,236.0,4.0,31,Forward,2019,2023,2017.0,2,19.0,49,KK Mega Leks (Serbia),Other Team/Club,,,,
1629962,Devin Cannady,1,1996-05-21,Princeton,USA,6-2,183.0,3.0,30,Guard,2020,2021,,,,,,,,,,
76339,Larry Cannon,0,1947-04-12,La Salle,USA,6-4,195.0,1.0,14,Guard,1973,1973,1969.0,1,5.0,5,La Salle,College/University,,,,
203991,Clint Capela,1,1994-05-18,Elan Chalon,Switzerland,6-10,256.0,9.0,15,Center,2014,2023,,,,,,,,,,
202382,Derrick Caracter,0,1988-05-04,Texas-El Paso,USA,6-9,275.0,2.0,45,Forward,2010,2010,2010.0,2,28.0,58,Texas-El Paso,College/University,81.5,84.25,30.5,22.0
2073,Brian Cardinal,0,1977-05-02,Purdue,USA,6-8,240.0,13.0,35,Forward,2000,2011,2000.0,2,15.0,44,Purdue,College/University,,,,
1630176,Vernon Carey Jr.,1,2001-02-25,Duke,USA,6-10,270.0,3.0,13,Center,2020,2023,2020.0,2,2.0,32,Duke,College/University,,,,
76340,Howie Carl,0,1938-06-07,DePaul,USA,5-9,160.0,1.0,10,Guard,1961,1961,1961.0,5,9.0,50,DePaul,College/University,,,,
76341,Chet Carlisle,0,1916-11-02,California,USA,6-5,195.0,1.0,,Forward,1946,1946,,,,,,,,,,
2367,Geno Carlisle,0,1976-08-13,California,USA,6-3,200.0,1.0,,Guard,2004,2004,,,,,,,,,,
76342,Rick Carlisle,0,1959-10-27,Virginia,USA,6-5,210.0,5.0,12,Guard,1984,1989,1984.0,3,23.0,70,Virginia,College/University,,,,
76343,Al Carlson,0,1951-09-17,Oregon,USA,6-11,235.0,1.0,35,Center,1975,1975,,,,,,,,,,
76344,Don Carlson,0,1921-03-22,Minnesota,USA,6-0,170.0,4.0,,Guard,1946,1950,,,,,,,,,,
76345,Bob Carney,0,1932-08-03,Bradley,USA,6-3,170.0,1.0,18,Center,1954,1954,1954.0,6,2.0,47,Bradley,College/University,,,,
200760,Rodney Carney,0,1984-04-05,Memphis,USA,6-7,205.0,5.0,,Forward,2006,2010,2006.0,1,16.0,16,Memphis,College/University,,,,
76346,Bob Carpenter,0,1917-11-06,Texas A&M-Commerce,USA,6-5,200.0,2.0,10-15,Forward,1949,1950,,,,,,,,,,
156,Antoine Carr,0,1961-07-23,Wichita State,USA,6-9,225.0,16.0,,Forward,1984,1999,1983.0,1,8.0,8,Wichita State,College/University,,,,
76348,Austin Carr,0,1948-03-10,Notre Dame,USA,6-4,200.0,10.0,34,Guard,1971,1980,1971.0,1,1.0,1,Notre Dame,College/University,,,,
713,Chris Carr,0,1974-03-12,Southern Illinois,USA,6-6,220.0,7.0,,Guard,1995,2000,1995.0,2,27.0,56,Southern Illinois,College/University,,,,
1757,Cory Carr,0,,nan,,,,,,,,,1998.0,2,20.0,49,Texas Tech,College/University,,,,
76350,Kenny Carr,0,1955-08-15,North Carolina State,USA,6-7,220.0,10.0,34,Forward,1977,1986,1977.0,1,6.0,6,North Carolina State,College/University,,,,
76351,M.L. Carr,0,1951-01-09,Guilford,USA,6-6,205.0,9.0,30,Forward,1976,1984,1973.0,5,7.0,76,Guilford,College/University,,,,
76352,Bob Carrington,0,,nan,,,,,,,,,1976.0,2,11.0,28,Boston College,College/University,,,,
201960,DeMarre Carroll,0,1986-07-27,Missouri,USA,6-6,215.0,12.0,9,Forward,2009,2019,2009.0,1,27.0,27,Missouri,College/University,79.75,82.0,,
76353,Joe Barry Carroll,0,,nan,,,,,,,,,1980.0,1,1.0,1,Purdue,College/University,,,,
2679,Matt Carroll,0,,nan,,,,,,,,,,,,,,,,,,
1131,Jimmy Carruth,0,1969-11-04,Virginia Tech,USA,6-10,265.0,1.0,,Forward,1996,1996,,,,,,,,,,
1853,Anthony Carter,0,,nan,,,,,,,,,,,,,,,,,,
76355,Butch Carter,0,1958-06-11,Indiana,USA,6-5,180.0,6.0,12,Guard,1980,1985,1980.0,2,14.0,37,Indiana,College/University,,,,
76356,Fred Carter,0,,nan,,,,,,,,,1969.0,3,14.0,43,Mount St. Mary's,College/University,,,,
76357,George Carter,0,,nan,,,,,,,,,1967.0,8,2.0,81,St. Bonaventure,College/University,,,,
76358,Howard Carter,0,1961-10-26,Louisiana State,USA,6-5,215.0,2.0,32,Guard,1983,1984,1983.0,1,15.0,15,Louisiana State,College/University,,,,
76359,Jake Carter,0,1924-07-25,Texas A&M-Commerce,USA,6-4,195.0,1.0,,Forward,1949,1949,1948.0,0,0.0,0,Texas A&M-Commerce,College/University,,,,
1628975,Jevon Carter,1,1995-09-14,West Virginia,USA,6-1,200.0,5.0,5,Guard,2018,2023,2018.0,2,2.0,32,West Virginia,College/University,73.5,76.25,36.5,14.0
2466,Maurice Carter,0,1976-10-12,Louisiana State,USA,6-5,210.0,2.0,5,Guard,2002,2003,,,,,,,,,,
76360,Reggie Carter,0,1957-10-10,St. John's (NY),USA,6-3,175.0,2.0,35,Guard,1980,1981,1979.0,2,5.0,27,St. John's (NY),College/University,,,,
76361,Ron Carter,0,1956-08-31,Virginia Military Institute,USA,6-5,190.0,2.0,13,Guard,1978,1979,1978.0,2,4.0,26,Virginia Military Institute,College/University,,,,
1713,Vince Carter,0,,nan,,,,,,,,,1998.0,1,5.0,5,North Carolina,College/University,,,,
1628976,Wendell Carter Jr.,1,1999-04-16,Duke,USA,6-10,270.0,5.0,34,Center-Forward,2018,2023,2018.0,1,7.0,7,Duke,College/University,82.0,88.5,,
203487,Michael Carter-Williams,0,1991-10-10,Syracuse,USA,6-5,190.0,9.0,11,Guard,2013,2023,2013.0,1,11.0,11,Syracuse,College/University,77.75,79.25,41.0,8.0
76362,Bill Cartwright,0,1957-07-30,San Francisco,USA,7-1,245.0,15.0,24,Center,1979,1994,1979.0,1,3.0,3,San Francisco,College/University,,,,
76363,Jay Carty,0,1941-07-04,Oregon State,USA,6-7,220.0,1.0,52,Forward,1968,1968,1962.0,6,3.0,46,Oregon State,College/University,,,,
1627936,Alex Caruso,1,1994-02-28,Texas A&M,USA,6-5,186.0,6.0,6,Guard,2017,2023,,,,,,,,,,
76364,Cornelius Cash,0,,nan,,,,,,,,,1975.0,2,6.0,24,Bowling Green,College/University,,,,
208,Sam Cassell,0,,nan,,,,,,,,,1993.0,1,24.0,24,Florida State,College/University,,,,
201956,Omri Casspi,0,1988-06-22,Maccabi Tel Aviv,Israel,6-9,225.0,10.0,,Forward,2009,2018,2009.0,1,23.0,23,Maccabi Tel Aviv B.C. (Israel),Other Team/Club,81.25,81.25,32.5,2.0
76365,Harvey Catchings,0,1951-09-02,Hardin-Simmons,USA,6-9,218.0,11.0,42,Center,1974,1984,1973.0,9,1.0,138,Hardin-Simmons,College/University,,,,
767,Terry Catledge,0,1963-08-22,South Alabama,USA,6-8,220.0,8.0,33,Forward,1985,1992,1985.0,1,21.0,21,South Alabama,College/University,,,,
76367,Sid Catlett,0,1948-04-18,Notre Dame,USA,6-6,230.0,1.0,43,Forward,1971,1971,1971.0,4,4.0,55,Notre Dame,College/University,,,,
1509,Kelvin Cato,0,1974-08-26,Iowa State,USA,6-11,275.0,11.0,26,Center,1997,2006,1997.0,1,15.0,15,Iowa State,College/University,,,,
76368,Bobby Cattage,0,1958-08-17,Auburn,USA,6-9,250.0,2.0,45,Forward,1981,1985,1981.0,8,4.0,165,Auburn,College/University,,,,
1626161,Willie Cauley-Stein,1,1993-08-18,Kentucky,USA,7-0,240.0,7.0,00,Center,2015,2023,2015.0,1,6.0,6,Kentucky,College/University,84.5,87.0,,
1628505,Troy Caupain,0,1995-11-29,Cincinnati,USA,6-4,210.0,2.0,3,Guard,2018,2018,,,,,,,,,,
190,Duane Causwell,0,1968-05-31,Temple,USA,7-0,255.0,12.0,,Center,1990,2002,1990.0,1,18.0,18,Temple,College/University,,,,
1628463,Tyler Cavanaugh,0,1994-02-09,George Washington,USA,6-9,238.0,3.0,34,Forward,2017,2018,,,,,,,,,,
76370,Ron Cavenall,0,1959-04-30,Texas Southern,USA,7-1,230.0,2.0,40,Center,1984,1988,,,,,,,,,,
1629958,Ahmad Caver,0,1996-09-12,Old Dominion,USA,6-2,174.0,1.0,,Guard,2021,2021,,,,,,,,,,
76,Cedric Ceballos,0,,nan,,,,,,,,,1990.0,2,21.0,48,Cal State-Fullerton,College/University,,,,
1911,John Celestand,0,,nan,,,,,,,,,1999.0,2,1.0,30,Villanova,College/University,,,,
76373,Al Cervi,0,1917-02-12,East HS (NY),USA,5-11,170.0,4.0,15,Guard,1949,1952,,,,,,,,,,
2763,Lionel Chalmers,0,1980-11-10,Xavier,USA,6-0,180.0,2.0,0,Guard,2004,2004,2004.0,2,4.0,33,Xavier,College/University,,,,
201596,Mario Chalmers,0,1986-05-19,Kansas,USA,6-2,190.0,10.0,6,Guard,2008,2017,2008.0,2,4.0,34,Kansas,College/University,,,,
76374,Bill Chamberlain,0,1949-12-16,North Carolina,USA,6-6,188.0,1.0,24,Forward,1973,1973,1972.0,3,13.0,43,North Carolina,College/University,,,,
76375,Wilt Chamberlain,0,1936-08-21,Kansas,USA,7-1,250.0,14.0,13,Center,1959,1972,1959.0,0,0.0,0,Kansas,College/University,,,,
76376,Jerry Chambers,0,1943-07-18,Utah,USA,6-5,185.0,4.0,40,Forward,1966,1971,,,,,,,,,,
1472,Tom Chambers,0,1959-06-21,Utah,USA,6-10,220.0,16.0,24,Forward,1981,1997,1981.0,1,8.0,8,Utah,College/University,,,,
1630577,Julian Champagnie,1,2001-06-29,St. John's,USA,6-7,217.0,1.0,30,Forward,2022,2023,,,,,,,79.75,82.0,34.5,
1630551,Justin Champagnie,1,2001-06-29,Pittsburgh,USA,6-6,206.0,2.0,99,Guard-Forward,2021,2023,,,,,,,,,,
76378,Mike Champion,0,1964-04-05,Gonzaga,USA,6-10,230.0,1.0,41,Forward,1988,1988,,,,,,,,,,
1631113,Kennedy Chandler,1,2002-09-16,Tennessee,USA,5-11,170.0,1.0,,Guard,2022,2022,2022.0,2,8.0,38,Tennessee,College/University,72.5,77.25,41.5,
2199,Tyson Chandler,0,1982-10-02,Dominguez HS (CA),USA,7-0,235.0,20.0,6,Center,2001,2019,2001.0,1,2.0,2,Dominguez,High School,,87.0,33.5,2.0
201163,Wilson Chandler,0,1987-05-10,DePaul,USA,6-8,235.0,13.0,21,Forward,2007,2019,2007.0,1,23.0,23,DePaul,College/University,,,,
76379,Don Chaney,0,1946-03-22,Houston,USA,6-5,210.0,11.0,12,Guard,1968,1979,1968.0,1,12.0,12,Houston,College/University,,,,
76380,John Chaney,0,1920-02-29,Louisiana State,USA,6-3,185.0,1.0,,Forward,1949,1949,,,,,,,,,,
364,Rex Chapman,0,1967-10-05,Kentucky,USA,6-4,185.0,12.0,,Guard,1988,1999,1988.0,1,8.0,8,Kentucky,College/University,,,,
76382,Len Chappell,0,1941-01-31,Wake Forest,USA,6-8,240.0,9.0,25,Forward,1962,1970,1962.0,1,4.0,4,Wake Forest,College/University,,,,
76383,Ken Charles,0,,nan,,,,,,,,,1973.0,3,3.0,38,Fordham,College/University,,,,
76384,Lorenzo Charles,0,1963-11-25,North Carolina State,USA,6-7,225.0,1.0,43,Forward,1985,1985,1985.0,2,17.0,41,North Carolina State,College/University,,,,
1629147,Joe Chealey,0,1995-11-01,College of Charleston,USA,6-4,190.0,2.0,,Guard,2018,2019,,,,,,,,,,
384,Calbert Cheaney,0,1971-07-17,Indiana,USA,6-7,210.0,13.0,40,Guard-Forward,1993,2005,1993.0,1,6.0,6,Indiana,College/University,,,,
1629597,Zylan Cheatham,1,1995-11-17,Arizona State,USA,6-5,220.0,3.0,,Forward,2019,2021,,,,,,,,,,
76385,Maurice Cheeks,0,1956-09-08,West Texas A&M,USA,6-1,180.0,15.0,10,Guard,1978,1992,1978.0,2,14.0,36,West Texas A&M,College/University,,,,
76386,Phil Chenier,0,,nan,,,,,,,,,,,,,,,,,,
203805,Will Cherry,0,1991-02-08,Montana,USA,,,2.0,,,2014,2014,,,,,,,,,,
76387,Derrick Chievous,0,1967-07-03,Missouri,USA,6-7,195.0,3.0,33,Forward,1988,1990,1988.0,1,16.0,16,Missouri,College/University,,,,
432,Pete Chilcutt,0,,nan,,,,,,,,,1991.0,1,27.0,27,North Carolina,College/University,,,,
2735,Josh Childress,0,1983-06-20,Stanford,USA,6-8,210.0,9.0,,Forward-Guard,2004,2013,2004.0,1,6.0,6,Stanford,College/University,79.25,83.0,36.0,11.0
719,Randolph Childress,0,1972-09-21,Wake Forest,USA,6-2,188.0,2.0,,Guard,1995,1996,1995.0,1,19.0,19,Wake Forest,College/University,,,,
164,Chris Childs,0,1967-11-20,Boise State,USA,6-3,195.0,9.0,,Guard,1994,2002,,,,,,,,,,
1629185,Chris Chiozza,1,1995-11-21,Florida,USA,5-11,175.0,5.0,2,Guard,2018,2021,,,,,,,,,,
76391,Leroy Chollet,0,1925-03-05,Canisius,USA,6-2,190.0,2.0,11,Forward,1949,1950,,,,,,,,,,
76392,Jim Chones,0,1949-11-30,Marquette,USA,6-11,220.0,8.0,9,Center,1974,1981,1973.0,2,13.0,31,Marquette,College/University,,,,
1627737,Marquese Chriss,1,1997-07-02,Washington,USA,6-9,240.0,7.0,35,Forward,2016,2021,2016.0,1,8.0,8,Washington,College/University,,,,
76393,Fred Christ,0,1930-08-06,Fordham,USA,6-4,210.0,1.0,9,Guard,1954,1954,,,,,,,,,,
76394,Cal Christensen,0,1927-06-08,Toledo,USA,6-5,210.0,5.0,18,Forward,1950,1954,1950.0,5,0.0,0,Toledo,College/University,,,,
76395,Bob Christian,0,1944-05-11,Grambling,USA,6-10,255.0,4.0,31,Center,1970,1973,1969.0,8,10.0,109,Grambling,College/University,,,,
57,Doug Christie,0,1970-05-09,Pepperdine,USA,6-6,205.0,15.0,,Guard-Forward,1992,2006,1992.0,1,17.0,17,Pepperdine,College/University,,,,
1631108,Max Christie,1,,nan,,,,,,,,,2022.0,2,5.0,35,Michigan State,College/University,77.75,80.75,37.5,
202091,Dionte Christmas,0,1986-09-15,Temple,USA,,,2.0,,,2013,2016,,,,,,,,,,
1626176,Rakeem Christmas,0,1991-12-01,Syracuse,USA,6-9,250.0,3.0,25,Forward,2015,2016,2015.0,2,6.0,36,Syracuse,College/University,81.75,89.25,32.0,9.0
203902,Semaj Christon,0,1992-11-01,Xavier,USA,6-3,190.0,2.0,6,Guard,2016,2016,,,,,,,75.25,78.5,36.5,
1630528,Josh Christopher,1,2001-12-08,Arizona State,USA,6-4,215.0,2.0,9,Guard,2021,2023,2021.0,1,24.0,24,Arizona State,College/University,,,,
203565,Patrick Christopher,0,1988-06-03,California,USA,,,1.0,,,2014,2014,,,,,,,,,,
928,Robert Churchwell,0,1972-02-20,Georgetown,USA,6-6,195.0,1.0,21,Forward,1995,1995,,,,,,,,,,
76397,Archie Clark,0,1941-07-15,Minnesota,USA,6-2,175.0,10.0,11,Guard,1966,1975,,,,,,,,,,
76398,Carlos Clark,0,,nan,,,,,,,,,1983.0,4,21.0,91,Mississippi,College/University,,,,
201947,Earl Clark,0,,nan,,,,,,,,,2009.0,1,14.0,14,Louisville,College/University,82.25,86.5,33.0,5.0
1629109,Gary Clark,0,,nan,,,,,,,,,,,,,,,,,,
203546,Ian Clark,0,1991-03-07,Belmont,USA,6-3,175.0,7.0,2,Guard,2013,2018,,,,,,,,,,
1721,Keon Clark,0,1975-04-16,UNLV,USA,6-11,221.0,7.0,13,Center-Forward,1998,2003,1998.0,1,13.0,13,Nevada-Las Vegas,College/University,,,,
1629634,Brandon Clarke,1,1996-09-19,Gonzaga,Canada,6-8,215.0,4.0,15,Forward,2019,2023,2019.0,1,21.0,21,Gonzaga,College/University,80.25,80.25,40.5,10.0
1626262,Coty Clarke,0,1992-07-04,Arkansas,USA,6-7,225.0,1.0,,Forward,2015,2015,,,,,,,,,,
203903,Jordan Clarkson,1,1992-06-07,Missouri,USA,6-5,194.0,9.0,00,Guard,2014,2023,,,,,,,77.0,80.0,38.5,
1628492,Gian Clavell,0,1993-11-26,Colorado State,Puerto Rico,6-4,185.0,1.0,,Guard,2017,2017,,,,,,,,,,
201964,Victor Claver,0,,nan,,,,,,,,,2009.0,1,22.0,22,Valencia BC (Spain),Other Team/Club,,,,
1127,Charles Claxton,0,1970-12-13,Georgia,USA,7-0,265.0,1.0,51,Center,1995,1995,1994.0,2,23.0,50,Georgia,College/University,,,,
1629651,Nic Claxton,1,1999-04-17,Georgia,USA,6-11,215.0,4.0,33,Center,2019,2023,2019.0,2,1.0,31,Georgia,College/University,83.75,86.5,36.5,8.0
2049,Speedy Claxton,0,1978-05-08,Hofstra,USA,5-11,170.0,8.0,12,Guard,2001,2008,2000.0,1,20.0,20,Hofstra,College/University,,,,
76402,Jim Cleamons,0,1949-09-13,Ohio State,USA,6-3,185.0,9.0,35,Guard,1971,1979,1971.0,1,13.0,13,Ohio State,College/University,,,,
2043,Mateen Cleaves,0,1977-09-07,Michigan State,USA,6-2,210.0,7.0,,Guard,2000,2005,2000.0,1,14.0,14,Michigan State,College/University,,,,
76403,John Clemens,0,1943-05-01,Ohio Wesleyan,USA,6-6,210.0,11.0,40,Forward,1965,1975,1965.0,3,2.0,19,Ohio Wesleyan,College/University,,,,
1629598,Chris Clemons,0,1997-07-23,Campbell University,USA,5-9,180.0,2.0,3,Guard,2019,2019,,,,,,,,,,
1628499,Antonius Cleveland,0,,nan,,,,,,,,,,,,,,,,,,
76404,Nat Clifton,0,1922-10-13,Xavier of Louisiana,USA,6-6,220.0,8.0,24,Center,1950,1957,,,,,,,,,,
76406,Bill Closs,0,1922-01-08,Rice,USA,6-6,195.0,3.0,14,Forward,1949,1951,,,,,,,,,,
1569,Keith Closs,0,1976-04-03,Central Connecticut State,USA,7-3,212.0,4.0,33,Center,1997,2000,,,,,,,,,,
76407,Paul Cloyd,0,1920-06-13,Wisconsin,USA,6-2,180.0,1.0,,Guard,1949,1949,1947.0,0,0.0,0,Wisconsin,College/University,,,,
76408,Marion Cluggish,0,1917-09-18,Kentucky,USA,6-10,235.0,1.0,3,Center,1946,1946,,,,,,,,,,
76409,Ben Clyde,0,1951-06-10,Florida State,USA,6-7,198.0,1.0,33,Forward,1974,1974,1974.0,5,17.0,89,Florida State,College/University,,,,
1629599,Amir Coffey,1,,nan,,,,,,,,,,,,,,,,,,
76410,Richard Coffey,0,1965-09-02,Minnesota,USA,6-6,212.0,1.0,33,Guard,1990,1990,,,,,,,,,,
76411,Fred Cofield,0,1962-01-04,Eastern Michigan,USA,6-3,190.0,2.0,11,Guard,1985,1986,1985.0,4,3.0,73,Eastern Michigan,College/University,,,,
715,John Coker,0,1971-10-28,Boise State,USA,,,2.0,,,1995,2000,,,,,,,,,,
202708,Norris Cole,0,1988-10-13,Cleveland State,USA,6-2,175.0,7.0,30,Guard,2011,2016,2011.0,1,28.0,28,Cleveland State,College/University,73.75,74.25,38.5,11.0
76412,Ben Coleman,0,1961-11-14,Maryland,USA,6-9,235.0,5.0,51,Forward,1986,1993,1984.0,2,13.0,37,Maryland,College/University,,,,
934,Derrick Coleman,0,1967-06-21,Syracuse,USA,6-10,270.0,15.0,,Forward,1990,2004,1990.0,1,1.0,1,Syracuse,College/University,,,,
76413,E.C. Coleman,0,1950-09-25,Houston Baptist,USA,6-8,225.0,6.0,12,Forward,1973,1978,1973.0,3,16.0,51,Houston Baptist,College/University,,,,
76414,Jack Coleman,0,1924-05-23,Louisville,USA,6-7,195.0,9.0,11,Forward,1949,1957,1948.0,0,0.0,0,Louisville,College/University,,,,
76415,Norris Coleman,0,1961-09-27,Kansas State,USA,6-8,210.0,1.0,45,Forward,1987,1987,1987.0,2,15.0,38,Kansas State,College/University,,,,
902,Bimbo Coles,0,1968-04-22,Virginia Tech,USA,6-2,182.0,15.0,12,Guard,1990,2003,1990.0,2,13.0,40,Virginia Tech,College/University,,,,
2044,Jason Collier,0,1977-09-08,Georgia Tech,USA,7-0,260.0,6.0,40,Center,2000,2004,2000.0,1,15.0,15,Georgia Tech,College/University,,,,
76416,Art Collins,0,1954-04-14,St. Thomas (FL),USA,6-4,185.0,1.0,44,Guard,1980,1980,1976.0,6,17.0,103,St. Thomas (FL),College/University,,,,
76418,Don Collins,0,1958-11-28,Washington State,USA,6-6,190.0,6.0,12,Guard,1980,1986,1980.0,1,18.0,18,Washington State,College/University,,,,
76421,Doug Collins,0,1951-07-28,Illinois State,USA,6-6,180.0,8.0,20,Guard,1973,1980,1973.0,1,1.0,1,Illinois State,College/University,,,,
1530,James Collins,0,1973-11-05,Florida State,USA,6-4,196.0,1.0,32,Guard,1997,1997,1997.0,2,8.0,36,Florida State,College/University,,,,
2260,Jarron Collins,0,1978-12-02,Stanford,USA,6-11,249.0,10.0,,Center,2001,2010,2001.0,2,24.0,52,Stanford,College/University,,87.0,29.0,10.0
2215,Jason Collins,0,1978-12-02,Stanford,USA,7-0,255.0,13.0,98,Center,2001,2013,2001.0,1,18.0,18,Stanford,College/University,,88.5,28.5,8.0
76419,Jimmy Collins,0,1946-11-24,New Mexico State,USA,6-2,175.0,2.0,22,Guard,1970,1971,1970.0,1,11.0,11,New Mexico State,College/University,,,,
1628381,John Collins,1,1997-09-23,Wake Forest,USA,6-9,226.0,6.0,20,Forward-Center,2017,2023,2017.0,1,19.0,19,Wake Forest,College/University,81.5,83.25,37.5,15.0
200776,Mardy Collins,0,1984-08-04,Temple,USA,6-6,220.0,5.0,25,Guard,2006,2009,2006.0,1,29.0,29,Temple,College/University,,,,
202395,Sherron Collins,0,1987-03-18,Kansas,USA,5-11,205.0,1.0,,Guard,2010,2010,,,,,,,71.75,74.5,33.0,
1628380,Zach Collins,1,1997-11-19,Gonzaga,USA,6-11,250.0,5.0,23,Forward-Center,2017,2023,2017.0,1,10.0,10,Gonzaga,College/University,84.0,85.0,,
1627858,Kyle Collinsworth,0,1991-10-03,Brigham Young,USA,6-6,210.0,2.0,8,Guard,2017,2017,,,,,,,,,,
201954,Darren Collison,0,1987-08-23,UCLA,USA,6-0,160.0,11.0,,Guard,2009,2021,2009.0,1,21.0,21,California-Los Angeles,College/University,73.5,75.0,33.5,9.0
2555,Nick Collison,0,1980-10-26,Kansas,USA,6-10,255.0,15.0,4,Forward-Center,2003,2017,2003.0,1,12.0,12,Kansas,College/University,,,,
76422,Joe Colone,0,1926-01-23,Bloomsburg,USA,6-5,210.0,1.0,18,Forward,1948,1948,,,,,,,,,,
1629045,Bonzie Colson,0,1996-01-12,Notre Dame,USA,6-6,225.0,2.0,50,Forward,2018,2018,,,,,,,,,,
2173,Sean Colson,0,1975-07-01,North Carolina-Charlotte,USA,6-0,175.0,2.0,3,Guard,2000,2002,,,,,,,,,,
306,Steve Colter,0,,nan,,,,,,,,,1984.0,2,9.0,33,New Mexico State,College/University,,,,
76425,Leroy Combs,0,,nan,,,,,,,,,1983.0,2,2.0,26,Oklahoma State,College/University,,,,
76426,Dallas Comegys,0,1964-08-17,DePaul,USA,6-9,205.0,2.0,22,Center,1987,1988,1987.0,1,21.0,21,DePaul,College/University,,,,
76427,Larry Comley,0,1939-08-17,Kansas State,USA,6-5,210.0,1.0,52,Guard,1963,1963,1961.0,10,8.0,91,Kansas State,College/University,,,,
76428,Gene Conley,0,1930-11-10,Washington State,USA,6-8,225.0,6.0,5,Center,1952,1963,1952.0,10,0.0,0,Washington State,College/University,,,,
201144,Mike Conley,1,1987-10-11,Ohio State,USA,6-1,175.0,16.0,10,Guard,2007,2023,2007.0,1,4.0,4,Ohio State,College/University,72.75,77.75,40.5,13.0
76429,Ed Conlin,0,1933-09-02,Fordham,USA,6-6,200.0,7.0,7,Forward,1955,1961,,,,,,,,,,
55,Marty Conlon,0,1968-01-19,Providence,USA,6-10,224.0,9.0,,Center,1991,1999,,,,,,,,,,
1626192,Pat Connaughton,1,1993-01-06,Notre Dame,USA,6-5,209.0,8.0,24,Guard,2015,2023,2015.0,2,11.0,41,Notre Dame,College/University,77.25,80.0,44.0,13.0
76431,Lester Conner,0,1959-09-17,Oregon State,USA,6-4,180.0,12.0,7,Guard,1982,1994,1982.0,1,14.0,14,Oregon State,College/University,,,,
76432,Chuck Connors,0,1921-04-10,Seton Hall,USA,6-5,190.0,2.0,11,Forward,1946,1947,,,,,,,,,,
101215,Will Conroy,0,1982-12-08,Washington,USA,6-2,195.0,3.0,,Guard,2006,2012,,,,,,,74.0,75.0,36.5,14.0
76433,Anthony Cook,0,,nan,,,,,,,,,1989.0,1,24.0,24,Arizona,College/University,,,,
76434,Bert Cook,0,,nan,,,,,,,,,1952.0,0,0.0,0,Utah State,College/University,,,,
76438,Bobby Cook,0,1923-04-01,Wisconsin,USA,5-10,155.0,1.0,,Guard,1949,1949,1948.0,0,0.0,0,Wisconsin,College/University,,,,
2567,Brian Cook,0,,nan,,,,,,,,,2003.0,1,24.0,24,Illinois,College/University,,,,
201161,Daequan Cook,0,1987-04-28,Ohio State,USA,6-5,210.0,7.0,14,Guard,2007,2012,2007.0,1,21.0,21,Ohio State,College/University,77.75,80.25,34.5,4.0
76435,Darwin Cook,0,1958-08-06,Portland,USA,6-3,184.0,8.0,1,Guard,1980,1988,1980.0,4,1.0,70,Portland,College/University,,,,
76436,Jeff Cook,0,1956-10-21,Idaho State,USA,6-10,215.0,8.0,45,Forward,1979,1987,1978.0,3,5.0,49,Idaho State,College/University,,,,
76437,Norm Cook,0,1955-03-21,Kansas,USA,6-8,210.0,2.0,30-52,Forward,1976,1977,1976.0,1,16.0,16,Kansas,College/University,,,,
2241,Omar Cook,0,,nan,,,,,,,,,2001.0,2,3.0,31,St. John's (NY),College/University,,77.5,35.5,9.0
1626188,Quinn Cook,1,1993-03-23,Duke,USA,6-1,180.0,6.0,,Guard,2016,2020,,,,,,,74.0,76.0,31.0,14.0
1629076,Tyler Cook,0,,nan,,,,,,,,,,,,,,,80.75,84.5,32.0,11.0
1628429,Charles Cooke,0,1994-07-01,University of Dayton,USA,6-5,196.0,2.0,4,Guard,2017,2017,,,,,,,,,,
76439,David Cooke,0,1963-09-27,St. Mary's (CA),USA,6-8,230.0,1.0,14,Forward,1985,1985,,,,,,,,,,
76440,Joe Cooke,0,1948-08-14,Indiana,USA,6-3,175.0,1.0,10,Guard,1970,1970,1970.0,6,9.0,94,Indiana,College/University,,,,
204022,Jack Cooley,0,1991-04-12,Notre Dame,USA,6-10,274.0,2.0,45,Center-Forward,2014,2017,,,,,,,,,,
76442,Chuck Cooper,0,1926-09-29,Duquesne,USA,6-5,210.0,6.0,6,Forward,1950,1955,1950.0,2,0.0,0,Duquesne,College/University,,,,
1030,Duane Cooper,0,1969-06-25,Southern California,USA,6-1,185.0,2.0,10,Guard,1992,1993,1992.0,2,9.0,36,Southern California,College/University,,,,
76443,Joe Cooper,0,1957-09-01,Colorado,USA,6-10,230.0,3.0,53,Center,1981,1984,1981.0,5,3.0,95,Colorado,College/University,,,,
76444,Michael Cooper,0,1956-04-15,New Mexico,USA,6-7,170.0,12.0,21,Guard,1978,1989,1978.0,3,16.0,60,New Mexico,College/University,,,,
1630536,Sharife Cooper,1,2001-06-11,Auburn,USA,6-1,176.0,2.0,2,Guard,2021,2021,2021.0,2,18.0,48,Auburn,College/University,,,,
76441,Wayne Cooper,0,1956-11-16,New Orleans,USA,6-10,220.0,14.0,42,Center,1978,1991,1978.0,2,18.0,40,New Orleans,College/University,,,,
76446,Tom Copa,0,1964-10-30,Marquette,USA,6-10,275.0,1.0,30,Forward,1991,1991,,,,,,,,,,
203142,Chris Copeland,0,1984-03-17,Colorado,USA,6-9,239.0,5.0,,Forward,2012,2015,,,,,,,,,,
76447,Hollis Copeland,0,1955-12-20,Rutgers,USA,6-6,180.0,2.0,45,Forward,1979,1981,1978.0,3,2.0,46,Rutgers,College/University,,,,
76448,Lanard Copeland,0,1965-07-16,Georgia State,USA,6-6,190.0,2.0,21,Forward,1989,1991,,,,,,,,,,
895,Tyrone Corbin,0,1962-12-31,DePaul,USA,,,16.0,,Forward,1985,2000,1985.0,2,11.0,35,DePaul,College/University,,,,
76450,Chris Corchiani,0,1968-03-28,North Carolina State,USA,6-0,185.0,3.0,12,Guard,1991,1993,1991.0,2,9.0,36,North Carolina State,College/University,,,,
76451,Ken Corley,0,1905-04-04,Central Oklahoma,USA,,,1.0,,,1946,1946,,,,,,,,,,
76452,Ray Corley,0,1928-01-01,Georgetown,USA,6-0,180.0,3.0,4,Guard,1949,1952,1949.0,5,0.0,0,Georgetown,College/University,,,,
1627822,Petr Cornelie,0,,nan,,,,,,,,,2016.0,2,23.0,53,Le Mans Sarthe Basket (France),Other Team/Club,,,,
76453,Dave Corzine,0,1956-04-25,DePaul,USA,6-11,250.0,13.0,42,Center,1978,1990,1978.0,1,18.0,18,DePaul,College/University,,,,
76454,Larry Costello,0,1931-07-02,Niagara,USA,6-1,186.0,12.0,21,Guard,1954,1967,1954.0,2,3.0,12,Niagara,College/University,,,,
1627856,Matt Costello,0,1993-08-05,Michigan State,USA,6-10,240.0,2.0,10,Forward-Center,2017,2017,,,,,,,,,,
203955,Bryce Cotton,0,1992-08-11,Providence,USA,6-1,165.0,3.0,8,Guard,2014,2015,,,,,,,,,,
76456,Jack Cotton,0,1924-10-15,Wyoming,USA,6-7,200.0,1.0,,Forward,1949,1949,,,,,,,,,,
1526,James Cotton,0,1975-12-14,Long Beach State,USA,6-5,220.0,2.0,,Guard,1997,1998,1997.0,2,4.0,32,Long Beach State,College/University,,,,
76457,John Coughran,0,1951-09-12,California,USA,6-7,225.0,1.0,41,Forward,1979,1979,1973.0,5,5.0,74,California,College/University,,,,
76458,Mel Counts,0,1941-10-16,Oregon State,USA,7-0,230.0,12.0,31,Center,1964,1975,1964.0,1,7.0,7,Oregon State,College/University,,,,
76459,Steve Courtin,0,1942-09-21,St. Joseph's (PA),USA,6-1,188.0,1.0,5,Guard,1964,1964,1964.0,3,8.0,24,Saint Joseph's,College/University,,,,
1432,Joe Courtney,0,1969-10-17,Southern Mississippi,USA,6-8,235.0,4.0,,Forward,1992,1996,,,,,,,,,,
202408,Marcus Cousin,0,1986-12-18,Houston,USA,6-11,255.0,2.0,50,Forward,2010,2010,,,,,,,,,,
202326,DeMarcus Cousins,0,1990-08-13,Kentucky,USA,6-10,270.0,12.0,4,Center,2010,2021,2010.0,1,5.0,5,Kentucky,College/University,82.75,89.75,27.5,
600003,Bob Cousy,0,1928-08-09,Holy Cross,USA,6-1,175.0,14.0,14,Guard,1950,1969,1950.0,1,3.0,3,Holy Cross,College/University,,,,
203496,Robert Covington,1,1990-12-14,Tennessee State,USA,6-7,209.0,10.0,23,Forward,2013,2023,,,,,,,79.5,85.75,36.0,9.0
76462,Dave Cowens,0,1948-10-25,Florida State,USA,6-9,230.0,11.0,18,Center,1970,1982,1970.0,1,4.0,4,Florida State,College/University,,,,
76463,John Cox,0,1955-12-29,San Francisco,USA,6-2,180.0,1.0,32,Guard,1982,1982,1978.0,8,7.0,159,San Francisco,College/University,,,,
76464,Johnny Cox,0,1936-11-01,Kentucky,USA,6-4,180.0,1.0,25,Guard,1962,1962,1958.0,4,4.0,27,Kentucky,College/University,,,,
76465,Wesley Cox,0,1955-01-27,Louisville,USA,6-6,215.0,2.0,41,Forward,1977,1978,1977.0,1,18.0,18,Louisville,College/University,,,,
203459,Allen Crabbe,0,1992-04-09,California,USA,6-5,212.0,7.0,,Guard-Forward,2013,2019,2013.0,2,1.0,31,California,College/University,78.25,83.25,36.0,10.0
1628470,Torrey Craig,1,1990-12-19,South Carolina Upstate,USA,6-7,221.0,6.0,0,Forward,2017,2023,,,,,,,,,,
1544,Chris Crawford,0,,nan,,,,,,,,,1997.0,2,22.0,50,Marquette,College/University,,,,
76466,Freddie Crawford,0,1940-12-23,St. Bonaventure,USA,6-4,189.0,5.0,15,Guard,1966,1970,1963.0,8,1.0,63,St. Bonaventure,College/University,,,,
2037,Jamal Crawford,0,1980-03-20,Michigan,USA,6-5,200.0,21.0,1,Guard,2000,2019,2000.0,1,8.0,8,Michigan,College/University,,,,
201621,Joe Crawford,0,1986-06-17,Kentucky,USA,6-5,210.0,2.0,5,Guard,2008,2008,2008.0,2,28.0,58,Kentucky,College/University,,,,
202348,Jordan Crawford,0,1988-10-23,Xavier,USA,6-5,195.0,6.0,27,Guard,2010,2017,2010.0,1,27.0,27,Xavier,College/University,76.5,79.0,34.5,7.0
1628249,Mitchell Creek,0,1992-04-27,nan,Australia,6-6,225.0,2.0,55,Forward-Guard,2018,2018,,,,,,,,,,
76468,Jim Creighton,0,1950-04-18,Colorado,USA,6-8,200.0,1.0,24,Forward,1975,1975,1972.0,3,10.0,40,Colorado,College/University,,,,
76469,Ron Crevier,0,1958-08-14,Boston College,USA,7-0,235.0,1.0,42,Center,1985,1985,1983.0,4,5.0,75,Boston College,College/University,,,,
76470,Hal Crisler,0,1923-12-31,Iowa State,USA,6-3,215.0,1.0,15,Forward,1946,1946,,,,,,,,,,
2343,Joe Crispin,0,1979-07-18,Penn State,USA,6-0,185.0,2.0,11,Guard,2001,2001,,,,,,,,,,
76471,Charlie Criss,0,1948-11-06,New Mexico State,USA,5-8,165.0,8.0,14,Guard,1977,1984,,,,,,,,,,
76472,Winston Crite,0,1965-06-20,Texas A&M,USA,6-7,233.0,2.0,12,Forward,1987,1988,1987.0,3,7.0,53,Texas A&M,College/University,,,,
201159,Javaris Crittenton,0,1987-12-31,Georgia Tech,USA,6-5,200.0,3.0,8,Guard,2007,2009,2007.0,1,19.0,19,Georgia Tech,College/University,76.75,77.5,38.0,11.0
76473,Dillard Crocker,0,1925-01-19,Western Michigan,USA,6-4,205.0,4.0,7,Forward,1948,1952,,,,,,,,,,
76474,Jeffrey Crompton,0,1955-07-04,North Carolina,USA,6-11,280.0,5.0,41,Center,1978,1983,1978.0,4,4.0,70,North Carolina,College/University,,,,
76475,Terry Crosby,0,1957-01-04,Tennessee,USA,6-4,195.0,1.0,12,Guard,1979,1979,1979.0,3,18.0,62,Tennessee,College/University,,,,
1506,Austin Croshere,0,1975-05-01,Providence,USA,6-10,240.0,12.0,,Forward,1997,2008,1997.0,1,12.0,12,Providence,College/University,,,,
76476,Jeff Cross,0,1961-09-01,Maine,USA,6-10,240.0,1.0,38,Forward,1985,1985,1984.0,3,14.0,61,Maine,College/University,,,,
76477,Pete Cross,0,1948-03-28,San Francisco,USA,6-9,230.0,3.0,41,Center,1970,1972,1970.0,2,6.0,23,San Francisco,College/University,,,,
76478,Russell Cross,0,1961-09-05,Purdue,USA,6-10,215.0,1.0,40,Center,1983,1983,1983.0,1,6.0,6,Purdue,College/University,,,,
76479,Francis Crossin,0,1924-07-04,Pennsylvania,USA,6-1,165.0,3.0,4,Guard,1947,1949,1947.0,1,6.0,6,Pennsylvania,College/University,,,,
180,John Crotty,0,1969-07-15,Virginia,USA,,,11.0,,Guard,1992,2002,,,,,,,,,,
76481,Mark Crow,0,1954-10-22,Duke,USA,6-7,210.0,1.0,31,Forward,1977,1977,1977.0,6,1.0,111,Duke,College/University,,,,
76482,Corey Crowder,0,1969-04-13,Kentucky Wesleyan,USA,6-5,214.0,2.0,23,Forward,1991,1994,,,,,,,,,,
203109,Jae Crowder,1,1990-07-06,Marquette,USA,6-6,235.0,11.0,99,Forward,2012,2023,2012.0,2,4.0,34,Marquette,College/University,78.5,81.25,34.5,20.0
1630622,Jalen Crutcher,1,1999-07-18,University of Dayton,USA,,,0.0,,,,,,,,,,,,,,
1629633,Jarrett Culver,1,1999-02-20,Texas Tech,USA,6-6,195.0,4.0,,Guard-Forward,2019,2022,2019.0,1,6.0,6,Texas Tech,College/University,78.75,81.5,,
1629600,Jarron Cumberland,0,1997-09-22,Cincinnati,USA,6-5,205.0,1.0,,Guard,2021,2021,,,,,,,,,,
76483,Pat Cummings,0,1956-07-11,Cincinnati,USA,6-9,230.0,12.0,50,Center,1979,1990,1978.0,3,15.0,59,Cincinnati,College/University,,,,
187,Terry Cummings,0,1961-03-15,DePaul,USA,6-9,220.0,18.0,,Forward,1982,1999,1982.0,1,2.0,2,DePaul,College/University,,,,
1907,Vonteego Cummings,0,,nan,,,,,,,,,1999.0,1,26.0,26,Pittsburgh,College/University,,,,
76487,Billy Cunningham,0,1943-06-03,North Carolina,USA,6-6,210.0,9.0,32,Forward,1965,1975,1965.0,1,5.0,5,North Carolina,College/University,,,,
1630595,Cade Cunningham,1,2001-09-25,Oklahoma State,USA,6-7,220.0,2.0,2,Guard,2021,2023,2021.0,1,1.0,1,Oklahoma State,College/University,,,,
201967,Dante Cunningham,0,1987-04-22,Villanova,USA,6-8,230.0,11.0,33,Forward,2009,2018,2009.0,2,3.0,33,Villanova,College/University,80.25,83.0,35.0,18.0
76485,Dick Cunningham,0,1946-07-11,Murray State,USA,6-10,245.0,7.0,19,Center,1968,1974,1968.0,2,7.0,21,Murray State,College/University,,,,
203099,Jared Cunningham,0,1991-05-22,Oregon State,USA,6-4,195.0,5.0,,Guard,2012,2015,2012.0,1,24.0,24,Oregon State,College/University,77.0,78.5,,4.0
1061,William Cunningham,0,1974-03-25,Temple,USA,6-11,240.0,2.0,51,Center,1997,1998,,,,,,,,,,
76488,Radisav Curcic,0,1965-09-26,Union Olimpija,Serbia,6-10,275.0,1.0,44,Center,1992,1992,,,,,,,,,,
76489,Armand Cure,0,1919-08-01,Rhode Island,USA,6-0,198.0,1.0,,Forward,1946,1946,,,,,,,,,,
940,Earl Cureton,0,,nan,,,,,,,,,1979.0,3,14.0,58,Detroit Mercy,College/University,,,,
223,Bill Curley,0,1972-05-29,Boston College,USA,,,6.0,,Forward,1994,2000,1994.0,1,22.0,22,Boston College,College/University,,,,
76492,Fran Curran,0,1925-09-19,Notre Dame,USA,6-0,175.0,2.0,15,Guard,1948,1949,,,,,,,,,,
209,Dell Curry,0,1964-06-25,Virginia Tech,USA,6-5,205.0,16.0,30,Guard-Forward,1986,2001,1986.0,1,15.0,15,Virginia Tech,College/University,,,,
2201,Eddy Curry,0,1982-12-05,Thornwood HS (IL),USA,7-0,295.0,11.0,,Center,2001,2012,2001.0,1,4.0,4,Thornwood,High School,,90.5,31.0,16.0
201191,JamesOn Curry,0,1986-01-07,Oklahoma State,USA,6-3,190.0,3.0,,Guard,2007,2009,2007.0,2,21.0,51,Oklahoma State,College/University,,,,
688,Michael Curry,0,1968-08-22,Georgia Southern,USA,6-5,210.0,11.0,,Forward-Guard,1993,2004,,,,,,,,,,
203552,Seth Curry,1,1990-08-23,Duke,USA,6-1,185.0,9.0,30,Guard,2013,2023,,,,,,,75.0,76.0,,
201939,Stephen Curry,1,1988-03-14,Davidson,USA,6-2,185.0,14.0,30,Guard,2009,2023,2009.0,1,7.0,7,Davidson,College/University,75.25,75.5,35.5,10.0
687,Rastko Cvetkovic,0,1970-06-22,Crvena zvezda,Serbia,7-1,260.0,1.0,8,Center,1995,1995,,,,,,,,,,
76505,Mike D'Antoni,0,1951-05-08,Marshall,USA,6-3,185.0,4.0,14,Guard,1973,1976,1973.0,2,2.0,20,Marshall,College/University,,,,
76496,Ed Dahler,0,1926-01-31,Duquesne,USA,6-5,190.0,1.0,16,Forward,1951,1951,1950.0,2,0.0,0,Duquesne,College/University,,,,
76497,Quintin Dailey,0,1961-01-22,San Francisco,USA,6-3,180.0,10.0,20,Guard,1982,1991,1982.0,1,7.0,7,San Francisco,College/University,,,,
2223,Samuel Dalembert,0,1980-05-10,Seton Hall,Haiti,6-11,255.0,14.0,,Center,2001,2014,2001.0,1,26.0,26,Seton Hall,College/University,,,,
76498,Howie Dallmar,0,1922-05-24,Stanford,USA,6-4,200.0,3.0,12,Forward,1946,1948,,,,,,,,,,
956,Erick Dampier,0,1975-07-14,Mississippi State,USA,6-11,265.0,17.0,25,Center,1996,2011,1996.0,1,10.0,10,Mississippi State,College/University,,,,
76499,Lou Dampier,0,,nan,,,,,,,,,1967.0,4,7.0,38,Kentucky,College/University,,,,
76500,Bob Dandridge,0,1947-11-15,Norfolk State,USA,6-6,195.0,13.0,10,Forward,1969,1981,1969.0,4,2.0,45,Norfolk State,College/University,,,,
1498,Antonio Daniels,0,1975-03-19,Bowling Green,USA,6-4,205.0,14.0,22,Guard,1997,2010,1997.0,1,4.0,4,Bowling Green,College/University,,,,
1630700,Dyson Daniels,1,2003-03-17,NBA G League Ignite,Australia,6-7,199.0,1.0,11,Guard,2021,2023,2022.0,1,8.0,8,Ignite (G League),Other Team/Club,79.5,82.5,34.0,
2845,Erik Daniels,0,,nan,,,,,,,,,,,,,,,79.5,83.0,32.0,4.0
1380,Lloyd Daniels,0,1967-09-04,Mt. San Antonio,USA,6-7,205.0,5.0,,Guard,1992,1997,,,,,,,,,,
2605,Marquis Daniels,0,,nan,,,,,,,,,,,,,,,,,,
76502,Mel Daniels,0,1944-07-20,New Mexico,USA,6-9,220.0,1.0,34,Center,1976,1976,1967.0,1,9.0,9,New Mexico,College/University,,,,
203584,Troy Daniels,0,1991-07-15,Va Commonwealth,USA,6-4,200.0,8.0,30,Guard,2013,2019,,,,,,,,,,
390,Sasha Danilovic,0,1970-02-26,Virtus Bologna,Serbia,6-6,200.0,2.0,5,Guard,1995,1996,1992.0,2,16.0,43,KK Partizan (Serbia),Other Team/Club,,,,
76504,Adrian Dantley,0,1955-02-26,Notre Dame,USA,6-5,208.0,15.0,4,Forward,1976,1990,1976.0,1,6.0,6,Notre Dame,College/University,,,,
76506,Henry Darcey,0,1930-03-03,Oklahoma State,USA,6-7,217.0,1.0,10,Center,1952,1952,,,,,,,,,,
76507,Jimmy Darden,0,1922-06-19,Denver,USA,6-1,170.0,1.0,,Guard,1949,1949,1947.0,0,0.0,0,Denver,College/University,,,,
212,Yinka Dare,0,1972-10-10,George Washington,USA,7-0,265.0,4.0,,Center,1994,1997,1994.0,1,14.0,14,George Washington,College/University,,,,
76509,Jesse Dark,0,1951-09-02,Virginia Commonwealth,USA,6-4,210.0,1.0,11,Guard,1974,1974,1974.0,2,14.0,32,Virginia Commonwealth,College/University,,,,
1630268,Nate Darling,1,1998-08-30,Delaware,Canada,6-6,200.0,2.0,30,Guard,2020,2020,,,,,,,,,,
76511,Jimmy Darrow,0,1937-09-25,Bowling Green,USA,5-10,170.0,1.0,,Guard,1961,1961,1960.0,5,6.0,38,Bowling Green,College/University,,,,
203540,Gigi Datome,0,1987-11-27,Virtus Roma,Italy,6-8,215.0,2.0,70,Forward,2013,2014,,,,,,,,,,
921,Brad Daugherty,0,1965-10-19,North Carolina,USA,7-0,245.0,8.0,43,Center,1986,1993,1986.0,1,1.0,1,North Carolina,College/University,,,,
1600,Kornel David,0,1971-10-22,Budapest AEH,USA,6-9,230.0,3.0,9,Forward,1998,2000,,,,,,,,,,
201176,Jermareo Davidson,0,,nan,,,,,,,,,2007.0,2,6.0,36,Alabama,College/University,83.0,88.0,30.0,7.0
76514,Bob Davies,0,1920-01-15,Seton Hall,USA,6-1,175.0,7.0,11,Guard,1948,1954,,,,,,,,,,
203561,Brandon Davies,0,1991-07-25,Brigham Young,USA,6-10,240.0,2.0,,Forward,2013,2014,,,,,,,82.25,85.5,31.5,7.0
203076,Anthony Davis,1,1993-03-11,Kentucky,USA,6-10,253.0,11.0,3,Forward-Center,2012,2023,2012.0,1,1.0,1,Kentucky,College/University,82.5,89.5,,
213,Antonio Davis,0,1968-10-31,Texas-El Paso,USA,6-9,245.0,13.0,,Forward-Center,1993,2005,1990.0,2,18.0,45,Texas-El Paso,College/University,,,,
76515,Aubrey Davis,0,1921-03-28,Oklahoma Baptist,USA,6-2,175.0,1.0,,Guard,1946,1946,,,,,,,,,,
1884,Baron Davis,0,1979-04-13,UCLA,USA,6-3,212.0,14.0,85,Guard,1999,2011,1999.0,1,3.0,3,California-Los Angeles,College/University,,,,
989,Ben Davis,0,1972-12-26,Arizona,USA,6-9,245.0,5.0,,Forward,1996,1999,1996.0,2,14.0,43,Arizona,College/University,,,,
76538,Bill Davis,0,1921-10-03,Notre Dame,USA,6-3,215.0,1.0,,Forward,1946,1946,,,,,,,,,,
76533,Bob Davis,0,1950-04-02,Weber State,USA,6-7,215.0,1.0,11,Forward,1972,1972,1972.0,2,1.0,14,Weber State,College/University,,,,
76516,Brad Davis,0,1955-12-17,Maryland,USA,6-3,180.0,15.0,15,Guard,1977,1991,1977.0,1,15.0,15,Maryland,College/University,,,,
76517,Brian Davis,0,1970-06-21,Duke,USA,6-7,200.0,1.0,23,Forward,1993,1993,1992.0,2,21.0,48,Duke,College/University,,,,
76518,Charlie Davis,0,1958-10-05,Vanderbilt,USA,6-7,215.0,8.0,22,Forward,1981,1989,1981.0,2,12.0,35,Vanderbilt,College/University,,,,
76519,Charlie Davis,0,1949-09-07,Wake Forest,USA,6-1,160.0,3.0,,Guard,1971,1973,1971.0,8,1.0,120,Wake Forest,College/University,,,,
905,Dale Davis,0,1969-03-25,Clemson,USA,6-11,252.0,17.0,34,Center-Forward,1991,2006,1991.0,1,13.0,13,Clemson,College/University,,,,
1627738,Deyonta Davis,0,,nan,,,,,,,,,2016.0,2,1.0,31,Michigan State,College/University,,,,
76521,Double D Davis,0,1949-10-11,Houston,USA,6-8,220.0,5.0,42,Forward,1972,1976,1972.0,1,3.0,3,Houston,College/University,,,,
202334,Ed Davis,0,,nan,,,,,,,,,2010.0,1,13.0,13,North Carolina,College/University,81.75,84.0,36.0,
76522,Edward Davis,0,1950-06-16,Duquesne,USA,6-7,195.0,5.0,20,Forward,1972,1976,1972.0,7,16.0,113,Duquesne,College/University,,,,
1023,Emanual Davis,0,1968-08-27,Delaware State,USA,6-5,195.0,7.0,15,Guard,1996,2002,,,,,,,,,,
201175,Glen Davis,0,1986-01-01,Louisiana State,USA,6-9,289.0,8.0,0,Forward-Center,2007,2014,2007.0,2,5.0,35,Louisiana State,College/University,,,,
76523,Harry Davis,0,1956-01-27,Florida State,USA,6-7,220.0,2.0,23,Forward,1978,1979,1978.0,2,11.0,33,Florida State,College/University,,,,
93,Hubert Davis,0,1970-05-17,North Carolina,USA,6-5,183.0,13.0,44,Guard,1992,2003,1992.0,1,20.0,20,North Carolina,College/University,,,,
76524,James Davis,0,1932-04-22,St. John's (NY),USA,6-7,220.0,1.0,6,Center,1955,1955,1954.0,6,7.0,52,St. John's (NY),College/University,,,,
76525,Jim Davis,0,1941-12-18,Colorado,USA,6-9,225.0,8.0,20,Center,1967,1974,1964.0,4,2.0,27,Colorado,College/University,,,,
76526,Johnny Davis,0,1955-10-21,Dayton,USA,6-2,170.0,10.0,16,Guard,1976,1985,1976.0,2,5.0,22,Dayton,College/University,,,,
1631098,Johnny Davis,1,2002-02-27,Wisconsin,USA,6-4,195.0,1.0,1,Guard,2022,2023,2022.0,1,10.0,10,Wisconsin,College/University,77.75,80.5,,
2668,Josh Davis,0,1980-08-10,Wyoming,USA,6-8,235.0,4.0,,Forward,2003,2011,,,,,,,,,,
707,Mark Davis,0,1973-04-26,Texas Tech,USA,6-7,205.0,4.0,7,Guard-Forward,1995,1999,1995.0,2,19.0,48,Texas Tech,College/University,,,,
76528,Mark Davis,0,1963-06-08,Old Dominion,USA,6-6,195.0,1.0,,Forward,1988,1988,1985.0,4,9.0,79,Old Dominion,College/University,,,,
76529,Mel Davis,0,1950-11-09,St. John's (NY),USA,6-6,220.0,4.0,31,Forward,1973,1976,1973.0,1,14.0,14,St. John's (NY),College/University,,,,
76530,Michael Davis,0,1956-08-02,Maryland,USA,6-10,230.0,1.0,,Forward,1982,1982,,,,,,,,,,
76531,Mike Davis,0,1946-07-26,Virginia Union,USA,6-3,185.0,4.0,32,Guard,1969,1972,1969.0,1,14.0,14,Virginia Union,College/University,,,,
76520,Monti Davis,0,1958-07-26,Tennessee State,USA,6-7,205.0,1.0,43,Forward,1980,1980,1980.0,1,21.0,21,Tennessee State,College/University,,,,
200781,Paul Davis,0,1984-07-21,Michigan State,USA,6-11,270.0,4.0,,Center,2006,2009,2006.0,2,4.0,34,Michigan State,College/University,,,,
76532,Ralph Davis,0,1938-09-07,Cincinnati,USA,6-4,180.0,2.0,25,Guard,1960,1961,1960.0,3,1.0,17,Cincinnati,College/University,,,,
1729,Ricky Davis,0,1979-09-23,Iowa,USA,6-7,195.0,12.0,,Guard,1998,2009,1998.0,1,21.0,21,Iowa,College/University,,,,
76534,Ron Davis,0,1954-05-01,Washington State,USA,6-6,198.0,3.0,42,Guard,1976,1981,1976.0,5,2.0,70,Washington State,College/University,,,,
1629056,Terence Davis,1,1997-05-16,Mississippi,USA,6-4,201.0,4.0,3,Guard,2019,2023,,,,,,,76.5,80.75,34.0,13.0
426,Terry Davis,0,1967-06-17,Virginia Union,USA,6-10,270.0,10.0,54,Center-Forward,1989,2000,,,,,,,,,,
1629093,Tyler Davis,0,1997-05-22,Texas A&M,USA,6-10,266.0,1.0,,Center,2018,2018,,,,,,,,,,
76536,Walt Davis,0,1931-01-05,Texas A&M,USA,6-8,205.0,5.0,12,Center,1953,1957,1952.0,2,0.0,0,Texas A&M,College/University,,,,
1453,Walter Davis,0,1954-09-09,North Carolina,USA,6-6,193.0,15.0,6,Guard,1977,1991,1977.0,1,5.0,5,North Carolina,College/University,,,,
1631120,JD Davison,1,2002-10-03,Alabama,USA,6-1,195.0,1.0,20,Guard,2022,2023,2022.0,2,23.0,53,Alabama,College/University,74.5,78.5,37.0,
203958,Andre Dawkins,0,1991-09-19,Duke,USA,6-5,219.0,1.0,,Guard,2014,2014,,,,,,,,,,
76539,Darryl Dawkins,0,1957-01-11,Maynard Evans HS (FL),USA,6-11,251.0,14.0,50,Center,1975,1988,1975.0,1,5.0,5,Maynard Evans,High School,,,,
1008,Johnny Dawkins,0,1963-09-28,Duke,USA,6-2,165.0,9.0,12,Guard,1986,1994,1986.0,1,10.0,10,Duke,College/University,,,,
76541,Paul Dawkins,0,,nan,,,,,,,,,1979.0,10,1.0,185,Northern Illinois,College/University,,,,
1626183,Branden Dawson,0,,nan,,,,,,,,,2015.0,2,26.0,56,Michigan State,College/University,78.75,83.0,34.5,12.0
201286,Eric Dawson,0,1984-07-07,Midwestern State,USA,6-9,250.0,2.0,,Forward,2011,2011,,,,,,,,,,
76542,Tony Dawson,0,,nan,,,,,,,,,,,,,,,,,,
103,Todd Day,0,1970-01-07,Arkansas,USA,,,8.0,,,1992,2000,1992.0,1,8.0,8,Arkansas,College/University,,,,
201948,Austin Daye,0,1988-06-05,Gonzaga,USA,6-11,220.0,7.0,3,Forward,2009,2014,2009.0,1,15.0,15,Gonzaga,College/University,82.75,86.75,28.0,0.0
76543,Darren Daye,0,1960-11-30,UCLA,USA,6-8,220.0,5.0,20,Forward,1983,1987,1983.0,3,10.0,57,California-Los Angeles,College/University,,,,
1630620,Darius Days,1,1999-10-20,Louisiana State,USA,6-7,245.0,1.0,5,Forward,2022,2023,,,,,,,,,,
201986,Nando De Colo,0,,nan,,,,,,,,,2009.0,2,23.0,53,Cholet Basket (France),Other Team/Club,,,,
76545,Dave DeBusschere,0,1940-10-16,Detroit,USA,6-6,220.0,12.0,22,Forward,1962,1973,1962.0,0,0.0,0,Detroit Mercy,College/University,,,,
692,Andrew DeClercq,0,1973-02-01,Florida,USA,6-10,255.0,11.0,,Center,1995,2004,1995.0,2,5.0,34,Florida,College/University,,,,
1629602,Javin DeLaurier,0,1998-04-07,Duke,USA,6-10,234.0,1.0,,Center,2021,2021,,,,,,,,,,
76551,Nate DeLong,0,1926-01-05,Wisconsin-River Falls,USA,6-6,220.0,1.0,21,Center,1951,1951,1950.0,9,0.0,0,Wisconsin-River Falls,College/University,,,,
201942,DeMar DeRozan,1,1989-08-07,Southern California,USA,6-6,220.0,14.0,11,Guard-Forward,2009,2023,2009.0,1,9.0,9,Southern California,College/University,78.5,81.0,38.5,5.0
76562,Hank DeZonie,0,1922-02-12,Clark Atlanta,USA,6-5,215.0,1.0,10,Forward,1950,1950,,,,,,,,,,
76544,Greg Deane,0,1957-12-06,Utah,USA,6-4,190.0,1.0,33,Guard,1979,1979,1979.0,4,1.0,67,Utah,College/University,,,,
1630466,Gabriel Deck,0,1995-02-08,Real Madrid,Argentina,6-6,231.0,2.0,,Forward,2020,2021,,,,,,,,,,
203473,Dewayne Dedmon,1,1989-08-12,Southern California,USA,6-10,245.0,10.0,14,Center,2013,2023,,,,,,,83.5,88.0,32.5,8.0
76546,Archie Dees,0,1936-02-22,Indiana,USA,6-8,205.0,4.0,44,Forward,1958,1961,1958.0,1,2.0,2,Indiana,College/University,,,,
143,Terry Dehere,0,1971-09-12,Seton Hall,USA,6-4,190.0,6.0,24,Guard,1993,1998,1993.0,1,13.0,13,Seton Hall,College/University,,,,
76548,Red Dehnert,0,,nan,,,,,,,,,,,,,,,,,,
1626214,Bryce Dejean-Jones,0,1992-08-21,Iowa State,USA,6-6,203.0,1.0,,Guard,2015,2015,,,,,,,,,,
1626155,Sam Dekker,0,1994-05-06,Wisconsin,USA,6-8,219.0,5.0,,Forward,2015,2021,2015.0,1,18.0,18,Wisconsin,College/University,81.0,83.5,34.5,5.0
219,Vinny Del Negro,0,,nan,,,,,,,,,1988.0,2,4.0,29,North Carolina State,College/University,,,,
1627098,Malcolm Delaney,0,1989-03-11,Virginia Tech,USA,6-3,190.0,2.0,5,Guard,2016,2017,,,,,,,,,,
183,Bison Dele,0,1969-04-06,Arizona,USA,6-11,260.0,8.0,8,Center-Forward,1991,1998,1991.0,1,10.0,10,Arizona,College/University,,,,
2568,Carlos Delfino,0,1982-08-29,Fortitudo Bologna,Argentina,6-6,230.0,9.0,10,Guard-Forward,2004,2013,2003.0,1,25.0,25,Fortitudo Pallacanestro Bologna (Italy),Other Team/Club,,,,
1629116,Angel Delgado,0,1994-11-20,Seton Hall,Dominican Republic,6-10,245.0,2.0,31,Center,2018,2018,,,,,,,,,,
960,Tony Delk,0,1974-01-28,Kentucky,USA,6-2,189.0,10.0,00,Guard,1996,2005,1996.0,1,16.0,16,Kentucky,College/University,,,,
203521,Matthew Dellavedova,1,1990-09-08,St. Mary's,Australia,6-3,200.0,9.0,8,Guard,2013,2023,,,,,,,,,,
76552,Fennis Dembo,0,,nan,,,,,,,,,1988.0,2,5.0,30,Wyoming,College/University,,,,
76553,Larry Demic,0,1957-06-27,Arizona,USA,6-9,225.0,3.0,42,Forward,1979,1981,1979.0,1,9.0,9,Arizona,College/University,,,,
725,Dell Demps,0,1970-02-12,Pacific,USA,6-3,205.0,3.0,,Guard,1993,1996,,,,,,,,,,
76555,George Dempsey,0,1929-07-19,King's,USA,6-3,190.0,5.0,3,Guard,1954,1958,1951.0,7,9.0,68,King's (NY),College/University,,,,
2736,Luol Deng,0,1985-04-16,Duke,United Kingdom,6-9,237.0,16.0,9,Forward,2004,2018,2004.0,1,7.0,7,Duke,College/University,80.0,84.5,31.5,5.0
76556,Kenny Dennard,0,1958-10-18,Duke,USA,6-8,220.0,3.0,33,Forward,1981,1983,1981.0,4,9.0,78,Duke,College/University,,,,
76557,Blaine Denning,0,1930-09-19,Lawrence Tech,USA,6-2,175.0,1.0,,Guard,1952,1952,1952.0,0,0.0,0,Lawrence Tech,College/University,,,,
202458,Justin Dentmon,0,1985-09-05,Washington,USA,5-11,185.0,2.0,,Guard,2011,2012,,,,,,,,,,
76558,Randy Denton,0,1949-02-18,Duke,USA,6-10,240.0,1.0,34,Center,1976,1976,1971.0,4,10.0,61,Duke,College/University,,,,
76559,Rod Derline,0,1952-03-11,Seattle,USA,6-0,175.0,2.0,25,Guard,1974,1975,1974.0,10,8.0,169,Seattle,College/University,,,,
1629094,Marcus Derrickson,0,1996-02-01,Georgetown,USA,6-7,249.0,2.0,32,Forward,2018,2018,,,,,,,,,,
76560,Dave Deutsch,0,1945-05-13,Rochester,USA,6-1,170.0,1.0,3,Guard,1966,1966,,,,,,,,,,
76561,Walter Devlin,0,1931-12-21,George Washington,USA,6-5,195.0,3.0,13,Guard,1955,1957,,,,,,,,,,
76568,Ernie DiGregorio,0,1951-01-15,Providence,USA,6-0,180.0,5.0,7,Guard,1973,1977,1973.0,1,3.0,3,Providence,College/University,,,,
1628978,Donte DiVincenzo,1,1997-01-31,Villanova,USA,6-4,203.0,5.0,0,Guard,2018,2023,2018.0,1,17.0,17,Villanova,College/University,76.5,78.0,42.0,12.0
1631217,Moussa Diabate,1,2002-01-21,Michigan,France,6-10,210.0,1.0,25,Forward,2022,2023,2022.0,2,13.0,43,Michigan,College/University,82.25,86.5,36.5,
1629603,Mamadi Diakite,1,1997-01-21,Virginia,Guinea,6-9,228.0,3.0,21,Forward,2020,2023,,,,,,,82.2,87.75,37.0,
1760,Derrick Dial,0,,nan,,,,,,,,,1998.0,2,23.0,52,Eastern Michigan,College/University,,,,
1627767,Cheick Diallo,0,1996-09-13,Kansas,Mali,6-8,219.0,5.0,,Forward-Center,2016,2021,2016.0,2,3.0,33,Kansas,College/University,,,,
1628977,Hamidou Diallo,1,1998-07-31,Kentucky,USA,6-5,202.0,5.0,6,Guard,2018,2023,2018.0,2,15.0,45,Kentucky,College/University,77.0,83.25,44.5,0.0
2564,Boris Diaw,0,1982-04-16,Pau Orthez,France,6-8,250.0,15.0,33,Center-Forward,2003,2016,2003.0,1,21.0,21,Elan Bearnais Pau-Orthez (France),Other Team/Club,,,,
200821,Yakhouba Diawara,0,1982-08-29,Pepperdine,USA,6-7,225.0,5.0,9,Forward-Guard,2006,2009,,,,,,,,,,
200799,Guillermo Diaz,0,,nan,,,,,,,,,2006.0,2,22.0,52,Miami (FL),College/University,,,,
2424,Dan Dickau,0,1978-09-16,Gonzaga,USA,6-0,180.0,7.0,10,Guard,2002,2007,2002.0,1,28.0,28,Gonzaga,College/University,,,,
2079,Kaniel Dickens,0,,nan,,,,,,,,,2000.0,2,21.0,50,Idaho,College/University,,,,
76563,Henry Dickerson,0,1951-11-27,University of Charleston,USA,6-4,190.0,2.0,13,Guard,1975,1976,,,,,,,,,,
1722,Michael Dickerson,0,1975-06-25,Arizona,USA,6-5,190.0,6.0,8,Guard,1998,2002,1998.0,1,14.0,14,Arizona,College/University,,,,
76564,Derrek Dickey,0,1951-03-20,Cincinnati,USA,6-7,218.0,5.0,40,Forward,1973,1977,1973.0,2,11.0,29,Cincinnati,College/University,,,,
76565,Dick Dickey,0,1926-10-26,North Carolina State,USA,6-1,175.0,1.0,23,Guard,1951,1951,1950.0,3,0.0,0,North Carolina State,College/University,,,,
101143,Travis Diener,0,1982-03-01,Marquette,USA,6-1,175.0,6.0,27,Guard,2005,2009,2005.0,2,8.0,38,Marquette,College/University,73.0,71.75,31.0,1.0
203476,Gorgui Dieng,1,1990-01-18,Louisville,Senegal,6-10,248.0,10.0,41,Center,2013,2023,2013.0,1,21.0,21,Louisville,College/University,82.75,87.5,,
1631172,Ousmane Dieng,1,,nan,,,,,,,,,2022.0,1,11.0,11,Breakers (New Zealand),Other Team/Club,,,,
76566,Connie Dierking,0,,nan,,,,,,,,,1958.0,1,5.0,5,Cincinnati,College/University,,,,
76567,Coby Dietrick,0,,nan,,,,,,,,,1970.0,10,2.0,155,San Jose State,College/University,,,,
76569,Mickey Dillard,0,1958-10-15,Florida State,USA,6-3,170.0,1.0,9,Guard,1981,1981,1981.0,3,9.0,55,Florida State,College/University,,,,
76570,Bob Dille,0,1917-07-02,Valparaiso,USA,6-3,190.0,1.0,,Forward,1946,1946,,,,,,,,,,
76571,John Dillon,0,1924-01-08,North Carolina,USA,6-3,180.0,1.0,,Forward,1949,1949,1948.0,0,0.0,0,North Carolina,College/University,,,,
76574,Byron Dinkins,0,1967-06-15,North Carolina-Charlotte,USA,6-1,170.0,2.0,5,Guard,1989,1990,,,,,,,,,,
76575,Jackie Dinkins,0,1950-01-22,Voorhees,USA,6-5,210.0,1.0,23,Forward,1971,1971,1971.0,9,14.0,150,Voorhees,College/University,,,,
76576,Bill Dinwiddie,0,1943-07-15,New Mexico Highlands,USA,6-7,220.0,4.0,20,Forward,1967,1971,,,,,,,,,,
203915,Spencer Dinwiddie,1,1993-04-06,Colorado,USA,6-5,215.0,9.0,26,Guard,2014,2023,,,,,,,78.0,80.25,,
101113,Ike Diogu,0,1983-09-11,Arizona State,USA,6-9,250.0,7.0,,Forward,2005,2011,2005.0,1,9.0,9,Arizona State,College/University,80.0,87.5,31.0,21.0
2205,DeSagana Diop,0,,nan,,,,,,,,,2001.0,1,8.0,8,Oak Hill Academy,High School,,90.5,25.5,15.0
76577,Terry Dischinger,0,1940-11-21,Purdue,USA,6-7,189.0,9.0,42,Forward,1962,1972,1962.0,2,1.0,8,Purdue,College/University,,,,
76578,Fred Diute,0,,nan,,,,,,,,,1951.0,3,8.0,27,St. Bonaventure,College/University,,,,
124,Vlade Divac,0,1968-02-03,Partizan,Serbia,7-1,260.0,17.0,21,Center,1989,2004,1989.0,1,26.0,26,KK Partizan (Serbia),Other Team/Club,,,,
2413,Juan Dixon,0,,nan,,,,,,,,,2002.0,1,17.0,17,Maryland,College/University,,,,
1059,Aleksandar Djordjevic,0,1967-08-26,Fortitudo Bologna,Serbia,6-2,198.0,1.0,,Guard,1996,1996,,,,,,,,,,
76580,Earl Dodd,0,1924-11-01,Truman State,USA,6-5,175.0,1.0,,Forward,1949,1949,1949.0,5,0.0,0,Truman State,College/University,,,,
1720,Michael Doleac,0,1977-06-15,Utah,USA,6-11,262.0,11.0,51,Center,1998,2007,1998.0,1,12.0,12,Utah,College/University,,,,
76581,Joe Dolhon,0,1927-07-09,New York University,USA,6-0,175.0,2.0,,Guard,1949,1950,,,,,,,,,,
76582,Bob Doll,0,1919-08-10,Colorado,USA,6-4,195.0,4.0,19,Forward,1946,1949,,,,,,,,,,
76583,James Donaldson,0,1957-08-16,Washington State,USA,7-2,275.0,14.0,54,Center,1980,1994,1979.0,4,7.0,73,Washington State,College/University,,,,
1629029,Luka Doncic,1,1999-02-28,Real Madrid,Slovenia,6-7,230.0,5.0,77,Forward-Guard,2018,2023,2018.0,1,3.0,3,Real Madrid Baloncesto (Spain),Other Team/Club,,,,
76584,Bob Donham,0,1926-10-11,Ohio State,USA,6-2,190.0,4.0,12,Guard,1950,1953,1950.0,3,0.0,0,Ohio State,College/University,,,,
76586,Billy Donovan,0,,nan,,,,,,,,,1987.0,3,22.0,68,Providence,College/University,,,,
76585,Harry Donovan,0,1926-09-10,Muhlenberg,USA,6-2,180.0,1.0,16,Guard,1949,1949,1949.0,2,0.0,0,Muhlenberg,College/University,,,,
2039,Keyon Dooling,0,1980-05-08,Missouri,USA,6-3,195.0,14.0,55,Guard,2000,2012,2000.0,1,10.0,10,Missouri,College/University,,,,
76587,Jacky Dorsey,0,1954-12-18,Georgia,USA,6-7,230.0,3.0,34,Forward,1977,1980,1976.0,2,9.0,26,Georgia,College/University,,,,
201595,Joey Dorsey,0,,nan,,,,,,,,,2008.0,2,3.0,33,Memphis,College/University,79.25,85.75,33.0,19.0
1628416,Tyler Dorsey,1,1996-02-18,Oregon,USA,6-4,180.0,3.0,,Guard,2017,2022,2017.0,2,11.0,41,Oregon,College/University,76.5,77.25,36.0,8.0
1629652,Luguentz Dort,1,1999-04-19,Arizona State,Canada,6-4,220.0,4.0,5,Guard,2019,2023,,,,,,,76.25,80.5,38.0,14.0
1630245,Ayo Dosunmu,1,2000-01-17,Illinois,USA,6-5,200.0,2.0,12,Guard,2021,2023,2021.0,2,8.0,38,Illinois,College/University,,,,
1628422,Damyean Dotson,0,1994-05-06,Houston,USA,6-5,210.0,5.0,,Guard,2017,2021,2017.0,2,14.0,44,Houston,College/University,77.5,81.0,38.0,13.0
1629653,Devon Dotson,1,1999-08-02,Kansas,USA,6-1,185.0,3.0,,Guard,2020,2022,,,,,,,74.0,75.25,38.5,7.0
200763,Quincy Douby,0,1984-05-16,Rutgers,USA,6-3,175.0,4.0,5,Guard,2006,2008,2006.0,1,19.0,19,Rutgers,College/University,,,,
76588,Bruce Douglas,0,1964-04-09,Illinois,USA,6-3,195.0,1.0,42,Guard,1986,1986,1986.0,3,10.0,57,Illinois,College/University,,,,
76589,John Douglas,0,1956-06-12,Kansas,USA,6-2,170.0,2.0,13,Guard,1981,1982,1978.0,6,8.0,118,Kansas,College/University,,,,
76590,Leon Douglas,0,,nan,,,,,,,,,1976.0,1,4.0,4,Alabama,College/University,,,,
428,Sherman Douglas,0,1966-09-15,Syracuse,USA,,,12.0,,Guard,1989,2000,1989.0,2,1.0,28,Syracuse,College/University,,,,
201962,Toney Douglas,0,1986-03-16,Florida State,USA,6-2,195.0,8.0,,Guard,2009,2016,2009.0,1,29.0,29,Florida State,College/University,74.0,78.0,32.5,15.0
201604,Chris Douglas-Roberts,0,1987-01-08,Memphis,USA,6-7,210.0,7.0,,Guard,2008,2014,2008.0,2,10.0,40,Memphis,College/University,,,,
1629635,Sekou Doumbouya,0,2000-12-23,Limoges,France,6-9,230.0,4.0,,Forward,2019,2021,2019.0,1,15.0,15,Limoges CSP (France),Other Team/Club,,,,
76592,Lloyd Dove,0,1945-08-16,St. John's (NY),USA,6-8,198.0,2.0,44,Forward,1967,1968,1967.0,1,4.0,4,St. John's (NY),College/University,,,,
202220,Zabian Dowdell,0,1984-09-10,Virginia Tech,USA,6-3,191.0,2.0,22,Guard,2010,2010,,,,,,,,,,
76593,Bill Downey,0,1923-11-11,Marquette,USA,6-6,210.0,1.0,,Center,1947,1947,,,,,,,,,,
76594,Steve Downing,0,1950-09-09,Indiana,USA,6-8,225.0,2.0,32,Center,1973,1974,1973.0,1,17.0,17,Indiana,College/University,,,,
1630288,Jeff Dowtin,1,1997-05-10,Rhode Island,USA,6-3,177.0,2.0,20,Guard,2021,2023,,,,,,,,,,
76595,Danny Doyle,0,1940-02-06,Belmont Abbey,USA,6-8,200.0,1.0,14,Forward,1962,1962,1961.0,5,3.0,44,Belmont Abbey,College/University,,,,
1628495,Milton Doyle,0,1993-10-31,Loyola (IL),USA,6-4,180.0,2.0,14,Guard,2017,2017,,,,,,,,,,
1628408,P.J. Dozier,1,1996-10-25,South Carolina,USA,6-6,205.0,6.0,35,Guard-Forward,2017,2023,,,,,,,78.75,83.0,39.0,9.0
76596,Terry Dozier,0,1966-06-29,South Carolina,USA,6-9,210.0,1.0,23,Forward,1989,1989,,,,,,,,,,
201609,Goran Dragic,1,1986-05-06,Union Olimpija,Slovenia,6-4,190.0,15.0,31,Guard,2008,2023,2008.0,2,15.0,45,KK Olimpija (Slovenia),Other Team/Club,,,,
204054,Zoran Dragic,0,,nan,,,,,,,,,,,,,,,,,,
1068,Greg Dreiling,0,1963-11-07,Kansas,USA,7-1,265.0,10.0,50,Center,1986,1996,1986.0,2,2.0,26,Kansas,College/University,,,,
1724,Bryce Drew,0,1974-09-21,Valparaiso,USA,6-3,184.0,6.0,,Guard,1998,2003,1998.0,1,16.0,16,Valparaiso,College/University,,,,
76598,John Drew,0,1954-09-30,Gardner-Webb,USA,6-6,205.0,11.0,22,Forward,1974,1984,1974.0,2,7.0,25,Gardner-Webb,College/University,,,,
76599,Larry Drew,0,1958-04-02,Missouri,USA,6-1,170.0,10.0,10,Guard,1980,1990,1980.0,1,17.0,17,Missouri,College/University,,,,
203580,Larry Drew II,0,1990-03-05,UCLA,USA,6-2,180.0,2.0,1,Guard,2014,2017,,,,,,,,,,
17,Clyde Drexler,0,1962-06-22,Houston,USA,6-7,222.0,15.0,22,Guard,1983,1997,1983.0,1,14.0,14,Houston,College/University,,,,
1041,Nate Driggers,0,,nan,,,,,,,,,,,,,,,,,,
76603,Terry Driscoll,0,1947-08-28,Boston College,USA,6-7,215.0,5.0,7,Forward,1970,1974,1969.0,1,4.0,4,Boston College,College/University,,,,
1542,Predrag Drobnjak,0,1975-10-27,Efes Pilsen,Serbia,6-11,270.0,5.0,14,Center,2001,2004,1997.0,2,20.0,48,KK Partizan (Serbia),Other Team/Club,,,,
76604,Ralph Drollinger,0,1954-04-20,UCLA,USA,7-2,250.0,1.0,52,Center,1980,1980,1976.0,7,17.0,121,California-Los Angeles,College/University,,,,
203083,Andre Drummond,1,1993-08-10,Connecticut,USA,6-11,279.0,11.0,3,Center,2012,2023,2012.0,1,9.0,9,Connecticut,College/University,83.75,90.25,33.5,10.0
76623,Dennis DuVal,0,1952-03-31,Syracuse,USA,6-3,175.0,2.0,21,Guard,1974,1975,1974.0,2,12.0,30,Syracuse,College/University,,,,
1630537,Chris Duarte,1,1997-06-13,Oregon,Dominican Republic,6-5,190.0,2.0,3,Guard,2021,2023,2021.0,1,13.0,13,Oregon,College/University,,,,
76605,Dick Duckett,0,1933-03-25,St. John's (NY),USA,6-1,185.0,1.0,10,Guard,1957,1957,1957.0,2,1.0,9,St. John's (NY),College/University,,,,
404,Kevin Duckworth,0,1964-04-01,Eastern Illinois,USA,7-0,300.0,12.0,00,Center,1986,1996,1986.0,2,9.0,33,Eastern Illinois,College/University,,,,
76607,Charles Dudley,0,1950-03-05,Washington,USA,6-2,180.0,6.0,5,Guard,1972,1978,1972.0,5,13.0,76,Washington,College/University,,,,
201,Chris Dudley,0,,nan,,,,,,,,,1987.0,4,6.0,75,Yale,College/University,,,,
201162,Jared Dudley,0,1985-07-10,Boston College,USA,6-6,237.0,15.0,10,Forward,2007,2020,2007.0,1,22.0,22,Boston College,College/University,79.25,79.0,32.0,14.0
76608,Terry Duerod,0,1956-07-29,Detroit,USA,6-2,180.0,4.0,40,Guard,1979,1982,1979.0,3,4.0,48,Detroit Mercy,College/University,,,,
76609,Bob Duffy,0,1922-07-05,Tulane,USA,6-4,175.0,1.0,17,Forward,1946,1946,,,,,,,,,,
76610,Bob Duffy,0,1940-09-26,Colgate,USA,6-3,185.0,3.0,,Guard,1962,1964,1962.0,2,3.0,10,Colgate,College/University,,,,
2768,Chris Duhon,0,1982-08-31,Duke,USA,6-1,190.0,10.0,21,Guard,2004,2012,2004.0,2,9.0,38,Duke,College/University,73.25,78.5,35.0,7.0
1626251,Duje Dukan,0,1991-12-04,Wisconsin,Croatia,6-9,220.0,2.0,26,Forward,2015,2015,,,,,,,,,,
1630561,David Duke Jr.,1,1999-10-13,Providence,USA,6-4,204.0,2.0,6,Guard,2021,2023,,,,,,,,,,
76611,Walter Dukes,0,1930-06-23,Seton Hall,USA,7-0,220.0,8.0,23,Center,1955,1962,1953.0,0,0.0,0,Seton Hall,College/University,,,,
247,Joe Dumars,0,,nan,,,,,,,,,1985.0,1,18.0,18,McNeese State,College/University,,,,
30,Richard Dumas,0,,nan,,,,,,,,,1991.0,2,19.0,46,Oklahoma State,College/University,,,,
434,Tony Dumas,0,1972-08-25,Missouri-Kansas City,USA,6-6,190.0,4.0,,Guard,1994,1997,1994.0,1,19.0,19,Missouri-Kansas City,College/University,,,,
76615,Andy Duncan,0,1922-04-17,William & Mary,USA,6-6,195.0,3.0,21,Forward,1948,1950,1947.0,0,0.0,0,William & Mary,College/University,,,,
1495,Tim Duncan,0,1976-04-25,Wake Forest,US Virgin Islands,6-11,250.0,20.0,21,Center-Forward,1997,2015,1997.0,1,1.0,1,Wake Forest,College/University,,,,
2399,Mike Dunleavy,0,1980-09-15,Duke,USA,6-9,230.0,16.0,34,Guard-Forward,2002,2016,2002.0,1,3.0,3,Duke,College/University,,,,
76616,Mike Dunleavy,0,1954-03-21,South Carolina,USA,6-3,180.0,11.0,,Guard,1976,1989,1976.0,6,13.0,99,South Carolina,College/University,,,,
1627739,Kris Dunn,0,1994-03-18,Providence,USA,6-3,205.0,7.0,11,Guard,2016,2023,2016.0,1,5.0,5,Providence,College/University,,,,
76617,Pat Dunn,0,,nan,,,,,,,,,1956.0,0,0.0,0,Utah State,College/University,,,,
76618,T.R. Dunn,0,,nan,,,,,,,,,1977.0,2,19.0,41,Alabama,College/University,,,,
2648,Ronald Dupree,0,,nan,,,,,,,,,,,,,,,,,,
201142,Kevin Durant,1,1988-09-29,Texas,USA,6-10,240.0,15.0,35,Forward,2007,2023,2007.0,1,2.0,2,Texas,College/University,82.25,88.75,33.5,0.0
1631105,Jalen Duren,1,2003-11-18,Memphis,USA,6-11,250.0,1.0,0,Center,2022,2023,2022.0,1,13.0,13,Memphis,College/University,,,,
76619,John Duren,0,1958-10-30,Georgetown,USA,6-3,195.0,3.0,44,Guard,1980,1982,1980.0,1,19.0,19,Georgetown,College/University,,,,
1090,Pat Durham,0,1967-03-10,Colorado State,USA,6-7,210.0,2.0,30,Forward,1992,1994,1989.0,2,8.0,35,Colorado State,College/University,,,,
76621,Devin Durrant,0,1960-10-20,Brigham Young,USA,6-7,200.0,2.0,17,Forward,1984,1985,1984.0,2,1.0,25,Brigham Young,College/University,,,,
76622,Ken Durrett,0,1948-12-08,La Salle,USA,6-7,190.0,4.0,33,Forward,1971,1974,1971.0,1,4.0,4,La Salle,College/University,,,,
1631347,Anthony Duruji,1,1998-07-22,Florida,USA,,,0.0,,,,,,,,,,,,,,
1628979,Trevon Duval,0,1998-08-03,Duke,USA,6-2,189.0,2.0,0,Guard,2018,2018,,,,,,,74.5,80.25,41.5,6.0
76624,Jack Dwan,0,,nan,,,,,,,,,,,,,,,,,,
76625,Craig Dykema,0,1959-06-11,Long Beach State,USA,6-8,190.0,1.0,35,Forward,1981,1981,1981.0,3,20.0,66,Long Beach State,College/University,,,,
76626,Gene Dyker,0,1930-02-17,DePaul,USA,6-6,225.0,1.0,5,Forward,1953,1953,1953.0,0,0.0,0,DePaul,College/University,,,,
202406,Jerome Dyson,0,,nan,,,,,,,,,,,,,,,,,,
289,Ledell Eackles,0,1966-11-24,New Orleans,USA,6-5,231.0,7.0,21,Guard,1988,1997,1988.0,2,11.0,36,New Orleans,College/University,,,,
76628,Jim Eakins,0,1946-05-24,Brigham Young,USA,6-11,215.0,2.0,24,Center,1976,1977,1968.0,5,7.0,57,Brigham Young,College/University,,,,
768,Acie Earl,0,1970-06-23,Iowa,USA,6-11,240.0,4.0,55,Forward-Center,1993,1996,1993.0,1,19.0,19,Iowa,College/University,,,,
76630,Ed Earle,0,1927-04-28,Loyola-Chicago,USA,6-3,190.0,1.0,6,Forward,1953,1953,,,,,,,,,,
203921,Cleanthony Early,0,1991-04-17,Wichita State,USA,6-8,210.0,3.0,11,Forward,2014,2015,,,,,,,79.25,82.75,40.0,
1631106,Tari Eason,1,2001-05-10,Louisiana State,USA,6-8,215.0,1.0,17,Forward,2022,2023,2022.0,1,17.0,17,Louisiana State,College/University,80.0,86.0,,
76631,Mark Eaton,0,,nan,,,,,,,,,1979.0,5,19.0,107,California-Los Angeles,College/University,,,,
76632,Jerry Eaves,0,1959-02-08,Louisville,USA,6-4,180.0,4.0,22,Guard,1982,1986,1982.0,3,9.0,55,Louisville,College/University,,,,
202365,Devin Ebanks,0,1989-10-28,West Virginia,USA,6-9,215.0,4.0,3,Forward,2010,2012,2010.0,2,13.0,43,West Virginia,College/University,80.25,84.25,32.0,6.0
76633,Bill Ebben,0,1935-10-07,Detroit,USA,6-4,190.0,1.0,6,Guard,1957,1957,1957.0,3,2.0,18,Detroit Mercy,College/University,,,,
76634,Al Eberhard,0,1952-05-10,Missouri,USA,6-6,225.0,4.0,44,Forward,1974,1977,1974.0,1,15.0,15,Missouri,College/University,,,,
2569,Ndudi Ebi,0,1984-06-18,Westbury Christian HS (TX),USA,6-9,195.0,3.0,44,Forward,2003,2004,2003.0,1,26.0,26,Westbury Christian School,High School,,,,
1630693,Jaime Echenique,0,1997-04-27,Wichita State,Colombia,6-10,258.0,2.0,,Center,2021,2021,,,,,,,,,,
204067,Jarell Eddie,0,,nan,,,,,,,,,,,,,,,,,,
76635,Patrick Eddie,0,1967-12-27,Mississippi,USA,6-11,240.0,1.0,41,Center,1991,1991,,,,,,,,,,
76636,Thomas Eddleman,0,1922-12-27,Illinois,USA,6-2,189.0,4.0,12,Forward,1949,1952,1949.0,3,0.0,0,Illinois,College/University,,,,
76637,Kent Edelin,0,1962-05-24,Virginia,USA,6-8,205.0,1.0,,Forward,1984,1984,1984.0,7,1.0,140,Virginia,College/University,,,,
76638,Keith Edmonson,0,,nan,,,,,,,,,1982.0,1,10.0,10,Purdue,College/University,,,,
721,Tyus Edney,0,1973-02-14,UCLA,USA,5-10,166.0,4.0,2,Guard,1995,2000,1995.0,2,18.0,47,California-Los Angeles,College/University,,,,
1630162,Anthony Edwards,1,2001-08-05,Georgia,USA,6-4,225.0,3.0,1,Guard,2020,2023,2020.0,1,1.0,1,Georgia,College/University,,,,
76646,Bill Edwards,0,1971-09-22,Wright State,USA,6-8,215.0,1.0,40,Forward,1993,1993,,,,,,,,,,
898,Blue Edwards,0,1965-10-31,East Carolina,USA,6-4,200.0,10.0,,Forward,1989,1998,1989.0,1,21.0,21,East Carolina,College/University,,,,
1629035,Carsen Edwards,0,1998-03-12,Purdue,USA,5-11,200.0,4.0,4,Guard,2019,2021,2019.0,2,3.0,33,Purdue,College/University,72.0,78.25,34.5,12.0
2451,Corsley Edwards,0,1979-03-05,Central Connecticut State,USA,6-9,275.0,1.0,,Forward,2002,2004,2002.0,2,29.0,57,Central Connecticut State,College/University,,,,
346,Doug Edwards,0,1971-01-21,Florida State,USA,6-7,235.0,3.0,32,Forward,1993,1995,1993.0,1,15.0,15,Florida State,College/University,,,,
76641,Franklin Edwards,0,1959-02-02,Cleveland State,USA,6-1,170.0,7.0,10,Guard,1981,1987,1981.0,1,22.0,22,Cleveland State,College/University,,,,
229,James Edwards,0,,nan,,,,,,,,,1977.0,3,2.0,46,Washington,College/University,,,,
76643,Jay Edwards,0,1969-01-03,Indiana,USA,6-4,185.0,1.0,3,Forward,1989,1989,1989.0,2,6.0,33,Indiana,College/University,,,,
2823,John Edwards,0,1981-07-31,Kent State,USA,7-0,275.0,3.0,54,Center,2004,2005,,,,,,,85.0,88.5,,15.0
1630556,Kessler Edwards,1,,nan,,,,,,,,,2021.0,2,14.0,44,Pepperdine,College/University,,,,
236,Kevin Edwards,0,1965-10-30,DePaul,USA,6-3,210.0,11.0,21,Guard,1988,2000,1988.0,1,20.0,20,DePaul,College/University,,,,
1630306,Rob Edwards,0,1997-01-20,Arizona State,USA,6-5,205.0,2.0,,Guard,2021,2021,,,,,,,,,,
202197,Shane Edwards,0,,nan,,,,,,,,,,,,,,,,,,
1629053,Vincent Edwards,0,1996-04-05,Purdue,USA,6-8,225.0,2.0,12,Forward,2018,2018,2018.0,2,22.0,52,Purdue,College/University,,,,
76647,Johnny Egan,0,,nan,,,,,,,,,1961.0,2,3.0,12,Providence,College/University,,,,
76648,Lonnie Eggleston,0,1918-06-08,Oklahoma State,USA,6-0,170.0,1.0,,Guard,1948,1948,,,,,,,,,,
76649,Eddie Ehlers,0,1923-03-10,Purdue,USA,6-3,198.0,2.0,14,Guard,1947,1948,1947.0,1,3.0,3,Purdue,College/University,,,,
378,Craig Ehlo,0,1961-08-11,Washington State,USA,6-6,180.0,14.0,,Guard,1983,1996,1983.0,3,1.0,48,Washington State,College/University,,,,
76651,Dick Eichhorst,0,1933-10-21,Southeast Missouri,USA,6-3,200.0,1.0,,Guard,1961,1961,,,,,,,,,,
458,Howard Eisley,0,1972-12-04,Boston College,USA,6-2,185.0,12.0,10,Guard,1994,2005,1994.0,2,3.0,30,Boston College,College/University,,,,
1918,Obinna Ekezie,0,1975-08-22,Maryland,Nigeria,6-9,270.0,5.0,,Center,1999,2004,1999.0,2,8.0,37,Maryland,College/University,,,,
2064,Khalid El-Amin,0,1979-04-25,Connecticut,USA,5-10,200.0,2.0,11,Guard,2000,2002,2000.0,2,5.0,34,Connecticut,College/University,,,,
76653,Don Eliason,0,1918-07-24,Hamline,USA,6-2,210.0,1.0,14,Forward,1946,1946,,,,,,,,,,
53,Mario Elie,0,1963-11-26,American International,USA,6-5,225.0,11.0,17,Guard-Forward,1990,2000,1985.0,7,21.0,160,American International,College/University,,,,
1629604,CJ Elleby,1,2000-06-16,Washington State,USA,6-6,200.0,3.0,16,Forward-Guard,2020,2021,2020.0,2,16.0,46,Washington State,College/University,78.2,79.25,36.5,
76655,Ray Ellefson,0,1922-11-18,West Texas A&M,USA,6-8,230.0,2.0,,Center,1948,1950,,,,,,,,,,
1627740,Henry Ellenson,0,1997-01-13,Marquette,USA,6-10,240.0,5.0,,Forward-Center,2016,2020,2016.0,1,18.0,18,Marquette,College/University,,,,
201961,Wayne Ellington,0,1987-11-29,North Carolina,USA,6-4,207.0,14.0,2,Guard,2009,2021,2009.0,1,28.0,28,North Carolina,College/University,77.25,78.5,38.0,13.0
76656,Bob Elliott,0,,nan,,,,,,,,,1977.0,2,20.0,42,Arizona,College/University,,,,
251,Sean Elliott,0,1968-02-02,Arizona,USA,6-8,220.0,12.0,32,Forward,1989,2000,1989.0,1,3.0,3,Arizona,College/University,,,,
76658,Alexander Ellis,0,1936-02-11,Niagara,USA,6-5,185.0,2.0,30,Forward,1958,1959,1958.0,3,1.0,16,Niagara,College/University,,,,
76664,Bo Ellis,0,,nan,,,,,,,,,1977.0,1,17.0,17,Marquette,College/University,,,,
107,Dale Ellis,0,1960-08-06,Tennessee,USA,6-7,205.0,17.0,,Guard,1983,1999,1983.0,1,9.0,9,Tennessee,College/University,,,,
1677,Harold Ellis,0,1970-10-07,Morehouse,USA,6-5,220.0,3.0,3,Forward-Guard,1993,1997,,,,,,,,,,
76661,Joe Ellis,0,1944-05-03,San Francisco,USA,6-6,175.0,8.0,31,Forward,1966,1973,,,,,,,,,,
1631165,Keon Ellis,1,2000-01-08,Alabama,USA,6-3,175.0,1.0,23,Guard,2022,2023,,,,,,,76.75,80.5,35.5,
111,LaPhonso Ellis,0,1970-05-05,Notre Dame,USA,6-8,240.0,12.0,3,Forward,1992,2002,1992.0,1,5.0,5,Notre Dame,College/University,,,,
1034,LeRon Ellis,0,1969-04-28,Syracuse,USA,6-9,225.0,3.0,28,Center,1991,1995,1991.0,1,22.0,22,Syracuse,College/University,,,,
76663,Leroy Ellis,0,1940-03-10,St. John's (NY),USA,6-11,210.0,14.0,25,Forward,1962,1975,1962.0,1,6.0,6,St. John's (NY),College/University,,,,
101145,Monta Ellis,0,1985-10-26,No College,USA,6-3,185.0,13.0,11,Guard,2005,2016,2005.0,2,10.0,40,Lanier,High School,75.25,74.75,31.5,0.0
442,Pervis Ellison,0,1967-04-03,Louisville,USA,,,11.0,,Center,1989,2000,1989.0,1,1.0,1,Louisville,College/University,,,,
600010,Len Elmore,0,1952-03-28,Maryland,USA,6-10,220.0,8.0,44,Center,1976,1983,1974.0,1,13.0,13,Maryland,College/University,,,,
1922,Francisco Elson,0,,nan,,,,,,,,,1999.0,2,12.0,41,California,College/University,,,,
76667,Darrell Elston,0,1952-08-15,North Carolina,USA,6-3,190.0,1.0,15,Guard,1976,1976,1974.0,3,7.0,43,North Carolina,College/University,,,,
2408,Melvin Ely,0,1978-05-02,Fresno State,USA,6-10,260.0,9.0,4,Center-Forward,2002,2013,2002.0,1,12.0,12,Fresno State,College/University,,,,
203954,Joel Embiid,1,1994-03-16,Kansas,Cameroon,7-0,280.0,7.0,21,Center-Forward,2014,2023,,,,,,,,,,
76668,Wayne Embry,0,1937-03-26,Miami (Ohio),USA,6-8,240.0,11.0,15,Center,1958,1968,1958.0,3,7.0,22,Miami (FL),College/University,,,,
2765,Andre Emmett,0,1982-08-27,Texas Tech,USA,6-5,230.0,3.0,,Guard,2004,2011,2004.0,2,6.0,35,Texas Tech,College/University,76.5,81.0,,
76669,Ned Endress,0,1918-03-02,Akron,USA,6-2,200.0,1.0,,Forward,1946,1946,,,,,,,,,,
76670,Chris Engler,0,1959-03-01,Wyoming,USA,6-11,245.0,5.0,50,Center,1982,1987,1982.0,3,14.0,60,Wyoming,College/University,,,,
76671,Wayne Englestad,0,1963-12-06,California-Irvine,USA,6-8,245.0,1.0,43,Forward,1988,1988,,,,,,,,,,
76672,A.J. English,0,1967-07-11,Virginia Union,USA,6-3,175.0,2.0,14,Guard,1990,1991,1990.0,2,10.0,37,Virginia Union,College/University,,,,
76673,Alex English,0,1954-01-05,South Carolina,USA,6-8,190.0,15.0,2,Forward,1976,1990,1976.0,2,6.0,23,South Carolina,College/University,,,,
76674,Claude English,0,1946-12-26,Rhode Island,USA,6-4,185.0,1.0,15,Guard,1970,1970,1970.0,7,8.0,110,Rhode Island,College/University,,,,
76676,Jojo English,0,1970-02-04,South Carolina,USA,6-4,195.0,3.0,3,Guard,1992,1994,,,,,,,,,,
203119,Kim English,0,1988-09-24,Missouri,USA,6-6,200.0,2.0,24,Guard,2012,2012,2012.0,2,14.0,44,Missouri,College/University,77.75,78.5,36.5,
76675,Scott English,0,1950-10-20,Texas-El Paso,USA,6-6,205.0,1.0,14,Forward,1972,1972,1972.0,3,3.0,33,Texas-El Paso,College/University,,,,
76677,Gene Englund,0,1917-10-21,Wisconsin,USA,6-4,205.0,1.0,10,Forward,1949,1949,,,,,,,,,,
203898,Tyler Ennis,0,1994-08-24,Syracuse,Canada,6-3,194.0,4.0,10,Guard,2014,2017,,,,,,,74.5,79.25,36.0,
203516,James Ennis III,0,1990-07-01,Cal State-Long Beach,USA,6-6,215.0,8.0,,Forward,2014,2021,2013.0,2,20.0,50,Long Beach State,College/University,79.0,83.5,36.5,7.0
76678,Ray Epps,0,,nan,,,,,,,,,1977.0,5,16.0,104,Norfolk State,College/University,,,,
201623,Semih Erden,0,1986-07-28,Fenerbahce,Turkey,7-0,240.0,3.0,9,Center,2010,2011,2008.0,2,30.0,60,Fenerbahce S.K. (Turkey),Other Team/Club,,,,
76679,Bo Erias,0,1932-07-30,Niagara,USA,6-3,220.0,1.0,,Forward,1957,1957,1954.0,5,7.0,43,Niagara,College/University,,,,
76680,Keith Erickson,0,1944-04-19,UCLA,USA,6-5,195.0,12.0,14,Forward,1965,1976,1965.0,3,1.0,18,California-Los Angeles,College/University,,,,
76681,Julius Erving,0,1950-02-22,Massachusetts,USA,6-7,200.0,11.0,6,Forward,1976,1986,1972.0,1,12.0,12,Massachusetts,College/University,,,,
1915,Evan Eschmeyer,0,1975-05-30,Northwestern,USA,6-11,250.0,5.0,00,Center,1999,2003,1999.0,2,5.0,34,Northwestern,College/University,,,,
76682,Jack Eskridge,0,1924-01-21,Kansas,USA,6-5,200.0,1.0,,Center,1948,1948,,,,,,,,,,
76683,Vincenzo Esposito,0,1969-03-01,Fortitudo Bologna,Italy,6-3,198.0,1.0,4,Guard,1995,1995,,,,,,,,,,
1629234,Drew Eubanks,1,1997-02-01,Oregon State,USA,6-10,245.0,5.0,24,Forward-Center,2018,2023,,,,,,,,,,
76687,Bob Evans,0,1925-05-31,Butler,USA,6-2,175.0,1.0,,Guard,1949,1949,1949.0,4,0.0,0,Butler,College/University,,,,
967,Brian Evans,0,,nan,,,,,,,,,1996.0,1,27.0,27,Indiana,College/University,,,,
76685,Earl Evans,0,1955-11-11,UNLV,USA,6-8,202.0,1.0,,Forward,1979,1979,1978.0,8,5.0,157,Nevada-Las Vegas,College/University,,,,
1628980,Jacob Evans,0,1997-06-18,Cincinnati,USA,6-4,210.0,3.0,12,Guard-Forward,2018,2019,2018.0,1,28.0,28,Cincinnati,College/University,77.5,81.25,35.5,8.0
1628393,Jawun Evans,0,,nan,,,,,,,,,2017.0,2,9.0,39,Oklahoma State,College/University,71.5,77.5,33.5,1.0
202379,Jeremy Evans,0,1987-10-24,Western Kentucky,USA,6-9,200.0,7.0,6,Forward,2010,2017,2010.0,2,25.0,55,Western Kentucky,College/University,,,,
2230,Maurice Evans,0,1978-11-08,Texas,USA,6-5,220.0,10.0,6,Guard-Forward,2001,2011,,,,,,,,80.0,37.5,22.0
76686,Mike Evans,0,,nan,,,,,,,,,1978.0,1,21.0,21,Kansas State,College/University,,,,
2501,Reggie Evans,0,1980-05-18,Iowa,USA,6-8,245.0,13.0,30,Center-Forward,2002,2014,,,,,,,,,,
201936,Tyreke Evans,0,1989-09-19,Memphis,USA,6-6,220.0,10.0,,Guard,2009,2018,2009.0,1,4.0,4,Memphis,College/University,77.25,83.25,34.0,7.0
101137,Daniel Ewing,0,1983-03-26,Duke,USA,6-3,185.0,2.0,3,Guard,2005,2006,2005.0,2,2.0,32,Duke,College/University,,,,
121,Patrick Ewing,0,,nan,,,,,,,,,1985.0,1,1.0,1,Georgetown,College/University,,,,
201607,Patrick Ewing,0,1984-05-20,Georgetown,USA,6-8,235.0,2.0,22,Forward,2010,2010,2008.0,2,13.0,43,Georgetown,College/University,79.25,84.25,42.0,2.0
203957,Dante Exum,0,1995-07-13,Australian Institute of Sport,Australia,6-5,214.0,7.0,5,Guard,2014,2020,,,,,,,78.0,81.5,34.5,
201963,Christian Eyenga,0,1989-06-22,DKV Joventut,Congo,6-7,210.0,3.0,88,Forward,2010,2011,2009.0,1,30.0,30,CB Prat (Spain),Other Team/Club,,,,
203105,Festus Ezeli,0,1989-10-21,Vanderbilt,Nigeria,6-11,265.0,4.0,31,Center,2012,2016,2012.0,1,30.0,30,Vanderbilt,College/University,83.5,89.75,33.5,18.0
76689,Johnny Ezersky,0,1905-04-04,Rhode Island,USA,,,3.0,,,1947,1949,1947.0,0,0.0,0,Rhode Island,College/University,,,,
76690,Joe Fabel,0,1913-09-04,Pittsburgh,USA,6-1,190.0,1.0,,Forward,1946,1946,,,,,,,,,,
76691,John Fairchild,0,1943-04-28,Brigham Young,USA,6-7,205.0,1.0,33,Forward,1965,1965,1965.0,2,8.0,16,Brigham Young,College/University,,,,
1629605,Tacko Fall,0,1995-12-10,UCF,Senegal,7-6,311.0,3.0,,Center,2019,2021,,,,,,,91.0,98.25,26.5,8.0
76692,Phil Farbman,0,1924-04-03,City College of New York,USA,6-1,185.0,1.0,8,Forward,1948,1948,,,,,,,,,,
202702,Kenneth Faried,0,,nan,,,,,,,,,2011.0,1,22.0,22,Morehead State,College/University,79.5,84.0,35.0,16.0
76693,Dick Farley,0,1932-04-13,Indiana,USA,6-4,190.0,3.0,22,Guard,1954,1958,1954.0,2,6.0,15,Indiana,College/University,,,,
200770,Jordan Farmar,0,1986-11-30,UCLA,USA,6-2,180.0,10.0,,Guard,2006,2016,2006.0,1,26.0,26,California-Los Angeles,College/University,,,,
2824,Desmon Farmer,0,1981-10-07,Southern California,USA,6-5,220.0,2.0,,Guard,2006,2008,,,,,,,77.75,80.5,31.0,12.0
76695,Jim Farmer,0,1964-09-23,Alabama,USA,6-4,190.0,5.0,22,Forward,1987,1993,1987.0,1,20.0,20,Alabama,College/University,,,,
76694,Mike Farmer,0,1936-09-26,San Francisco,USA,6-7,210.0,7.0,12,Forward,1958,1965,1958.0,1,3.0,3,San Francisco,College/University,,,,
1108,Tony Farmer,0,1970-01-03,Nebraska,USA,6-9,244.0,3.0,8,Forward,1997,1999,,,,,,,,,,
76696,Bob Faught,0,,nan,,,,,,,,,,,,,,,,,,
203543,Vitor Faverani,0,1988-05-05,Valencia,Brazil,6-11,260.0,2.0,38,Center,2013,2013,,,,,,,,,,
202324,Derrick Favors,1,1991-07-15,Georgia Tech,USA,6-9,265.0,13.0,15,Forward,2010,2021,2010.0,1,3.0,3,Georgia Tech,College/University,82.25,88.0,35.5,14.0
201174,Nick Fazekas,0,1985-06-17,Nevada-Reno,USA,6-11,235.0,2.0,20,Forward,2007,2007,2007.0,2,4.0,34,Nevada-Reno,College/University,,,,
76697,Dave Fedor,0,1940-12-10,Florida State,USA,6-6,190.0,1.0,17,Forward,1962,1962,1962.0,3,7.0,23,Florida State,College/University,,,,
76698,Bob Feerick,0,,nan,,,,,,,,,,,,,,,,,,
76699,Butch Feher,0,1954-05-19,Vanderbilt,USA,6-4,185.0,1.0,7,Guard,1976,1976,1976.0,2,16.0,33,Vanderbilt,College/University,,,,
994,Jamie Feick,0,1974-07-03,Michigan State,USA,6-8,255.0,6.0,14,Forward,1996,2002,1996.0,2,19.0,48,Michigan State,College/University,,,,
76701,Ron Feiereisel,0,1931-08-06,DePaul,USA,6-3,185.0,1.0,22,Guard,1955,1955,1953.0,0,0.0,0,DePaul,College/University,,,,
76702,George Feigenbaum,0,,nan,,,,,,,,,,,,,,,,,,
76703,Dave Feitl,0,1962-06-08,Texas-El Paso,USA,6-11,235.0,5.0,45,Center,1986,1991,1986.0,2,19.0,43,Texas-El Paso,College/University,,,,
1627770,Kay Felder,0,1995-03-29,Oakland,USA,5-9,176.0,3.0,22,Guard,2016,2017,2016.0,2,24.0,54,Oakland,High School,,,,
1626245,Cristiano Felicio,0,1992-07-07,Flamengo,Brazil,6-11,270.0,7.0,6,Forward-Center,2015,2020,,,,,,,,,,
203467,Carrick Felix,0,1990-08-17,Arizona State,USA,6-6,201.0,2.0,30,Guard-Forward,2013,2013,2013.0,2,3.0,33,Arizona State,College/University,78.25,81.25,38.5,15.0
101230,Noel Felix,0,1981-10-04,Fresno State,USA,6-9,225.0,2.0,16,Forward,2005,2005,,,,,,,,,,
76704,Ray Felix,0,1930-12-10,Long Island-Brooklyn,USA,6-11,220.0,9.0,14,Center,1953,1961,1953.0,1,1.0,1,Long Island-Brooklyn,College/University,,,,
101109,Raymond Felton,0,1984-06-26,North Carolina,USA,6-1,205.0,15.0,2,Guard,2005,2018,2005.0,1,5.0,5,North Carolina,College/University,72.25,76.25,33.5,6.0
76705,Jake Fendley,0,1929-06-12,Northwestern,USA,6-0,180.0,2.0,6,Guard,1951,1952,1951.0,3,4.0,23,Northwestern,College/University,,,,
76706,Bill Fenley,0,1922-02-08,Manhattan,USA,6-3,190.0,1.0,7,Forward,1946,1946,,,,,,,,,,
2724,Desmond Ferguson,0,1977-07-22,Detroit,USA,6-7,210.0,2.0,5,Forward,2003,2003,,,,,,,,,,
1628390,Terrance Ferguson,0,1998-05-17,nan,USA,6-6,190.0,4.0,,Guard,2017,2020,2017.0,1,21.0,21,Adelaide 36ers (Australia),Other Team/Club,79.0,80.75,38.0,
201164,Rudy Fernandez,0,1985-04-04,DKV Joventut,Spain,,,5.0,,,2008,2016,2007.0,1,24.0,24,Joventut Badalona (Spain),Other Team/Club,78.0,79.5,35.5,0.0
1628981,Bruno Fernando,1,1998-08-15,Maryland,Angola,6-10,240.0,4.0,0,Forward-Center,2019,2023,2019.0,2,4.0,34,Maryland,College/University,81.75,88.25,35.0,11.0
76707,Eric Fernsten,0,1953-11-01,San Francisco,USA,6-10,205.0,6.0,45,Center,1975,1983,1975.0,4,8.0,62,San Francisco,College/University,,,,
76708,Al Ferrari,0,1933-07-06,Michigan State,USA,6-4,190.0,6.0,22,Guard,1955,1962,,,,,,,,,,
76709,Rolando Ferreira,0,1964-05-24,Houston,USA,7-1,240.0,1.0,32,Forward,1988,1988,1988.0,2,1.0,26,Houston,College/University,,,,
273,Duane Ferrell,0,1965-02-28,Georgia Tech,USA,6-7,215.0,11.0,33,Forward,1988,1998,,,,,,,,,,
1627812,Yogi Ferrell,0,1993-05-09,Indiana,USA,6-0,178.0,6.0,11,Guard,2016,2020,,,,,,,,,,
76711,Arnie Ferrin,0,1925-07-29,Utah,USA,6-4,180.0,3.0,18,Forward,1948,1950,1948.0,0,0.0,0,Utah,College/University,,,,
76712,Bob Ferry,0,1937-05-31,St. Louis,USA,6-8,230.0,10.0,12,Center,1959,1968,1959.0,0,0.0,0,Saint Louis,College/University,,,,
198,Danny Ferry,0,1966-10-17,Duke,USA,6-10,235.0,14.0,35,Forward,1990,2002,1989.0,1,2.0,2,Duke,College/University,,,,
201178,Kyrylo Fesenko,0,1986-12-24,Cherkaski,Ukraine,7-1,280.0,6.0,44,Center,2007,2011,2007.0,2,8.0,38,Cherkaski Mavpy (Ukraine),Other Team/Club,,,,
76713,Kenny Fields,0,1962-02-09,UCLA,USA,6-5,220.0,4.0,54,Forward,1984,1987,1984.0,1,21.0,21,California-Los Angeles,College/University,,,,
202361,Landry Fields,0,1988-06-27,Stanford,USA,6-7,215.0,5.0,2,Guard-Forward,2010,2014,2010.0,2,9.0,39,Stanford,College/University,,,,
76714,Ron Filipek,0,1944-02-05,Tennessee Tech,USA,6-5,205.0,1.0,20,Forward,1967,1967,1967.0,9,9.0,100,Tennessee Tech,College/University,,,,
76715,Greg Fillmore,0,1947-03-07,Cheyney,USA,7-1,240.0,2.0,34,Center,1970,1971,1970.0,8,17.0,136,Cheyney,College/University,,,,
76716,Hank Finkel,0,1942-04-20,Dayton,USA,7-0,240.0,9.0,29,Center,1966,1974,1964.0,4,5.0,30,Dayton,College/University,,,,
714,Michael Finley,0,1973-03-06,Wisconsin,USA,6-7,225.0,16.0,40,Guard-Forward,1995,2009,1995.0,1,21.0,21,Wisconsin,College/University,,,,
76717,Danny Finn,0,1928-05-27,St. John's (NY),USA,6-1,185.0,3.0,7,Guard,1952,1954,,,,,,,,,,
1627827,Dorian Finney-Smith,1,,nan,,,,,,,,,,,,,,,,,,
900,Matt Fish,0,,nan,,,,,,,,,1992.0,2,23.0,50,North Carolina-Wilmington,College/University,,,,
965,Derek Fisher,0,1974-08-09,Arkansas-Little Rock,USA,6-1,210.0,18.0,6,Guard,1996,2013,1996.0,1,24.0,24,Arkansas-Little Rock,College/University,,,,
2809,Gerald Fitch,0,1982-08-12,Kentucky,USA,6-3,188.0,2.0,,Guard,2005,2005,,,,,,,,,,
1630238,Malik Fitts,1,1997-07-04,nan,USA,6-5,230.0,3.0,8,Forward,2020,2021,,,,,,,,,,
76720,Bob Fitzgerald,0,,nan,,,,,,,,,,,,,,,,,,
76719,Dick Fitzgerald,0,1920-11-18,Seton Hall,USA,6-2,175.0,2.0,,Forward,1946,1947,,,,,,,,,,
2033,Marcus Fizer,0,1978-08-10,Iowa State,USA,,,6.0,,,2000,2007,2000.0,1,4.0,4,Iowa State,College/University,,,,
76721,Jerry Fleishman,0,1922-02-14,New York University,USA,6-2,190.0,5.0,4,Guard,1946,1952,,,,,,,,,,
76722,Al Fleming,0,1954-04-05,Arizona,USA,6-7,215.0,1.0,30,Forward,1977,1977,1976.0,2,13.0,30,Arizona,College/University,,,,
76723,Ed Fleming,0,1933-07-25,Niagara,USA,6-3,189.0,5.0,50,Guard,1955,1959,,,,,,,,,,
313,Vern Fleming,0,,nan,,,,,,,,,1984.0,1,18.0,18,Georgia,College/University,,,,
2784,Luis Flores,0,1981-04-11,Manhattan,USA,6-2,195.0,2.0,12,Guard,2004,2004,2004.0,2,26.0,55,Manhattan,College/University,73.75,79.5,32.0,15.0
76725,Bruce Flowers,0,1957-06-13,Notre Dame,USA,6-8,225.0,1.0,23,Forward,1982,1982,1979.0,2,4.0,26,Notre Dame,College/University,,,,
76726,Sleepy Floyd,0,1960-03-06,Georgetown,USA,6-3,170.0,13.0,12,Guard,1982,1994,1982.0,1,13.0,13,Georgetown,College/University,,,,
201938,Jonny Flynn,0,1989-02-06,Syracuse,USA,6-0,185.0,4.0,3,Guard,2009,2011,2009.0,1,6.0,6,Syracuse,College/University,72.75,76.0,40.0,10.0
1630201,Malachi Flynn,1,,nan,,,,,,,,,2020.0,1,29.0,29,San Diego State,College/University,,,,
76727,Mike Flynn,0,,nan,,,,,,,,,1975.0,7,5.0,113,Kentucky,College/University,,,,
76728,Larry Fogle,0,1953-03-19,Canisius,USA,6-5,205.0,1.0,44,Guard,1975,1975,1975.0,2,16.0,34,Canisius,College/University,,,,
76729,Jack Foley,0,1939-04-19,Holy Cross,USA,6-3,170.0,1.0,7,Forward,1962,1962,1962.0,2,9.0,16,Holy Cross,College/University,,,,
1829,Ike Fontaine,0,1975-04-16,Washington State,USA,,,1.0,,,2001,2001,,,,,,,,,,
76731,Levi Fontaine,0,,nan,,,,,,,,,1970.0,5,2.0,70,Maryland,College/University,,,,
1631323,Simone Fontecchio,1,1995-12-09,Baskonia,Italy,6-7,209.0,1.0,16,Forward,2022,2023,,,,,,,,,,
202880,Jeff Foote,0,1987-07-14,Cornell,USA,7-0,265.0,1.0,,Center-Forward,2011,2011,,,,,,,,,,
1627854,Bryn Forbes,1,1993-07-23,Michigan State,USA,6-2,205.0,7.0,,Guard,2016,2022,,,,,,,,,,
201814,Gary Forbes,0,1985-02-25,Massachusetts,Panama,6-7,220.0,3.0,3,Forward,2010,2011,,,,,,,77.75,83.25,33.5,13.0
1630758,Aleem Ford,0,1997-12-22,LeonesdePonce,USA,6-8,220.0,2.0,,Forward,2021,2021,,,,,,,,,,
76732,Alphonso Ford,0,,nan,,,,,,,,,1993.0,2,5.0,32,Mississippi Valley State,College/University,,,,
2228,Alton Ford,0,1981-05-29,Houston,USA,6-9,280.0,4.0,,Forward,2001,2003,2001.0,2,22.0,50,Houston,College/University,,82.5,36.5,21.0
76733,Chris Ford,0,1949-01-11,Villanova,USA,6-5,190.0,10.0,42,Guard,1972,1981,1972.0,2,4.0,17,Villanova,College/University,,,,
76734,Don Ford,0,1952-12-31,California-Santa Barbara,USA,6-9,215.0,7.0,35,Forward,1975,1981,1975.0,6,2.0,92,California-Santa Barbara,College/University,,,,
76735,Jake Ford,0,1946-04-29,Maryland-Eastern Shore,USA,6-3,180.0,2.0,33,Guard,1970,1971,1969.0,5,8.0,65,Maryland,College/University,,,,
76736,Phil Ford,0,1956-02-09,North Carolina,USA,6-2,175.0,7.0,1,Guard,1978,1984,1978.0,1,2.0,2,North Carolina,College/University,,,,
101213,Sharrod Ford,0,,nan,,,,,,,,,,,,,,,80.25,85.5,37.0,9.0
726,Sherell Ford,0,1972-08-26,Illinois-Chicago,USA,6-7,210.0,1.0,1,Forward,1995,1995,1995.0,1,26.0,26,Illinois-Chicago,College/University,,,,
2551,T.J. Ford,0,1983-03-24,Texas-Austin,USA,6-0,165.0,8.0,,Guard,2003,2011,2003.0,1,8.0,8,Texas,College/University,,,,
76738,Donnie Forman,0,1926-01-17,New York University,USA,5-10,175.0,1.0,22,Guard,1948,1948,,,,,,,,,,
76739,Bayard Forrest,0,1954-07-08,Grand Canyon,USA,6-10,235.0,2.0,35,Center,1977,1978,1975.0,3,18.0,54,Grand Canyon,College/University,,,,
1630235,Trent Forrest,1,1998-06-12,Florida State,USA,6-4,210.0,3.0,2,Guard,2020,2023,,,,,,,76.7,79.5,34.5,
2218,Joseph Forte,0,1981-03-23,North Carolina,USA,6-4,194.0,3.0,40,Guard,2001,2002,2001.0,1,21.0,21,North Carolina,College/University,,78.5,33.0,10.0
202622,Courtney Fortson,0,1988-05-23,Arkansas,USA,5-11,185.0,2.0,9,Guard,2011,2011,,,,,,,,,,
1504,Danny Fortson,0,1976-03-27,Cincinnati,USA,6-8,260.0,10.0,21,Center-Forward,1997,2006,1997.0,1,10.0,10,Cincinnati,College/University,,,,
76740,Fred Foster,0,,nan,,,,,,,,,1968.0,3,6.0,28,Miami (OH),College/University,,,,
323,Greg Foster,0,1968-10-03,Texas-El Paso,USA,6-11,250.0,13.0,43,Center,1990,2002,1990.0,2,8.0,35,Texas-El Paso,College/University,,,,
1902,Jeff Foster,0,1977-01-16,Southwest Texas State,USA,6-11,250.0,13.0,10,Forward-Center,1999,2011,1999.0,1,21.0,21,Texas State,College/University,,,,
76742,Rod Foster,0,1960-10-10,UCLA,USA,6-1,160.0,3.0,10,Guard,1983,1985,1983.0,2,4.0,28,California-Los Angeles,College/University,,,,
1630701,Michael Foster Jr.,1,2003-01-16,                                   ,USA,6-8,250.0,1.0,,Forward,2022,2022,,,,,,,81.25,84.25,32.5,
2238,Antonis Fotsis,0,,nan,,,,,,,,,2001.0,2,19.0,47,Panathinaikos B.C. (Greece),Other Team/Club,,,,
203095,Evan Fournier,1,1992-10-29,Poitiers Basket 86,France,6-6,205.0,11.0,13,Guard-Forward,2012,2023,2012.0,1,20.0,20,Poitiers Basket 86 (France),Other Team/Club,,,,
76744,Larry Foust,0,1928-06-24,La Salle,USA,6-9,215.0,12.0,14,Center,1950,1961,1950.0,1,5.0,5,La Salle,College/University,,,,
76745,Jerry Fowler,0,1927-06-20,Missouri,USA,6-7,230.0,1.0,,Center,1951,1951,,,,,,,,,,
1762,Tremaine Fowlkes,0,1976-04-11,Fresno State,USA,6-8,220.0,4.0,,Forward,2001,2004,1998.0,2,25.0,54,Fresno State,College/University,,,,
1628368,De'Aaron Fox,1,1997-12-20,Kentucky,USA,6-3,185.0,6.0,5,Guard,2017,2023,2017.0,1,5.0,5,Kentucky,College/University,75.25,78.5,,
76746,Harold Fox,0,1949-08-29,Jacksonville,USA,6-2,175.0,1.0,7,Guard,1972,1972,1972.0,2,2.0,15,Jacksonville,College/University,,,,
76747,Jim Fox,0,1943-04-07,South Carolina,USA,6-10,230.0,10.0,40,Center,1967,1976,1965.0,8,6.0,67,South Carolina,College/University,,,,
296,Rick Fox,0,1969-07-24,North Carolina,Canada,6-7,235.0,14.0,17,Forward,1991,2003,1991.0,1,24.0,24,North Carolina,College/University,,,,
200751,Randy Foye,0,1983-09-24,Villanova,USA,6-4,218.0,12.0,2,Guard,2006,2016,2006.0,1,7.0,7,Villanova,College/University,,,,
1502,Adonal Foyle,0,1975-03-09,Colgate,St. Vincent & Grenadines,6-10,270.0,13.0,31,Center,1997,2009,1997.0,1,8.0,8,Colgate,College/University,,,,
2499,Richie Frahm,0,,nan,,,,,,,,,,,,,,,,,,
1883,Steve Francis,0,1977-02-21,Maryland,USA,6-3,210.0,10.0,3,Guard,1999,2007,1999.0,1,2.0,2,Maryland,College/University,,,,
76748,Tellis Frank,0,1965-04-26,Western Kentucky,USA,6-10,225.0,5.0,32,Forward,1987,1993,1987.0,1,14.0,14,Western Kentucky,College/University,,,,
76749,Nat Frankel,0,1913-11-03,Brooklyn,USA,6-0,195.0,1.0,,Forward,1946,1946,,,,,,,,,,
203479,Jamaal Franklin,0,1991-07-21,San Diego State,USA,6-5,191.0,3.0,22,Guard,2013,2014,2013.0,2,11.0,41,San Diego State,College/University,77.25,83.25,,
1629606,Robert Franks,0,,nan,,,,,,,,,,,,,,,,,,
204025,Tim Frazier,0,1990-11-01,Penn State,USA,6-0,170.0,8.0,,Guard,2014,2021,,,,,,,,,,
76750,Walt Frazier,0,1945-03-29,Southern Illinois,USA,6-4,200.0,13.0,10,Guard,1967,1979,1967.0,1,5.0,5,Southern Illinois,College/University,,,,
76751,Will Frazier,0,1942-08-24,Grambling,USA,6-7,210.0,1.0,,Forward,1965,1965,1965.0,2,1.0,9,Grambling,College/University,,,,
1626187,Michael Frazier II,0,1994-03-08,Florida,USA,6-3,200.0,2.0,21,Guard,2018,2019,,,,,,,76.25,80.0,35.0,10.0
1628982,Melvin Frazier Jr.,0,1996-08-30,Tulane,USA,6-5,215.0,4.0,6,Guard-Forward,2018,2021,2018.0,2,5.0,35,Tulane,College/University,78.0,85.75,40.5,0.0
76752,Anthony Frederick,0,1964-12-07,Pepperdine,USA,6-7,205.0,3.0,24,Forward,1988,1991,1986.0,6,17.0,133,Pepperdine,College/University,,,,
202690,Jimmer Fredette,0,1989-02-25,Brigham Young,USA,6-2,195.0,7.0,32,Guard,2011,2018,2011.0,1,10.0,10,Brigham Young,College/University,,,,
76753,World Free,0,1953-12-09,Guilford,USA,6-3,185.0,13.0,21,Guard,1975,1987,1975.0,2,5.0,23,Guilford,College/University,,,,
202683,Enes Freedom,0,1992-05-20,Fenerbahce,Turkey,6-10,250.0,11.0,,Center,2011,2021,2011.0,1,3.0,3,Kentucky,College/University,83.25,85.5,32.5,14.0
200777,Joel Freeland,0,1987-02-07,Malaga,United Kingdom,6-10,225.0,3.0,19,Center-Forward,2012,2014,2006.0,1,30.0,30,CB Gran Canaria (Spain),Other Team/Club,,,,
76754,Donnie Freeman,0,1944-07-18,Illinois,USA,6-3,185.0,1.0,20,Guard,1975,1975,,,,,,,,,,
76755,Gary Freeman,0,1948-07-25,Oregon State,USA,6-9,210.0,1.0,23,Forward,1970,1970,1970.0,1,16.0,16,Oregon State,College/University,,,,
76756,Rod Freeman,0,1950-11-05,Vanderbilt,USA,6-7,225.0,1.0,26,Forward,1973,1973,1973.0,11,1.0,166,Vanderbilt,College/University,,,,
2782,Matt Freije,0,1981-10-02,Vanderbilt,USA,6-9,249.0,3.0,,Forward,2004,2006,2004.0,2,24.0,53,Vanderbilt,College/University,81.5,85.0,31.0,13.0
76757,Frido Frey,0,1921-10-26,Long Island-Brooklyn,USA,6-2,195.0,1.0,4,Forward,1946,1946,,,,,,,,,,
76758,Larry Friend,0,1935-04-14,California,USA,6-4,185.0,1.0,7,Guard,1957,1957,1957.0,2,5.0,13,California,College/University,,,,
76759,Pat Frink,0,1945-02-18,Colorado,USA,6-4,195.0,1.0,17,Guard,1968,1968,1968.0,3,5.0,27,Colorado,College/University,,,,
76760,Jim Fritsche,0,1931-12-10,Hamline,USA,6-8,210.0,2.0,8,Center,1953,1954,1953.0,1,7.0,7,Hamline,College/University,,,,
101112,Channing Frye,0,1983-05-17,Arizona,USA,7-0,255.0,14.0,9,Forward-Center,2005,2018,2005.0,1,8.0,8,Arizona,College/University,82.5,86.5,31.0,19.0
76761,Bernie Fryer,0,1949-12-25,Brigham Young,USA,6-3,185.0,2.0,25,Guard,1973,1974,1972.0,7,12.0,109,Brigham Young,College/University,,,,
76762,Frank Fucarino,0,1920-07-24,Long Island-Brooklyn,USA,6-2,175.0,1.0,,Forward,1946,1946,,,,,,,,,,
76763,Herm Fuetsch,0,1918-07-06,Polytechnic HS (CA),USA,6-0,170.0,1.0,,Guard,1947,1947,,,,,,,,,,
76764,Joe Fulks,0,1921-10-26,Murray State,USA,6-5,190.0,8.0,10,Forward,1946,1953,,,,,,,,,,
2673,Hiram Fuller,0,1981-05-13,Fresno State,USA,6-9,240.0,2.0,,Forward,2003,2003,,,,,,,,,,
957,Todd Fuller,0,1974-07-25,North Carolina State,USA,,,5.0,,Center,1996,2000,1996.0,1,11.0,11,North Carolina State,College/University,,,,
76765,Tony Fuller,0,1958-09-04,Pepperdine,USA,6-4,180.0,1.0,,Guard,1980,1980,1980.0,5,1.0,93,Pepperdine,College/University,,,,
1628365,Markelle Fultz,1,1998-05-29,Washington,USA,6-4,209.0,6.0,20,Guard,2017,2023,2017.0,1,1.0,1,Washington,College/University,,,,
1444,Lawrence Funderburke,0,1970-12-15,Ohio State,USA,6-9,230.0,8.0,51,Forward,1997,2004,1994.0,2,24.0,51,Ohio State,College/University,,,,
76767,Terry Furlow,0,1954-10-18,Michigan State,USA,6-5,190.0,4.0,25,Guard,1976,1979,1976.0,1,12.0,12,Michigan State,College/University,,,,
76768,Billy Gabor,0,1922-05-13,Syracuse,USA,5-11,170.0,6.0,7,Guard,1949,1954,1948.0,0,0.0,0,Syracuse,College/University,,,,
1629117,Wenyen Gabriel,1,1997-03-26,Kentucky,South Sudan,6-9,205.0,4.0,35,Forward,2018,2023,,,,,,,,,,
203583,Abdul Gaddy,1,,nan,,,,,,,,,,,,,,,,,,
2429,Dan Gadzuric,0,1978-02-02,UCLA,Netherlands,6-11,240.0,11.0,50,Center,2002,2011,2002.0,2,5.0,33,California-Los Angeles,College/University,,,,
202070,Tony Gaffney,0,1984-11-14,Massachusetts,USA,6-8,205.0,1.0,,Forward,2009,2009,,,,,,,,,,
1629655,Daniel Gafford,1,1998-10-01,Arkansas,USA,6-10,234.0,4.0,21,Forward-Center,2019,2023,2019.0,2,8.0,38,Arkansas,College/University,82.5,86.5,36.5,5.0
101184,Deng Gai,0,1982-03-22,Fairfield,South Sudan,6-9,250.0,1.0,,Forward,2005,2005,,,,,,,81.25,88.5,35.5,11.0
76769,Elmer R. Gainer,0,1905-04-02,DePaul,USA,,,2.0,,,1947,1949,1947.0,0,0.0,0,DePaul,College/University,,,,
76770,Corey Gaines,0,1965-06-01,Loyola-Marymount,USA,6-3,195.0,5.0,5,Guard,1988,1994,1988.0,3,15.0,65,Loyola-Marymount,College/University,,,,
2558,Reece Gaines,0,1981-01-07,Louisville,USA,6-6,205.0,3.0,,Guard,2003,2005,2003.0,1,15.0,15,Louisville,College/University,,,,
202178,Sundiata Gaines,0,1986-04-18,Georgia,USA,6-1,200.0,4.0,1,Guard,2009,2011,,,,,,,,,,
76771,Mike Gale,0,1950-07-18,Elizabeth City State,USA,6-4,185.0,6.0,12,Guard,1976,1981,1971.0,3,12.0,47,Elizabeth City State,College/University,,,,
76772,Chad Gallagher,0,1969-05-30,Creighton,USA,6-10,255.0,1.0,55,Center,1993,1993,1991.0,2,5.0,32,Creighton,College/University,,,,
76773,Harry Gallatin,0,1927-04-26,Truman State,USA,6-6,210.0,10.0,10,Forward,1948,1957,1947.0,0,0.0,0,Truman State,College/University,,,,
201568,Danilo Gallinari,1,1988-08-08,Olimpia Milano,Italy,6-10,236.0,13.0,8,Forward,2008,2023,2008.0,1,6.0,6,Olimpia Milano (Italy),Other Team/Club,,,,
204038,Langston Galloway,1,1991-12-09,St. Joseph's (PA),USA,6-1,200.0,9.0,,Guard,2014,2021,,,,,,,,,,
76774,Dave Gambee,0,1937-04-16,Oregon State,USA,6-6,215.0,12.0,20,Forward,1958,1969,1958.0,1,6.0,6,Oregon State,College/University,,,,
333,Kevin Gamble,0,1965-11-13,Iowa,USA,6-5,210.0,10.0,,Forward,1987,1996,1987.0,3,17.0,63,Iowa,College/University,,,,
76776,Bob Gantt,0,1922-06-22,Duke,USA,6-4,205.0,1.0,,Forward,1946,1946,,,,,,,,,,
200816,Jorge Garbajosa,0,1977-12-19,Malaga,Spain,6-9,245.0,2.0,,Forward,2006,2007,,,,,,,,,,
2092,Ruben Garces,0,1973-10-17,Providence,USA,,,1.0,,Forward,2000,2000,,,,,,,,,,
2682,Alex Garcia,0,,nan,,,,,,,,,,,,,,,,,,
101128,Francisco Garcia,0,1981-12-31,Louisville,Dominican Republic,6-7,215.0,10.0,32,Guard-Forward,2005,2014,2005.0,1,23.0,23,Louisville,College/University,79.0,82.75,31.5,5.0
76778,Earl Gardner,0,1923-09-18,DePauw,USA,6-3,195.0,1.0,14,Forward,1948,1948,1948.0,0,0.0,0,DePauw,College/University,,,,
201242,Thomas Gardner,0,1985-02-08,Missouri,USA,6-5,225.0,3.0,3,Guard,2007,2008,,,,,,,,,,
76779,Vern Gardner,0,1925-05-14,Utah,USA,6-5,200.0,3.0,12,Center,1949,1951,1949.0,1,5.0,5,Utah,College/University,,,,
76780,Jack Garfinkel,0,1918-06-13,St. John's (NY),USA,6-0,190.0,3.0,21,Guard,1946,1948,,,,,,,,,,
1627868,Patricio Garino,0,1993-05-17,George Washington,Argentina,6-6,203.0,2.0,29,Guard-Forward,2016,2016,,,,,,,,,,
1629636,Darius Garland,1,2000-01-26,Vanderbilt,USA,6-1,192.0,4.0,10,Guard,2019,2023,2019.0,1,5.0,5,Vanderbilt,College/University,,,,
76781,Gary Garland,0,1957-10-12,DePaul,USA,6-4,180.0,1.0,24,Guard,1979,1979,1979.0,2,8.0,30,DePaul,College/University,,,,
76782,Winston Garland,0,,nan,,,,,,,,,1987.0,2,17.0,40,Missouri State,College/University,,,,
76783,Dick Garmaker,0,1932-10-29,Minnesota,USA,6-3,200.0,6.0,17,Guard,1955,1960,1954.0,9,8.0,80,Minnesota,College/University,,,,
1612,Chris Garner,0,1975-02-23,Memphis,USA,5-10,156.0,3.0,2,Guard,1997,2000,,,,,,,,,,
76785,Bill Garnett,0,1960-04-22,Wyoming,USA,6-9,225.0,4.0,20,Forward,1982,1985,1982.0,1,4.0,4,Wyoming,College/University,,,,
708,Kevin Garnett,0,1976-05-19,Farragut Academy HS (IL),USA,6-11,240.0,22.0,21,Forward,1995,2015,1995.0,1,5.0,5,Farragut Career Academy,High School,,,,
1831,Marlon Garnett,0,1975-07-03,Santa Clara,USA,6-2,186.0,1.0,,Guard,1998,1998,,,,,,,,,,
1628656,Billy Garrett,0,1994-10-16,DePaul,USA,6-6,215.0,2.0,3,Guard-Forward,2018,2018,,,,,,,,,,
76786,Calvin Garrett,0,1956-07-11,Oral Roberts,USA,6-7,190.0,4.0,0,Forward,1980,1983,1979.0,3,3.0,47,Oral Roberts,College/University,,,,
1051,Dean Garrett,0,1966-11-27,Indiana,USA,6-11,250.0,6.0,22,Center,1996,2001,1988.0,2,13.0,38,Indiana,College/University,,,,
203197,Diante Garrett,0,1988-11-03,Iowa State,USA,6-4,190.0,2.0,8,Guard,2012,2013,,,,,,,,,,
76788,Eldo Garrett,0,1947-01-31,Southern Illinois,USA,6-3,185.0,5.0,14,Guard,1969,1973,1969.0,2,12.0,27,Southern Illinois,College/University,,,,
1630585,Marcus Garrett,1,1998-11-09,Kansas,USA,6-5,205.0,2.0,,Guard,2021,2021,,,,,,,,,,
76789,Rowland Garrett,0,1950-07-16,Florida State,USA,6-6,210.0,5.0,24,Forward,1972,1976,1972.0,5,15.0,78,Florida State,College/University,,,,
76790,Tom Garrick,0,1966-07-07,Rhode Island,USA,6-2,185.0,4.0,5,Guard,1988,1991,1988.0,2,20.0,45,Rhode Island,College/University,,,,
76791,John Garris,0,1959-06-06,Boston College,USA,6-8,205.0,1.0,55,Forward,1983,1983,1983.0,2,3.0,27,Boston College,College/University,,,,
1619,Kiwane Garris,0,,nan,,,,,,,,,,,,,,,,,,
1727,Pat Garrity,0,1976-08-23,Notre Dame,USA,6-9,238.0,11.0,8,Forward,1998,2007,1998.0,1,19.0,19,Notre Dame,College/University,,,,
1630586,Usman Garuba,1,2002-03-09,Real Madrid,Spain,6-8,229.0,2.0,16,Forward,2021,2023,2021.0,1,23.0,23,Madrid (ESP),College/University,,,,
76793,Jim Garvin,0,1950-02-05,Boston University,USA,6-7,200.0,1.0,30,Forward,1973,1973,1973.0,17,2.0,204,Boston University,College/University,,,,
1630568,Luka Garza,1,,nan,,,,,,,,,2021.0,2,22.0,52,Iowa,College/University,,,,
201188,Marc Gasol,0,,nan,,,,,,,,,2007.0,2,18.0,48,CB Sant Josep (Spain),Other Team/Club,,,,
2200,Pau Gasol,0,1980-07-06,FC Barcelona,Spain,7-0,250.0,19.0,16,Center-Forward,2001,2018,2001.0,1,3.0,3,FC Barcelona Basquet (Spain),Other Team/Club,,,,
76794,Frank Gates,0,,nan,,,,,,,,,,,,,,,,,,
423,Chris Gatling,0,1967-09-03,Old Dominion,USA,,,11.0,,Forward,1991,2001,1991.0,1,16.0,16,Old Dominion,College/University,,,,
930,Kenny Gattison,0,,nan,,,,,,,,,1986.0,3,8.0,55,Old Dominion,College/University,,,,
200752,Rudy Gay,1,1986-08-17,Connecticut,USA,6-8,250.0,17.0,22,Forward-Guard,2006,2023,2006.0,1,8.0,8,Connecticut,College/University,,,,
76797,Ed Gayda,0,1927-05-11,Washington State,USA,6-4,210.0,1.0,10,Guard,1950,1950,1950.0,2,0.0,0,Washington State,College/University,,,,
1845,Andrew Gaze,0,1965-07-24,Seton Hall,USA,,,2.0,,,1993,2017,,,,,,,,,,
1627771,Michael Gbinije,0,1992-06-05,Syracuse,USA,6-7,200.0,2.0,9,Guard-Forward,2016,2016,2016.0,2,19.0,49,Syracuse,College/University,,,,
1002,Reggie Geary,0,1973-08-31,Arizona,USA,6-2,187.0,1.0,4,Guard,1996,1997,1996.0,2,27.0,56,Arizona,College/University,,,,
202087,Alonzo Gee,0,1987-05-29,Alabama,USA,6-6,225.0,8.0,,Forward,2009,2016,,,,,,,,,,
761,Matt Geiger,0,1969-09-10,Georgia Tech,USA,,,10.0,,Center,1992,2001,1992.0,2,15.0,42,Georgia Tech,College/University,,,,
101153,Mickael Gelabale,0,1983-05-22,Real Madrid,France,6-7,215.0,4.0,15,Forward,2006,2012,2005.0,2,18.0,48,Real Madrid Baloncesto (Spain),Other Team/Club,,,,
1904,Devean George,0,1977-08-29,Augsburg,USA,6-8,235.0,12.0,19,Forward,1999,2009,1999.0,1,23.0,23,Augsburg,College/University,,,,
76800,Jack George,0,1928-11-13,La Salle,USA,6-3,190.0,8.0,5,Guard,1953,1960,1953.0,0,0.0,0,La Salle,College/University,,,,
202331,Paul George,1,,nan,,,,,,,,,2010.0,1,10.0,10,Fresno State,College/University,80.75,83.25,,4.0
76801,Tate George,0,,nan,,,,,,,,,1990.0,1,22.0,22,Connecticut,College/University,,,,
1627875,Marcus Georges-Hunt,0,1994-03-28,Georgia Tech,USA,6-5,226.0,3.0,13,Guard,2016,2017,,,,,,,,,,
76802,Gus Gerard,0,1953-07-27,Virginia,USA,6-8,200.0,5.0,22,Forward,1976,1980,1975.0,3,14.0,50,Virginia,College/University,,,,
76803,Derrick Gervin,0,1963-03-28,Texas-San Antonio,USA,6-8,200.0,2.0,30,Forward,1989,1990,1985.0,4,20.0,90,Texas-San Antonio,College/University,,,,
76804,George Gervin,0,1952-04-27,Eastern Michigan,USA,6-7,180.0,10.0,44,Guard,1976,1985,1974.0,3,4.0,40,Eastern Michigan,College/University,,,,
76805,Gorham Getchell,0,1920-08-14,Temple,USA,6-4,205.0,1.0,,Center,1946,1946,,,,,,,,,,
76806,John Gianelli,0,1950-06-10,Pacific,USA,6-10,220.0,8.0,40,Center,1972,1979,1972.0,2,7.0,20,Pacific,College/University,,,,
76807,Dick Gibbs,0,1948-12-20,Texas-El Paso,USA,6-5,210.0,5.0,21,Forward,1971,1975,1971.0,3,14.0,49,Texas-El Paso,College/University,,,,
200789,Daniel Gibson,0,,nan,,,,,,,,,2006.0,2,12.0,42,Texas,College/University,,,,
76808,Dee Gibson,0,1923-08-25,Western Kentucky,USA,5-11,175.0,1.0,18,Guard,1949,1949,1948.0,0,0.0,0,Western Kentucky,College/University,,,,
1626780,Jonathan Gibson,0,1987-11-08,New Mexico State,USA,6-2,185.0,4.0,3,Guard,2016,2018,,,,,,,,,,
76809,Mel Gibson,0,,nan,,,,,,,,,1963.0,2,8.0,16,Western Carolina,College/University,,,,
76810,Mike Gibson,0,1960-10-27,South Carolina Upstate,USA,6-10,205.0,2.0,35,Forward,1983,1985,1982.0,2,21.0,44,South Carolina Upstate,College/University,,,,
201959,Taj Gibson,1,1985-06-24,Southern California,USA,6-9,232.0,14.0,67,Forward,2009,2023,2009.0,1,26.0,26,Southern California,College/University,81.75,88.0,30.0,12.0
76811,Ward Gibson,0,1921-12-05,Creighton,USA,6-5,198.0,1.0,,Center,1949,1949,,,,,,,,,,
201592,J.R. Giddens,0,1985-02-13,New Mexico,USA,6-5,215.0,3.0,4,Guard,2008,2009,2008.0,1,30.0,30,New Mexico,College/University,76.75,83.25,,10.0
1630581,Josh Giddey,1,2002-10-10,NBA Global Academy,Australia,6-8,216.0,2.0,3,Guard,2021,2023,2021.0,1,6.0,6,NBA Global Academy (Australia),Other Team/Club,,,,
201821,Trey Gilder,0,,nan,,,,,,,,,,,,,,,,,,
1628385,Harry Giles III,0,1998-04-22,Duke,USA,6-11,240.0,4.0,4,Forward-Center,2017,2020,2017.0,1,20.0,20,Duke,College/University,82.5,87.25,32.5,5.0
1628983,Shai Gilgeous-Alexander,1,1998-07-12,Kentucky,Canada,6-6,195.0,5.0,2,Guard,2018,2023,2018.0,1,11.0,11,Kentucky,College/University,78.0,83.5,,
1630264,Anthony Gill,1,1992-10-17,Virginia,USA,6-8,230.0,3.0,16,Forward,2020,2023,,,,,,,,,,
2109,Eddie Gill,0,1978-08-16,Weber State,USA,6-0,190.0,8.0,,Guard,2000,2008,,,,,,,,,,
383,Kendall Gill,0,1968-05-25,Illinois,USA,6-5,216.0,15.0,,Guard,1990,2004,1990.0,1,5.0,5,Illinois,College/University,,,,
76812,Ben Gillery,0,1965-09-19,Georgetown,USA,7-0,235.0,1.0,50,Center,1988,1988,,,,,,,,,,
1631221,Collin Gillespie,1,1999-06-25,Villanova,USA,6-1,195.0,0.0,21,Guard,2022,2023,,,,,,,74.75,76.0,33.0,
1630273,Freddie Gillespie,0,1997-06-14,Baylor,USA,6-9,245.0,2.0,,Center,2020,2021,,,,,,,,,,
76813,Gene Gillette,0,1905-04-04,St. Mary's (CA),USA,,,1.0,,,1946,1946,,,,,,,,,,
288,Armen Gilliam,0,1964-05-28,UNLV,USA,6-9,260.0,12.0,5,Forward,1987,1999,1987.0,1,2.0,2,Nevada-Las Vegas,College/University,,,,
76815,Herm Gilliam,0,1946-05-05,Purdue,USA,6-3,190.0,8.0,3,Guard,1969,1976,1968.0,13,3.0,163,Purdue,College/University,,,,
600014,Artis Gilmore,0,1948-09-21,Jacksonville,USA,7-2,240.0,12.0,53,Center,1976,1987,1971.0,7,15.0,117,Jacksonville,College/University,,,,
76817,Walt Gilmore,0,1947-02-27,Fort Valley State,USA,6-6,225.0,1.0,48,Forward,1970,1970,1970.0,2,8.0,25,Fort Valley State,College/University,,,,
76818,Chuck Gilmur,0,1922-08-13,Washington,USA,6-4,225.0,5.0,,Forward,1946,1950,,,,,,,,,,
1938,Manu Ginobili,0,1977-07-28,Virtus Bologna,Argentina,6-6,205.0,16.0,20,Guard,2002,2017,1999.0,2,28.0,57,Viola Reggio Calabria (Italy),Other Team/Club,,,,
1921,Gordan Giricek,0,1977-06-20,CSKA Moscow,Croatia,6-6,220.0,7.0,2,Guard,2002,2007,1999.0,2,11.0,40,KK Cibona (Croatia),Other Team/Club,,,,
76819,Jack Givens,0,,nan,,,,,,,,,1978.0,1,16.0,16,Kentucky,College/University,,,,
202148,Mickell Gladness,0,1986-07-26,Alabama A&M,USA,6-11,220.0,2.0,32,Center,2011,2011,,,,,,,,,,
76820,George Glamack,0,1919-06-07,North Carolina,USA,6-6,225.0,1.0,,Center,1948,1948,,,,,,,,,,
76821,Gerald Glass,0,1967-11-12,Mississippi,USA,6-5,221.0,4.0,,Forward,1990,1995,1990.0,1,20.0,20,Mississippi,College/University,,,,
76822,Mike Glenn,0,1955-09-10,Southern Illinois,USA,6-2,175.0,10.0,10,Guard,1977,1986,1977.0,2,1.0,23,Southern Illinois,College/University,,,,
76823,Norman Glick,0,1927-11-10,Loyola-Marymount,USA,6-6,190.0,1.0,20,Forward,1949,1949,,,,,,,,,,
76824,Georgi Glouchkov,0,1960-01-10,Akademik Varna,Bulgaria,6-8,235.0,1.0,16,Forward,1985,1985,1985.0,7,9.0,148,BC Cherno More Port Varna (Bulgaria),Other Team/Club,,,,
76825,Clarence Glover,0,1947-11-01,Western Kentucky,USA,6-8,210.0,1.0,28,Forward,1971,1971,1971.0,1,10.0,10,Western Kentucky,College/University,,,,
1901,Dion Glover,0,1978-10-22,Georgia Tech,USA,6-5,225.0,6.0,,Forward-Guard,1999,2004,1999.0,1,20.0,20,Georgia Tech,College/University,,,,
2601,Andreas Glyniadakis,0,1981-08-26,AEK Athens,Greece,7-1,280.0,1.0,,Center,2006,2006,2003.0,2,29.0,58,A.E.K. Athens B.C. (Greece),Other Team/Club,,,,
76826,Mike Gminski,0,1959-08-03,Duke,USA,6-11,250.0,14.0,43,Center,1980,1993,1980.0,1,7.0,7,Duke,College/University,,,,
203497,Rudy Gobert,1,1992-06-26,Cholet,France,7-1,258.0,10.0,27,Center,2013,2023,2013.0,1,27.0,27,Cholet Basket (France),Other Team/Club,86.0,92.5,29.0,7.0
76827,Dan Godfread,0,1967-06-14,Evansville,USA,6-10,250.0,2.0,35,Forward,1990,1991,,,,,,,,,,
76828,Tom Gola,0,1933-01-13,La Salle,USA,6-6,205.0,10.0,6,Guard,1955,1965,,,,,,,,,,
1631371,Grant Golden,1,,nan,,,,,,,,,,,,,,,,,,
76829,Ben Goldfaden,0,,nan,,,,,,,,,,,,,,,,,,
924,Anthony Goldwire,0,1971-09-06,Houston,USA,6-2,182.0,8.0,,Guard,1995,2005,1994.0,2,25.0,52,Houston,College/University,,,,
101155,Ryan Gomes,0,1982-09-01,Providence,USA,6-7,245.0,8.0,,Forward,2005,2013,2005.0,2,20.0,50,Providence,College/University,79.75,86.0,30.5,9.0
76830,Glen Gondrezick,0,1955-08-30,UNLV,USA,6-6,218.0,6.0,22,Forward,1977,1982,1977.0,2,4.0,26,Nevada-Las Vegas,College/University,,,,
76831,Grant Gondrezick,0,1963-01-19,Pepperdine,USA,6-5,205.0,2.0,3,Guard,1986,1988,1986.0,4,7.0,77,Pepperdine,College/University,,,,
2400,Drew Gooden,0,1981-09-24,Kansas,USA,6-10,250.0,15.0,90,Forward,2002,2015,2002.0,1,4.0,4,Kansas,College/University,,,,
76832,Gail Goodrich,0,1943-04-23,UCLA,USA,6-1,170.0,14.0,25,Guard,1965,1978,1965.0,0,0.0,0,California-Los Angeles,College/University,,,,
1864,Steve Goodrich,0,1976-03-18,Princeton,USA,6-10,220.0,3.0,30,Center,2000,2002,,,,,,,,,,
203462,Archie Goodwin,0,1994-08-17,Kentucky,USA,6-5,205.0,5.0,10,Guard,2013,2016,2013.0,1,29.0,29,Kentucky,College/University,77.25,81.5,36.0,1.0
1629164,Brandon Goodwin,0,1995-10-02,Florida Gulf Coast,USA,6-0,180.0,5.0,00,Guard,2018,2021,,,,,,,,,,
1630692,Jordan Goodwin,1,1998-10-23,St. Louis,USA,6-3,200.0,2.0,7,Guard,2021,2023,,,,,,,,,,
76833,Wilfred Goodwin,0,1920-12-22,St John's Prep HS (NY),USA,6-2,203.0,2.0,,Forward,1946,1947,,,,,,,,,,
203932,Aaron Gordon,1,1995-09-16,Arizona,USA,6-8,235.0,9.0,50,Forward,2014,2023,,,,,,,80.75,83.75,39.0,
2732,Ben Gordon,0,1983-04-04,Connecticut,USA,6-3,205.0,12.0,7,Guard,2004,2014,2004.0,1,3.0,3,Connecticut,College/University,74.25,80.5,37.5,12.0
204079,Drew Gordon,0,1990-07-12,New Mexico,USA,6-9,245.0,1.0,,Center-Forward,2014,2014,,,,,,,,,,
201569,Eric Gordon,1,1988-12-25,Indiana,USA,6-3,215.0,16.0,10,Guard,2008,2022,2008.0,1,7.0,7,Indiana,College/University,75.25,81.0,40.0,15.0
76834,Lancaster Gordon,0,1962-06-24,Louisville,USA,6-3,185.0,4.0,4,Guard,1984,1987,1984.0,1,8.0,8,Louisville,College/University,,,,
76835,Paul Gordon,0,,nan,,,,,,,,,1949.0,3,0.0,0,Notre Dame,College/University,,,,
101162,Marcin Gortat,0,1984-02-17,RheinEnergie Cologne,Poland,6-11,240.0,12.0,,Center,2007,2018,2005.0,2,27.0,57,Koln 99ers (Germany),Other Team/Club,84.0,87.5,36.0,18.0
76836,Leo Gottlieb,0,1920-11-28,DeWitt Clinton HS (NY),USA,5-11,180.0,2.0,9,Guard,1946,1947,,,,,,,,,,
202726,Andrew Goudelock,0,1988-12-07,College of Charleston,USA,6-3,200.0,4.0,0,Guard,2011,2015,2011.0,2,16.0,46,College of Charleston,College/University,74.75,76.25,37.0,4.0
76837,Bato Govedarica,0,1928-04-17,DePaul,USA,5-11,185.0,1.0,14,Guard,1953,1953,1951.0,3,5.0,24,DePaul,College/University,,,,
76838,Joe Graboski,0,1930-01-15,Tuley HS (IL),USA,6-8,195.0,13.0,23,Forward,1948,1961,,,,,,,,,,
76839,Ricky Grace,0,,nan,,,,,,,,,1988.0,3,17.0,67,Oklahoma,College/University,,,,
1628984,Devonte' Graham,1,1995-02-22,Kansas,USA,6-1,195.0,5.0,4,Guard,2018,2023,2018.0,2,4.0,34,Kansas,College/University,73.5,78.25,37.0,14.0
37,Greg Graham,0,1970-11-26,Indiana,USA,6-4,174.0,5.0,,Guard,1993,1997,1993.0,1,17.0,17,Indiana,College/University,,,,
101121,Joey Graham,0,1982-06-11,Oklahoma State,USA,6-7,230.0,7.0,12,Forward,2005,2010,2005.0,1,16.0,16,Oklahoma State,College/University,78.5,80.0,36.0,26.0
76843,Mal Graham,0,1945-02-23,New York University,USA,6-1,185.0,2.0,11,Guard,1967,1968,1967.0,1,11.0,11,New York University,College/University,,,,
76841,Orlando Graham,0,1965-05-05,Auburn-Montgomery,USA,6-8,220.0,1.0,44,Forward,1988,1988,1988.0,2,15.0,40,Auburn,College/University,,,,
76842,Paul Graham,0,1967-11-28,Ohio,USA,6-6,200.0,3.0,25,Guard,1991,1993,,,,,,,,,,
101211,Stephen Graham,0,,nan,,,,,,,,,,,,,,,,,,
1626203,Treveon Graham,0,1993-10-28,Virginia Commonwealth,USA,6-5,219.0,5.0,2,Guard-Forward,2016,2019,,,,,,,77.75,82.5,31.5,11.0
76844,Jim Grandholm,0,1960-10-04,South Florida,USA,7-0,235.0,1.0,50,Center,1990,1990,1984.0,4,6.0,76,South Florida,College/University,,,,
97,Ronnie Grandison,0,1964-07-09,New Orleans,USA,6-6,220.0,4.0,20,Forward,1988,1995,1987.0,5,8.0,100,New Orleans,College/University,,,,
101122,Danny Granger,0,1983-04-20,New Mexico,USA,6-9,222.0,11.0,22,Forward-Guard,2005,2014,2005.0,1,17.0,17,New Mexico,College/University,80.5,85.5,34.0,10.0
76847,Stewart Granger,0,1961-10-27,Villanova,USA,6-3,190.0,3.0,11,Guard,1983,1986,1983.0,1,24.0,24,Villanova,College/University,,,,
258,Brian Grant,0,1972-03-05,Xavier,USA,6-9,254.0,13.0,55,Forward-Center,1994,2005,1994.0,1,8.0,8,Xavier,College/University,,,,
76850,Bud Grant,0,1927-05-20,Minnesota,USA,6-3,195.0,2.0,20,Forward,1949,1950,1950.0,4,0.0,0,Minnesota,College/University,,,,
202,Gary Grant,0,,nan,,,,,,,,,1988.0,1,15.0,15,Michigan,College/University,,,,
285,Greg Grant,0,1966-08-29,College of New Jersey,USA,5-7,140.0,6.0,9,Guard,1989,1995,1989.0,2,25.0,52,College of New Jersey,College/University,,,,
265,Harvey Grant,0,1965-07-04,Oklahoma,USA,6-9,225.0,11.0,44,Forward,1988,1998,1988.0,1,12.0,12,Oklahoma,College/University,,,,
270,Horace Grant,0,,nan,,,,,,,,,1987.0,1,10.0,10,Clemson,College/University,,,,
203924,Jerami Grant,1,,nan,,,,,,,,,,,,,,,79.75,86.75,,
1626170,Jerian Grant,0,,nan,,,,,,,,,2015.0,1,19.0,19,Notre Dame,College/University,76.25,79.5,,
76852,Josh Grant,0,,nan,,,,,,,,,1993.0,2,16.0,43,Utah,College/University,,,,
1514,Paul Grant,0,1974-01-06,Wisconsin,USA,7-0,245.0,2.0,,Center,1998,2003,1997.0,1,20.0,20,Wisconsin,College/University,,,,
76853,Travis Grant,0,1950-01-01,Kentucky State,USA,6-7,215.0,2.0,33,Forward,1972,1973,1972.0,1,13.0,13,Kentucky State,College/University,,,,
1629055,Donte Grantham,0,1995-03-19,Clemson,USA,6-8,215.0,2.0,15,Forward,2018,2018,,,,,,,,,,
76854,Don Grate,0,1923-08-27,Ohio State,USA,6-2,185.0,1.0,,Guard,1949,1949,,,,,,,,,,
76855,Butch Graves,0,1962-01-05,Yale,USA,6-3,200.0,1.0,10,Forward,1984,1984,1984.0,3,21.0,68,Yale,College/University,,,,
1629755,Hassani Gravett,0,1996-07-16,South Carolina,USA,6-2,187.0,1.0,,Guard,2021,2021,,,,,,,,,,
201189,Aaron Gray,0,1984-12-07,Pittsburgh,USA,7-0,270.0,7.0,33,Center,2007,2013,2007.0,2,19.0,49,Pittsburgh,College/University,85.75,87.25,32.5,17.0
1070,Devin Gray,0,,nan,,,,,,,,,,,,,,,,,,
1516,Ed Gray,0,1975-09-27,California,USA,6-3,210.0,2.0,22,Guard,1997,1998,1997.0,1,22.0,22,California,College/University,,,,
1026,Evric Gray,0,1969-12-13,UNLV,USA,6-7,235.0,1.0,,Forward,1996,1996,,,,,,,,,,
76859,Gary Gray,0,1945-02-23,Oklahoma City,USA,6-1,185.0,1.0,15,Guard,1967,1967,1967.0,3,7.0,26,Oklahoma City,College/University,,,,
1627982,Josh Gray,0,1993-09-09,Louisiana State,USA,6-0,180.0,3.0,5,Guard,2017,2019,,,,,,,,,,
76860,Leonard Gray,0,1951-12-19,Long Beach State,USA,6-8,240.0,3.0,11,Forward,1974,1976,1973.0,3,10.0,45,Long Beach State,College/University,,,,
1630564,RaiQuan Gray,1,1999-07-07,Florida State,USA,6-7,269.0,1.0,0,Forward,2022,2023,2021.0,2,29.0,59,Florida State,College/University,,,,
76861,Stuart Gray,0,1963-05-27,UCLA,USA,7-0,235.0,7.0,40,Center,1984,1990,1984.0,2,5.0,29,California-Los Angeles,College/University,,,,
76862,Sylvester Gray,0,1967-07-08,Memphis,USA,6-6,230.0,1.0,40,Forward,1988,1988,1988.0,2,10.0,35,Memphis,College/University,,,,
76863,Wyndol Gray,0,1922-03-20,Harvard,USA,6-1,175.0,2.0,,Guard,1946,1947,,,,,,,,,,
81,Jeff Grayer,0,1965-12-17,Iowa State,USA,6-5,210.0,9.0,20,Guard,1988,1997,1988.0,1,13.0,13,Iowa State,College/University,,,,
76865,Bob Greacen,0,1947-09-15,Rutgers,USA,6-7,206.0,2.0,18,Forward,1969,1970,1969.0,2,2.0,17,Rutgers,College/University,,,,
920,A.C. Green,0,1963-10-04,Oregon State,USA,6-9,225.0,16.0,45,Forward,1985,2000,1985.0,1,23.0,23,Oregon State,College/University,,,,
1631260,A.J. Green,1,1999-09-27,Northern Iowa,USA,6-5,190.0,1.0,20,Guard,2022,2023,,,,,,,,,,
201980,Danny Green,1,1987-06-22,North Carolina,USA,6-6,215.0,14.0,14,Guard,2009,2023,2009.0,2,16.0,46,North Carolina,College/University,78.5,82.0,33.0,15.0
101209,Devin Green,0,1982-10-25,Hampton,USA,6-7,212.0,2.0,,Guard-Forward,2005,2005,,,,,,,,,,
203110,Draymond Green,1,1990-03-04,Michigan State,USA,6-6,230.0,11.0,23,Forward,2012,2023,2012.0,2,5.0,35,Michigan State,College/University,79.5,85.25,33.0,9.0
203475,Erick Green,0,1991-05-09,Virginia Tech,USA,6-4,185.0,2.0,,Guard,2014,2015,2013.0,2,16.0,46,Virginia Tech,College/University,75.0,77.75,,5.0
101123,Gerald Green,0,1986-01-26,No College,USA,6-7,205.0,13.0,14,Guard-Forward,2005,2018,2005.0,1,18.0,18,Gulf Shores Academy,High School,79.25,81.75,39.0,7.0
203210,JaMychal Green,1,1990-06-21,Alabama,USA,6-9,227.0,9.0,1,Forward-Center,2014,2023,,,,,,,,,,
1630224,Jalen Green,1,2002-02-09,NBA G League Ignite,USA,6-4,186.0,2.0,4,Guard,2021,2023,2021.0,1,2.0,2,Ignite (G League),Other Team/Club,,,,
1629750,Javonte Green,1,1993-07-23,Radford,USA,6-5,205.0,4.0,24,Guard,2019,2023,,,,,,,,,,
201145,Jeff Green,1,1986-08-28,Georgetown,USA,6-8,235.0,15.0,32,Forward,2007,2023,2007.0,1,5.0,5,Georgetown,College/University,81.5,85.25,38.0,17.0
76867,Johnny Green,0,,nan,,,,,,,,,1959.0,1,5.0,5,Michigan State,College/University,,,,
1630182,Josh Green,1,2000-11-16,Arizona,Australia,6-7,200.0,3.0,8,Guard,2020,2023,2020.0,1,18.0,18,Arizona,College/University,77.5,81.75,39.5,
76868,Ken Green,0,1959-09-19,Texas-Pan American,USA,6-8,215.0,1.0,3,Forward,1985,1985,1981.0,2,11.0,34,Texas-Pan American,College/University,,,,
76869,Kenny Green,0,1964-10-11,Wake Forest,USA,6-6,210.0,2.0,21,Guard,1985,1986,1985.0,1,12.0,12,Wake Forest,College/University,,,,
600011,Lamar Green,0,1947-03-22,Morehead State,USA,6-7,210.0,6.0,16,Forward,1969,1974,1969.0,3,4.0,33,Morehead State,College/University,,,,
1036,Litterial Green,0,,nan,,,,,,,,,1992.0,2,12.0,39,Georgia,College/University,,,,
76872,Luther Green,0,1946-11-13,Long Island-Brooklyn,USA,6-7,190.0,1.0,25,Forward,1972,1972,1969.0,3,12.0,41,Long Island-Brooklyn,College/University,,,,
76873,Mike Green,0,1951-08-06,Louisiana Tech,USA,6-10,200.0,4.0,23,Center,1976,1979,1973.0,1,4.0,4,Louisiana Tech,College/University,,,,
76874,Rickey Green,0,1954-08-18,Michigan,USA,6-0,170.0,14.0,13,Guard,1977,1991,1977.0,1,16.0,16,Michigan,College/University,,,,
76875,Sean Green,0,1970-02-02,Iona,USA,6-5,210.0,3.0,30,Guard,1991,1993,1991.0,2,14.0,41,Iona,College/University,,,,
76877,Si Green,0,1933-08-20,Duquesne,USA,6-2,185.0,9.0,28,Guard,1956,1965,1956.0,1,1.0,1,Duquesne,College/University,,,,
76876,Sidney Green,0,1961-01-04,UNLV,USA,6-9,220.0,10.0,21,Forward,1983,1992,1983.0,1,5.0,5,Nevada-Las Vegas,College/University,,,,
76878,Steve Green,0,1953-10-04,Indiana,USA,6-7,220.0,3.0,24,Forward,1976,1978,1975.0,2,12.0,30,Indiana,College/University,,,,
201192,Taurean Green,0,1986-11-28,Florida,USA,6-0,177.0,1.0,0,Guard,2007,2007,2007.0,2,22.0,52,Florida,College/University,72.75,74.25,32.5,8.0
76879,Tommy Green,0,1956-04-08,Southern,USA,6-2,185.0,1.0,14,Guard,1978,1978,1978.0,2,13.0,35,Southern University,College/University,,,,
2584,Willie Green,0,1981-07-28,Detroit,USA,6-3,205.0,12.0,34,Guard,2003,2014,2003.0,2,12.0,41,Detroit Mercy,College/University,,,,
201590,Donte Greene,0,1988-02-21,Syracuse,USA,6-11,226.0,6.0,13,Forward,2008,2012,2008.0,1,28.0,28,Syracuse,College/University,81.0,82.0,31.5,2.0
101158,Orien Greene,0,1982-02-04,Louisiana-Lafayette,USA,6-4,208.0,4.0,,Guard,2005,2010,2005.0,2,23.0,53,Louisiana-Lafayette,College/University,,,,
76880,Jerry Greenspan,0,1941-11-22,Maryland,USA,6-5,195.0,2.0,22,Forward,1963,1964,1963.0,3,7.0,24,Maryland,College/University,,,,
76881,David Greenwood,0,1957-05-27,UCLA,USA,6-9,222.0,12.0,33,Forward,1979,1990,1979.0,1,2.0,2,California-Los Angeles,College/University,,,,
76882,Hal Greer,0,,nan,,,,,,,,,1958.0,2,6.0,13,Marshall,College/University,,,,
2696,Lynn Greer,0,1979-10-23,Temple,USA,6-2,175.0,2.0,3,Guard,2006,2006,,,,,,,,,,
76883,Gary Gregor,0,,nan,,,,,,,,,1967.0,3,5.0,24,South Carolina,College/University,,,,
76884,Claude Gregory,0,1958-12-26,Wisconsin,USA,6-8,205.0,2.0,43,Forward,1985,1987,1981.0,2,18.0,41,Wisconsin,College/University,,,,
76885,John Greig,0,1961-04-28,Oregon,USA,6-7,215.0,1.0,22,Forward,1982,1982,1982.0,3,19.0,65,Oregon,College/University,,,,
76886,Norm Grekin,0,1930-06-22,La Salle,USA,6-5,180.0,1.0,,Forward,1953,1953,1953.0,3,0.0,0,La Salle,College/University,,,,
76887,Kevin Grevey,0,,nan,,,,,,,,,1975.0,1,18.0,18,Kentucky,College/University,,,,
1631100,AJ Griffin,1,2003-08-25,Duke,USA,6-6,220.0,1.0,14,Forward,2022,2023,2022.0,1,16.0,16,Duke,College/University,,,,
1559,Adrian Griffin,0,1974-07-04,Seton Hall,USA,6-5,230.0,10.0,44,Guard-Forward,1999,2007,,,,,,,,,,
201933,Blake Griffin,1,1989-03-16,Oklahoma,USA,6-9,250.0,13.0,91,Forward,2009,2023,2009.0,1,1.0,1,Oklahoma,College/University,82.0,83.25,35.5,22.0
2204,Eddie Griffin,0,1982-05-30,Seton Hall,USA,6-9,222.0,5.0,,Forward,2001,2006,2001.0,1,7.0,7,Seton Hall,College/University,,87.0,33.0,3.0
76888,Greg Griffin,0,1952-09-06,Idaho State,USA,6-7,190.0,1.0,25,Forward,1977,1977,1977.0,4,5.0,71,Idaho State,College/University,,,,
76889,Paul Griffin,0,1954-01-20,Western Michigan,USA,6-9,205.0,7.0,30,Forward,1976,1982,1976.0,5,6.0,74,Western Michigan,College/University,,,,
201981,Taylor Griffin,0,,nan,,,,,,,,,2009.0,2,18.0,48,Oklahoma,College/University,,,,
76890,Darrell Griffith,0,1958-06-16,Louisville,USA,6-4,190.0,10.0,35,Guard,1980,1990,1980.0,1,2.0,2,Louisville,College/University,,,,
76891,Chuck Grigsby,0,1928-08-15,Dayton,USA,6-5,190.0,1.0,17,Guard,1954,1954,1952.0,0,0.0,0,Dayton,College/University,,,,
1629656,Quentin Grimes,1,2000-05-08,Houston,USA,6-5,210.0,2.0,6,Guard,2021,2023,2021.0,1,25.0,25,Houston,College/University,77.25,79.75,36.0,6.0
1575,Derek Grimm,0,1974-08-03,Missouri,USA,6-9,230.0,1.0,,Forward,1997,1997,,,,,,,,,,
76893,George Grimshaw,0,1919-09-24,Brown,USA,6-1,185.0,1.0,,Guard,1946,1946,,,,,,,,,,
76894,Dick Groat,0,1930-11-04,Duke,USA,5-11,180.0,1.0,5,Guard,1952,1952,1952.0,1,0.0,3,Duke,College/University,,,,
76895,Bob Gross,0,1953-08-03,Long Beach State,USA,6-6,200.0,8.0,30,Forward,1975,1982,1975.0,2,7.0,25,Long Beach State,College/University,,,,
76896,Jerry Grote,0,1940-12-28,Loyola-Marymount,USA,6-4,215.0,1.0,32,Guard,1964,1964,1962.0,4,3.0,28,Loyola-Marymount,College/University,,,,
76897,Alex Groza,0,,nan,,,,,,,,,1949.0,1,2.0,2,Kentucky,College/University,,,,
101219,Anthony Grundy,0,1979-04-15,North Carolina State,USA,6-3,185.0,1.0,16,Guard,2005,2005,,,,,,,,,,
76899,Ernie Grunfeld,0,1955-04-24,Tennessee,USA,6-6,210.0,9.0,18,Guard,1977,1985,1977.0,1,11.0,11,Tennessee,College/University,,,,
76900,Gene Guarilia,0,1937-09-13,George Washington,USA,6-5,220.0,4.0,20,Forward,1959,1962,1959.0,2,8.0,14,George Washington,College/University,,,,
76901,Petur Gudmundsson,0,1958-10-30,Washington,USA,7-2,260.0,4.0,35,Center,1981,1988,1981.0,3,15.0,61,Washington,College/University,,,,
1629741,Marko Guduric,0,,nan,,,,,,,,,,,,,,,,,,
76902,Richie Guerin,0,1932-05-29,Iona,USA,6-4,195.0,13.0,19,Guard,1956,1969,1954.0,2,8.0,17,Iona,College/University,,,,
1631338,Mouhamadou Gueye,1,1998-07-06,Pittsburgh,USA,,,0.0,,,,,,,,,,,,,,
339,Tom Gugliotta,0,1969-12-19,North Carolina State,USA,6-10,250.0,14.0,7,Forward,1992,2004,1992.0,1,6.0,6,North Carolina State,College/University,,,,
76903,Andres Guibert,0,1968-10-28,Cantera Instituto,Cuba,6-10,225.0,2.0,51,Center,1993,1994,,,,,,,,,,
76904,Jay Guidinger,0,1969-08-18,Minnesota-Duluth,USA,6-10,255.0,2.0,54,Center,1992,1993,,,,,,,,,,
76905,Coulby Gunther,0,1923-02-05,Boston College,USA,6-4,190.0,2.0,,Forward,1946,1948,,,,,,,,,,
76906,Dave Gunther,0,1937-07-22,Iowa,USA,6-7,190.0,1.0,11,Forward,1962,1962,1959.0,8,3.0,56,Iowa,College/University,,,,
76907,Al Guokas,0,1925-08-07,St. Joseph's (PA),USA,6-5,200.0,1.0,,Forward,1949,1949,,,,,,,,,,
76908,Matt Guokas,0,1944-02-25,St. Joseph's (PA),USA,6-6,175.0,10.0,10,Guard,1966,1975,,,,,,,,,,
76909,Matt Guokas,0,,nan,,,,,,,,,,,,,,,,,,
203268,Jorge Gutierrez,0,1988-12-27,California,Mexico,6-3,189.0,4.0,12,Guard,2013,2015,,,,,,,,,,
1629657,Kyle Guy,0,,nan,,,,,,,,,2019.0,2,25.0,55,Virginia,College/University,74.25,76.5,36.5,4.0
2062,A.J. Guyton,0,,nan,,,,,,,,,2000.0,2,3.0,32,Indiana,College/University,,,,
2775,Ha Seung-jin,0,,nan,,,,,,,,,2004.0,2,17.0,46,Yonsei (KOR),College/University,,,,
1629060,Rui Hachimura,1,1998-02-08,Gonzaga,Japan,6-8,230.0,4.0,28,Forward,2019,2023,2019.0,1,9.0,9,Gonzaga,College/University,,,,
76910,Rudy Hackett,0,1953-05-10,Syracuse,USA,6-9,210.0,1.0,45,Forward,1976,1976,1975.0,3,1.0,37,Syracuse,College/University,,,,
201632,Hamed Haddadi,0,1985-05-19,Saba Battery,Iran,7-2,265.0,6.0,98,Center,2008,2012,,,,,,,,,,
76911,Scott Haffner,0,1966-02-02,Evansville,USA,6-3,180.0,2.0,4,Guard,1989,1990,1989.0,2,18.0,45,Evansville,College/University,,,,
76912,Cliff Hagan,0,1931-12-09,Kentucky,USA,6-4,210.0,10.0,16,Forward,1956,1965,1953.0,3,0.0,0,Kentucky,College/University,,,,
76913,Glenn Hagan,0,1955-06-25,St. Bonaventure,USA,6-0,170.0,1.0,10,Guard,1981,1981,1978.0,2,21.0,43,St. Bonaventure,College/University,,,,
1630204,Ashton Hagans,0,1999-07-08,Kentucky,USA,6-3,190.0,2.0,,Guard-Forward,2020,2020,,,,,,,74.5,80.0,36.5,
76914,Bob Hahn,0,1925-08-25,North Carolina State,USA,6-10,240.0,1.0,,Center,1949,1949,,,,,,,,,,
76915,Al Hairston,0,1945-12-11,Bowling Green,USA,6-1,170.0,2.0,25,Guard,1968,1969,1968.0,5,2.0,52,Bowling Green,College/University,,,,
76916,Happy Hairston,0,1942-05-31,New York University,USA,6-7,225.0,11.0,52,Forward,1964,1974,1964.0,4,8.0,33,New York University,College/University,,,,
76917,Lindsay Hairston,0,,nan,,,,,,,,,1975.0,4,10.0,64,Michigan State,College/University,,,,
201612,Malik Hairston,0,1987-02-23,Oregon,USA,6-6,220.0,3.0,1,Guard,2008,2009,2008.0,2,18.0,48,Oregon,College/University,77.25,81.0,38.0,13.0
203798,PJ Hairston,0,1992-12-24,North Carolina,USA,6-6,230.0,3.0,19,Forward-Guard,2014,2015,,,,,,,77.25,81.0,37.0,
2409,Marcus Haislip,0,1980-12-22,Tennessee,USA,6-10,230.0,4.0,,Forward,2002,2009,2002.0,1,13.0,13,Tennessee,College/University,,,,
76918,Chuck Halbert,0,1919-02-27,West Texas A&M,USA,6-9,225.0,5.0,,Center,1946,1950,,,,,,,,,,
76919,Harvey Halbrook,0,1933-01-30,Oregon State,USA,7-3,235.0,2.0,11,Center,1960,1961,1956.0,0,0.0,0,Oregon State,College/University,,,,
76920,Bruce Hale,0,1918-08-30,Santa Clara,USA,6-1,170.0,3.0,,Guard,1948,1950,,,,,,,,,,
917,Jack Haley,0,1964-01-27,UCLA,USA,6-10,240.0,9.0,,Forward,1988,1997,1987.0,4,10.0,79,California-Los Angeles,College/University,,,,
1630169,Tyrese Haliburton,1,2000-02-29,Iowa State,USA,6-5,185.0,3.0,0,Guard,2020,2023,2020.0,1,12.0,12,Iowa State,College/University,,,,
76922,Shaler Halimon,0,1945-03-30,Utah State,USA,6-5,199.0,4.0,11,Guard,1968,1971,1968.0,1,14.0,14,Utah State,College/University,,,,
1628985,Devon Hall,0,,nan,,,,,,,,,2018.0,2,23.0,53,Virginia,College/University,78.0,79.75,31.0,6.0
1629743,Donta Hall,0,1997-08-07,Alabama,USA,6-10,230.0,2.0,,Center,2019,2020,,,,,,,,,,
1631160,Jordan Hall,1,2002-01-14,St. Joseph's (PA),USA,6-7,215.0,1.0,,Guard,2022,2022,,,,,,,,,,
1630221,Josh Hall,0,2000-10-08,nan,USA,6-9,190.0,2.0,15,Forward,2020,2020,,,,,,,79.5,83.0,37.5,
200837,Mike Hall,0,,nan,,,,,,,,,,,,,,,,,,
1629788,Tyler Hall,1,1997-03-25,Montana State,USA,6-5,209.0,2.0,,Guard,2021,2021,,,,,,,,,,
76923,Jeff Halliburton,0,1949-07-03,Drake,USA,6-5,193.0,2.0,42,Guard,1971,1972,1971.0,3,4.0,39,Drake,College/University,,,,
1032,Darvin Ham,0,1973-07-23,Texas Tech,USA,6-7,240.0,9.0,8,Forward-Guard,1996,2004,,,,,,,,,,
984,Steve Hamer,0,1973-11-13,Tennessee,USA,7-0,245.0,1.0,42,Center,1996,1996,1996.0,2,9.0,38,Tennessee,College/University,,,,
76925,Dale Hamilton,0,1919-08-16,Franklin,USA,6-0,180.0,1.0,,Guard,1949,1949,,,,,,,,,,
1627772,Daniel Hamilton,0,1995-08-08,UCONN,USA,6-7,195.0,3.0,,Guard-Forward,2017,2018,2016.0,2,26.0,56,Connecticut,College/University,,,,
76926,Dennis Hamilton,0,1944-05-08,Arizona State,USA,6-8,210.0,2.0,12,Forward,1967,1968,,,,,,,,,,
202706,Jordan Hamilton,0,1990-10-06,Texas-Austin,USA,6-7,220.0,6.0,25,Guard-Forward,2011,2015,2011.0,1,26.0,26,Texas,College/University,80.5,81.5,32.0,7.0
203120,Justin Hamilton,0,1990-04-01,Louisiana State,USA,7-0,255.0,4.0,41,Center,2013,2016,2012.0,2,15.0,45,Louisiana State,College/University,,,,
76927,Ralph Hamilton,0,1921-06-10,Indiana,USA,6-1,188.0,1.0,,Guard,1948,1948,,,,,,,,,,
1888,Richard Hamilton,0,,nan,,,,,,,,,1999.0,1,7.0,7,Connecticut,College/University,,,,
76928,Roylee Hamilton,0,,nan,,,,,,,,,1979.0,1,10.0,10,California-Los Angeles,College/University,,,,
76929,Steve Hamilton,0,1935-11-30,Morehead State,USA,6-6,190.0,2.0,30,Forward,1958,1959,1957.0,9,5.0,67,Morehead State,College/University,,,,
2347,Tang Hamilton,0,1978-05-26,Mississippi State,USA,6-8,205.0,2.0,5,Forward,2001,2002,,,,,,,,,,
676,Thomas Hamilton,0,1975-04-03,Pittsburgh,USA,7-2,330.0,3.0,55,Center,1995,2002,,,,,,,,,,
1985,Zendon Hamilton,0,,nan,,,,,,,,,,,,,,,,,,
903,Geert Hammink,0,1969-07-12,Louisiana State,Netherlands,7-0,262.0,3.0,43,Forward-Center,1993,1995,1993.0,1,26.0,26,Louisiana State,College/University,,,,
67,Tom Hammonds,0,1967-03-27,Georgia Tech,USA,,,12.0,,Forward,1989,2000,1989.0,1,9.0,9,Georgia Tech,College/University,,,,
1627773,AJ Hammons,0,,nan,,,,,,,,,2016.0,2,16.0,46,Purdue,College/University,,,,
1630181,R.J. Hampton,1,2001-02-07,nan,USA,6-4,175.0,4.0,14,Guard,2020,2022,2020.0,1,24.0,24,Breakers (New Zealand),Other Team/Club,,,,
241,Darrin Hancock,0,1971-11-03,Kansas,USA,6-7,205.0,3.0,35,Forward,1994,1996,1994.0,2,11.0,38,Kansas,College/University,,,,
1052,Ben Handlogten,0,1973-11-16,Western Michigan,USA,6-10,240.0,3.0,44,Center,2003,2004,,,,,,,,,,
76935,Cecil Hankins,0,1922-01-06,Oklahoma State,USA,6-1,175.0,2.0,5,Guard,1946,1947,,,,,,,,,,
76936,Phil Hankinson,0,1951-07-26,Pennsylvania,USA,6-8,195.0,2.0,20,Forward,1973,1974,1973.0,2,17.0,35,Pennsylvania,College/University,,,,
1628605,Dusty Hannahs,0,1993-09-02,Arkansas,USA,6-3,210.0,3.0,,Guard,2018,2019,,,,,,,,,,
76937,Alex Hannum,0,1923-07-19,Southern California,USA,6-7,210.0,8.0,33,Forward,1949,1956,1948.0,0,0.0,0,Southern California,College/University,,,,
76938,Don Hanrahan,0,1929-02-06,Loyola-Chicago,USA,6-7,200.0,1.0,,Forward,1952,1952,,,,,,,,,,
76939,Rollen Hans,0,1931-04-13,Long Island-Brooklyn,USA,6-2,210.0,2.0,,Guard,1953,1954,,,,,,,,,,
203162,Ben Hansbrough,0,,nan,,,,,,,,,,,,,,,,,,
201946,Tyler Hansbrough,0,1985-11-03,North Carolina,USA,,,8.0,,,2009,2017,2009.0,1,13.0,13,North Carolina,College/University,81.5,83.5,34.0,18.0
76942,Bob Hansen,0,1961-01-18,Iowa,USA,6-6,190.0,9.0,20,Guard,1983,1991,1983.0,3,7.0,54,Iowa,College/University,,,,
76940,Glenn Hansen,0,1952-04-21,Louisiana State,USA,6-4,205.0,3.0,20,Guard,1975,1977,1975.0,2,13.0,31,Louisiana State,College/University,,,,
76941,Lars Hansen,0,1954-09-14,Washington,USA,6-10,225.0,1.0,22,Center,1978,1978,1976.0,3,3.0,37,Washington,College/University,,,,
2580,Travis Hansen,0,1978-04-15,Brigham Young,USA,6-6,205.0,2.0,6,Guard-Forward,2003,2003,2003.0,2,8.0,37,Brigham Young,College/University,,,,
1682,Reggie Hanson,0,,nan,,,,,,,,,,,,,,,,,,
76944,Bill Hanzlik,0,1957-12-06,Notre Dame,USA,6-7,185.0,10.0,24,Forward,1980,1989,1980.0,1,20.0,20,Notre Dame,College/University,,,,
202376,Luke Harangody,0,1988-01-02,Notre Dame,USA,6-7,245.0,3.0,44,Forward,2010,2011,2010.0,2,22.0,52,Notre Dame,College/University,79.75,81.5,28.5,23.0
358,Anfernee Hardaway,0,1971-07-18,Memphis,USA,6-7,215.0,14.0,,Forward,1993,2007,1993.0,1,3.0,3,Memphis,College/University,,,,
896,Tim Hardaway,0,1966-09-01,Texas-El Paso,USA,6-0,195.0,14.0,10,Guard,1989,2002,1989.0,1,14.0,14,Texas-El Paso,College/University,,,,
203501,Tim Hardaway Jr.,1,1992-03-16,Michigan,USA,6-5,205.0,10.0,11,Guard-Forward,2013,2023,2013.0,1,24.0,24,Michigan,College/University,78.25,79.0,37.5,16.0
201935,James Harden,1,1989-08-26,Arizona State,USA,6-5,220.0,14.0,1,Guard,2009,2023,2009.0,1,3.0,3,Arizona State,College/University,77.25,82.75,37.0,17.0
76945,Reggie Harding,0,1942-05-04,Eastern HS (MI),USA,7-0,249.0,4.0,17,Center,1963,1967,1962.0,4,4.0,29,Eastern,High School,,,,
76946,Charlie Hardnett,0,1938-09-13,Grambling,USA,6-8,225.0,3.0,23,Forward,1962,1964,1962.0,3,3.0,19,Grambling,College/University,,,,
76947,Alan Hardy,0,1957-05-25,Michigan,USA,6-6,195.0,2.0,24,Guard,1980,1981,,,,,,,,,,
1630702,Jaden Hardy,1,2002-07-05,NBA G League Ignite,USA,6-3,198.0,1.0,3,Guard,2021,2023,2022.0,2,7.0,37,Ignite (G League),Other Team/Club,,,,
76948,James Hardy,0,1956-12-01,San Francisco,USA,6-8,220.0,4.0,11,Forward,1978,1981,1978.0,1,11.0,11,San Francisco,College/University,,,,
76949,John Hargis,0,1920-08-20,Texas-Austin,USA,6-2,180.0,2.0,9,Guard,1949,1950,,,,,,,,,,
203090,Maurice Harkless,0,,nan,,,,,,,,,2012.0,1,15.0,15,St. John's (NY),College/University,80.75,84.0,37.0,5.0
76950,Jerry Harkness,0,1940-05-07,Loyola-Chicago,USA,6-2,175.0,1.0,21,Guard,1963,1963,1962.0,8,5.0,65,Loyola-Chicago,College/University,,,,
76951,Skip Harlicka,0,1946-10-14,South Carolina,USA,6-1,185.0,1.0,21,Guard,1968,1968,1968.0,1,13.0,13,South Carolina,College/University,,,,
76952,Jerome Harmon,0,1969-02-06,Louisville,USA,6-4,190.0,1.0,40,Guard,1994,1994,,,,,,,,,,
157,Derek Harper,0,1961-10-13,Illinois,USA,6-4,206.0,16.0,12,Guard,1983,1998,1983.0,1,11.0,11,Illinois,College/University,,,,
1629607,Jared Harper,0,1997-09-14,Auburn,USA,5-10,175.0,4.0,2,Guard,2019,2021,,,,,,,71.0,77.5,40.5,8.0
202712,Justin Harper,0,1989-08-30,Richmond,USA,6-10,225.0,3.0,,Forward,2011,2016,2011.0,2,2.0,32,Richmond,College/University,80.75,83.75,33.0,19.0
76954,Mike Harper,0,1957-12-09,North Park,USA,6-10,195.0,2.0,32,Center,1980,1981,1980.0,3,10.0,56,North Park,College/University,,,,
166,Ron Harper,0,1964-01-20,Miami (Ohio),USA,6-6,215.0,15.0,4,Guard,1986,2000,1986.0,1,8.0,8,Miami (OH),College/University,,,,
1631199,Ron Harper Jr.,1,2000-04-12,Rutgers,USA,6-5,245.0,1.0,8,Forward,2022,2023,,,,,,,77.5,85.25,30.5,
1723,Matt Harpring,0,1976-05-31,Georgia Tech,USA,6-7,230.0,12.0,15,Forward,1998,2008,1998.0,1,15.0,15,Georgia Tech,College/University,,,,
1626149,Montrezl Harrell,1,1994-01-26,Louisville,USA,6-7,240.0,8.0,5,Forward-Center,2015,2023,2015.0,2,2.0,32,Louisville,College/University,79.5,88.25,,
202725,Josh Harrellson,0,1989-02-12,Kentucky,USA,6-10,275.0,4.0,55,Forward-Center,2011,2013,2011.0,2,15.0,45,Kentucky,College/University,,,,
2492,Adam Harrington,0,1980-07-05,Auburn,USA,6-5,200.0,2.0,21,Guard,2002,2002,,,,,,,,,,
1733,Al Harrington,0,1980-02-17,St. Patrick HS (NJ),USA,6-9,245.0,16.0,7,Forward,1998,2013,1998.0,1,25.0,25,Saint Patrick,High School,,,,
2454,Junior Harrington,0,1980-10-02,Wingate,USA,6-4,190.0,4.0,10,Guard,2002,2006,,,,,,,,,,
970,Othella Harrington,0,,nan,,,,,,,,,1996.0,2,1.0,30,Georgetown,College/University,,,,
76956,Art Harris,0,1947-01-13,Stanford,USA,6-4,185.0,4.0,23,Guard,1968,1971,1968.0,2,2.0,16,Stanford,College/University,,,,
76957,Bernie Harris,0,1950-11-26,Virginia Commonwealth,USA,6-10,200.0,1.0,34,Forward,1974,1974,1974.0,4,9.0,63,Virginia Commonwealth,College/University,,,,
76959,Bob Harris,0,1927-03-16,Oklahoma State,USA,6-7,195.0,5.0,13,Forward,1949,1953,1949.0,1,3.0,3,Oklahoma State,College/University,,,,
76958,Chris Harris,0,1933-08-11,Dayton,USA,6-3,190.0,1.0,3,Guard,1955,1955,,,,,,,,,,
2734,Devin Harris,0,1983-02-27,Wisconsin,USA,6-3,185.0,16.0,34,Guard,2004,2018,2004.0,1,5.0,5,Wisconsin,College/University,75.0,79.5,37.0,5.0
203548,Elias Harris,0,1989-07-06,Gonzaga,Germany,6-8,239.0,1.0,,Forward,2013,2013,,,,,,,,,,
203914,Gary Harris,1,1994-09-14,Michigan State,USA,6-4,210.0,9.0,14,Guard,2014,2023,,,,,,,76.5,78.75,,
1630223,Jalen Harris,1,1998-08-14,Nevada,USA,6-5,195.0,2.0,,Guard,2020,2020,2020.0,2,29.0,59,Nevada-Reno,College/University,76.2,79.0,42.5,
203925,Joe Harris,1,1991-09-06,Virginia,USA,6-6,220.0,9.0,12,Guard-Forward,2014,2023,,,,,,,78.25,78.0,33.5,
1630284,Kevon Harris,1,1997-06-24,Stephen F. Austin,USA,6-6,216.0,1.0,7,Guard,2022,2023,,,,,,,,,,
446,Lucious Harris,0,1970-12-18,Long Beach State,USA,6-5,205.0,12.0,,Guard,1993,2004,1993.0,2,1.0,28,Long Beach State,College/University,,,,
202412,Manny Harris,0,1989-09-21,Michigan,USA,6-5,185.0,5.0,6,Guard,2010,2016,,,,,,,77.5,79.25,,11.0
200839,Mike Harris,0,1983-06-15,Rice,USA,6-6,242.0,4.0,,Forward,2007,2013,,,,,,,,,,
76960,Steve Harris,0,1963-10-15,Tulsa,USA,6-5,195.0,5.0,20,Guard,1985,1989,1985.0,1,19.0,19,Tulsa,College/University,,,,
202227,Terrel Harris,0,1987-08-10,Oklahoma State,USA,6-4,190.0,3.0,12,Guard,2011,2012,,,,,,,,,,
202699,Tobias Harris,1,1992-07-15,Tennessee,USA,6-7,226.0,12.0,12,Forward,2011,2023,2011.0,1,19.0,19,Tennessee,College/University,79.75,83.0,37.5,12.0
76961,Tony Harris,0,1967-05-13,New Orleans,USA,6-3,190.0,3.0,43,Guard,1990,1994,,,,,,,,,,
1626151,Aaron Harrison,0,1994-10-28,Kentucky,USA,6-6,210.0,3.0,9,Guard,2015,2017,,,,,,,78.0,80.25,34.5,1.0
1626150,Andrew Harrison,0,1994-10-28,Kentucky,USA,6-6,213.0,4.0,,Guard,2016,2018,2015.0,2,14.0,44,Kentucky,College/University,77.5,81.0,33.0,
76962,Bob Harrison,0,1927-08-12,Michigan,USA,6-1,190.0,9.0,3,Guard,1949,1957,1949.0,0,0.0,0,Michigan,College/University,,,,
2758,David Harrison,0,1982-08-15,Colorado,USA,7-0,280.0,5.0,13,Center,2004,2007,2004.0,1,29.0,29,Colorado,College/University,,,,
1627885,Shaquille Harrison,1,1993-10-06,Tulsa,USA,6-4,195.0,7.0,0,Guard,2017,2022,,,,,,,,,,
2078,Jason Hart,0,1978-04-29,Syracuse,USA,6-3,180.0,10.0,,Guard,2000,2009,2000.0,2,20.0,49,Syracuse,College/University,,,,
1628404,Josh Hart,1,,nan,,,,,,,,,2017.0,1,30.0,30,Villanova,College/University,77.0,80.25,35.5,9.0
1628392,Isaiah Hartenstein,1,1998-05-05,Zalgiris,Germany,7-0,250.0,5.0,55,Center-Forward,2018,2023,2017.0,2,13.0,43,BC Zalgiris (Lithuania),Other Team/Club,,,,
176,Antonio Harvey,0,1970-07-06,Pfeiffer,USA,6-11,250.0,8.0,4,Forward-Center,1993,2002,,,,,,,,,,
2051,Donnell Harvey,0,1980-08-26,Florida,USA,6-8,220.0,6.0,,Forward,2000,2004,2000.0,1,22.0,22,Florida,College/University,,,,
202238,Kenny Hasbrouck,0,,nan,,,,,,,,,,,,,,,,,,
321,Scott Haskin,0,1970-09-19,Oregon State,USA,6-11,250.0,1.0,43,Forward,1993,1993,1993.0,1,14.0,14,Oregon State,College/University,,,,
76965,Clem Haskins,0,1943-07-11,Western Kentucky,USA,6-3,195.0,9.0,14,Guard,1967,1975,1967.0,1,3.0,3,Western Kentucky,College/University,,,,
2617,Udonis Haslem,1,1980-06-09,Florida,USA,6-7,235.0,20.0,40,Forward,2003,2023,,,,,,,,,,
2239,Trenton Hassell,0,,nan,,,,,,,,,2001.0,2,1.0,29,Austin Peay,College/University,,80.0,37.5,12.0
76967,Billy Hassett,0,1921-10-21,Notre Dame,USA,5-10,180.0,2.0,,Guard,1949,1950,,,,,,,,,,
76966,Joey Hassett,0,1955-09-11,Providence,USA,6-5,180.0,6.0,10,Guard,1977,1982,1977.0,3,8.0,52,Providence,College/University,,,,
76968,Scott Hastings,0,1960-06-03,Arkansas,USA,6-10,235.0,11.0,10,Forward,1982,1992,1982.0,2,6.0,29,Arkansas,College/University,,,,
2213,Kirk Haston,0,1979-03-10,Indiana,USA,6-9,242.0,3.0,35,Forward,2001,2002,2001.0,1,16.0,16,Indiana,College/University,,84.25,31.5,11.0
76969,Vern Hatton,0,1936-01-13,Kentucky,USA,6-3,195.0,4.0,17,Guard,1958,1961,1958.0,2,2.0,9,Kentucky,College/University,,,,
1630573,Sam Hauser,1,1997-12-08,Virginia,USA,6-7,217.0,2.0,30,Forward,2021,2023,,,,,,,,,,
76970,John Havlicek,0,1940-04-08,Ohio State,USA,6-5,203.0,16.0,17,Forward,1962,1977,1962.0,1,7.0,7,Ohio State,College/University,,,,
201150,Spencer Hawes,0,1988-04-28,Washington,USA,7-1,245.0,11.0,00,Forward-Center,2007,2016,2007.0,1,10.0,10,Washington,College/University,84.75,84.5,29.0,9.0
76971,Steve Hawes,0,1950-05-26,Washington,USA,6-9,220.0,10.0,10,Center,1974,1983,1972.0,2,11.0,24,Washington,College/University,,,,
76972,Connie Hawkins,0,1942-07-17,Iowa,USA,6-8,210.0,7.0,42,Forward,1969,1975,,,,,,,,,,
765,Hersey Hawkins,0,1966-09-29,Bradley,USA,6-3,200.0,13.0,33,Guard,1988,2000,1988.0,1,6.0,6,Bradley,College/University,,,,
1038,Juaquin Hawkins,0,1973-07-02,Long Beach State,USA,6-7,205.0,2.0,29,Forward,2002,2002,,,,,,,,,,
76974,Marshall Hawkins,0,1924-08-03,Tennessee,USA,6-3,205.0,1.0,,Forward,1949,1949,1948.0,0,0.0,0,Tennessee,College/University,,,,
1138,Michael Hawkins,0,1972-10-28,Xavier,USA,,,4.0,,Guard,1996,2000,,,,,,,,,,
76975,Robert Hawkins,0,1954-06-30,Illinois State,USA,6-4,190.0,4.0,11,Guard,1975,1978,1975.0,3,15.0,51,Illinois State,College/University,,,,
76977,Tom Hawkins,0,1936-12-22,Notre Dame,USA,6-5,210.0,10.0,33,Forward,1959,1968,1959.0,1,3.0,3,Notre Dame,College/University,,,,
76978,Nate Hawthorne,0,1951-01-19,Southern Illinois,USA,6-4,190.0,3.0,32,Guard,1973,1975,1973.0,7,15.0,118,Southern Illinois,College/University,,,,
101236,Chuck Hayes,0,1983-06-11,Kentucky,USA,6-6,240.0,11.0,,Forward-Center,2005,2015,,,,,,,78.75,82.0,33.0,20.0
76979,Elvin Hayes,0,1945-11-17,Houston,USA,6-9,235.0,16.0,11,Forward,1968,1983,1968.0,1,1.0,1,Houston,College/University,,,,
2553,Jarvis Hayes,0,1981-08-09,Georgia,USA,6-8,228.0,8.0,22,Forward,2003,2009,2003.0,1,10.0,10,Georgia,College/University,,,,
1629637,Jaxson Hayes,1,2000-05-23,Texas,USA,7-0,220.0,4.0,10,Center-Forward,2019,2023,2019.0,1,8.0,8,Texas,College/University,83.5,87.5,34.5,5.0
1630165,Killian Hayes,1,2001-07-27,Ratiopharm Ulm,France,6-5,195.0,3.0,7,Guard,2020,2023,2020.0,1,7.0,7,Ratiopharm Ulm (Germany),Other Team/Club,,,,
1628502,Nigel Hayes,0,1994-12-16,Wisconsin,USA,6-7,254.0,1.0,40,Forward,2017,2017,,,,,,,79.5,87.25,33.5,16.0
76980,Steve Hayes,0,1955-08-02,Idaho State,USA,7-0,205.0,5.0,50,Center,1981,1985,1977.0,4,10.0,76,Idaho State,College/University,,,,
202330,Gordon Hayward,1,1990-03-23,Butler,USA,6-7,225.0,13.0,20,Forward,2010,2023,2010.0,1,9.0,9,Butler,College/University,80.0,79.75,34.5,10.0
202351,Lazar Hayward,0,1986-11-26,Marquette,USA,6-6,225.0,4.0,,Forward,2010,2012,2010.0,1,30.0,30,Marquette,College/University,77.75,84.75,36.0,15.0
2217,Brendan Haywood,0,1979-11-27,North Carolina,USA,7-0,263.0,13.0,33,Center,2001,2014,2001.0,1,20.0,20,North Carolina,College/University,,90.5,28.5,17.0
76981,Spencer Haywood,0,1949-04-22,Detroit,USA,6-8,225.0,12.0,24,Forward,1970,1982,1971.0,2,13.0,30,Detroit Mercy,College/University,,,,
76982,John W. Hazen,0,1927-03-02,Indiana State,USA,6-2,172.0,1.0,3-10,Guard,1948,1948,,,,,,,,,,
76983,Walt Hazzard,0,1942-04-15,UCLA,USA,6-2,185.0,10.0,42,Guard,1964,1973,1964.0,0,0.0,0,California-Los Angeles,College/University,,,,
101129,Luther Head,0,1982-11-26,Illinois,USA,6-3,185.0,6.0,,Guard,2005,2010,2005.0,1,24.0,24,Illinois,College/University,75.0,77.25,38.5,14.0
1049,Shane Heal,0,1970-09-06,Sydney Kings,Australia,6-0,180.0,2.0,,Guard,1996,2003,,,,,,,,,,
76984,Brian Heaney,0,1946-09-03,Acadia (CAN),USA,6-2,180.0,1.0,11,Guard,1969,1969,1969.0,19,4.0,215,Acadia (CAN),College/University,,,,
76985,Garfield Heard,0,1948-05-03,Oklahoma,USA,6-6,219.0,11.0,24,Forward,1970,1980,1970.0,3,6.0,40,Oklahoma,College/University,,,,
203687,Reggie Hearn,0,1991-08-14,Northwestern,USA,6-5,210.0,2.0,38,Guard,2017,2017,,,,,,,,,,
76986,Herm Hedderick,0,,nan,,,,,,,,,1952.0,4,0.0,0,Canisius,College/University,,,,
76987,Alvin Heggs,0,1967-12-08,Texas-Austin,USA,6-8,225.0,1.0,55,Forward,1995,1995,,,,,,,,,,
76988,Tom Heinsohn,0,1934-08-26,Holy Cross,USA,6-7,218.0,9.0,15,Forward,1956,1964,1956.0,0,0.0,0,Holy Cross,College/University,,,,
76989,Dick Hemric,0,1933-08-29,Wake Forest,USA,6-6,220.0,2.0,20,Forward,1955,1956,,,,,,,,,,
673,Alan Henderson,0,1972-12-02,Indiana,USA,6-9,240.0,13.0,44,Forward-Center,1995,2006,1995.0,1,16.0,16,Indiana,College/University,,,,
1538,Cedric Henderson,0,1975-03-11,Memphis,USA,6-7,225.0,6.0,45,Forward,1997,2002,1997.0,2,16.0,44,Memphis,College/University,,,,
76990,Cedric Henderson,0,1965-10-03,Georgia,USA,6-8,210.0,1.0,,Forward,1986,1986,1986.0,2,8.0,32,Georgia,College/University,,,,
76991,Dave Henderson,0,1964-07-21,Duke,USA,6-5,195.0,1.0,3,Guard,1987,1987,1986.0,3,11.0,58,Duke,College/University,,,,
76993,Gerald Henderson,0,1956-01-16,Virginia Commonwealth,USA,6-2,175.0,13.0,12,Guard,1979,1991,1978.0,3,20.0,64,Virginia Commonwealth,College/University,,,,
201945,Gerald Henderson,0,1987-12-09,Duke,USA,6-5,215.0,9.0,12,Guard,2009,2016,2009.0,1,12.0,12,Duke,College/University,77.0,82.25,35.0,8.0
1764,J.R. Henderson,0,1976-10-30,UCLA,USA,6-8,233.0,1.0,52,Forward,1998,1998,1998.0,2,27.0,56,California-Los Angeles,College/University,,,,
76992,Jerome Henderson,0,1959-10-05,New Mexico,USA,6-11,230.0,2.0,40,Forward,1985,1986,,,,,,,,,,
76994,Kevin Henderson,0,1964-03-22,California State-Fullerton,USA,6-4,195.0,2.0,12,Guard,1986,1987,1986.0,3,3.0,50,Cal State-Fullerton,College/University,,,,
76996,Tom Henderson,0,1952-01-26,Hawaii,USA,6-3,190.0,9.0,6,Guard,1974,1982,1974.0,1,7.0,7,Hawaii,College/University,,,,
971,Mark Hendrickson,0,1974-06-23,Washington State,USA,6-9,220.0,4.0,,Forward,1996,1999,1996.0,2,2.0,31,Washington State,College/University,,,,
76998,Larry Hennessy,0,1929-05-20,Villanova,USA,6-3,185.0,1.0,4,Guard,1955,1955,1953.0,2,0.0,0,Villanova,College/University,,,,
76999,Don Henriksen,0,1929-10-10,California,USA,6-7,225.0,2.0,12,Forward,1952,1954,,,,,,,,,,
1630565,Aaron Henry,0,1999-08-30,Michigan State,USA,6-5,210.0,1.0,,Forward,2021,2021,,,,,,,,,,
77000,Al Henry,0,1949-02-09,Wisconsin,USA,6-9,190.0,2.0,26,Center,1970,1971,1970.0,1,12.0,12,Wisconsin,College/University,,,,
77004,Bill Henry,0,1924-12-27,Rice,USA,6-9,215.0,2.0,16,Center,1948,1949,,,,,,,,,,
77001,Carl Henry,0,1960-08-16,Kansas,USA,6-6,205.0,1.0,11,Guard,1985,1985,1984.0,4,10.0,80,Kansas,College/University,,,,
77002,Conner Henry,0,1963-07-21,California-Santa Barbara,USA,6-7,195.0,2.0,,Guard,1986,1987,1986.0,4,19.0,89,California-Santa Barbara,College/University,,,,
1627988,Myke Henry,0,1992-12-23,DePaul,USA,6-6,210.0,2.0,4,Forward,2017,2017,,,,,,,,,,
77003,Skeeter Henry,0,1967-12-08,Oklahoma,USA,6-7,190.0,1.0,4,Guard,1993,1993,,,,,,,,,,
202333,Xavier Henry,0,1991-03-15,Kansas,USA,6-6,220.0,6.0,,Forward-Guard,2010,2014,2010.0,1,12.0,12,Kansas,College/University,78.5,83.25,36.5,8.0
203089,John Henson,0,1990-12-28,North Carolina,USA,6-9,219.0,9.0,31,Forward-Center,2012,2019,2012.0,1,14.0,14,North Carolina,College/University,82.5,89.0,30.0,5.0
1667,Steve Henson,0,1968-02-02,Kansas State,USA,5-11,177.0,7.0,,Guard,1990,1998,1990.0,2,17.0,44,Kansas State,College/University,,,,
77006,Bill Herman,0,1924-05-17,Mount Union,USA,6-3,170.0,1.0,,Guard,1949,1949,,,,,,,,,,
77007,Clarence Hermsen,0,1923-03-12,Minnesota,USA,6-9,225.0,6.0,,Center,1946,1952,,,,,,,,,,
1629608,Dewan Hernandez,0,1996-12-09,Miami (FL),USA,6-10,235.0,2.0,20,Center-Forward,2019,2019,2019.0,2,29.0,59,Miami (FL),College/University,82.25,85.75,35.5,13.0
1627823,Juancho Hernangomez,1,,nan,,,,,,,,,2016.0,1,15.0,15,Movistar Estudiantes,Other Team/Club,,,,
1626195,Willy Hernangomez,1,1994-05-27,Cajasol Sevilla,Spain,6-11,250.0,7.0,9,Center-Forward,2016,2023,2015.0,2,5.0,35,CB Sevilla (Spain),Other Team/Club,,,,
1914,Chris Herren,0,1975-09-27,Fresno State,USA,6-2,190.0,2.0,12,Guard,1999,2000,1999.0,2,4.0,33,Fresno State,College/University,,,,
61,Carl Herrera,0,1966-12-14,Houston,USA,,,8.0,,,1991,2008,1990.0,2,3.0,30,Houston,College/University,,,,
200835,Walter Herrmann,0,1979-06-26,Malaga,Argentina,6-9,225.0,4.0,5,Forward,2006,2008,,,,,,,,,,
1629639,Tyler Herro,1,,nan,,,,,,,,,2019.0,1,13.0,13,Kentucky,College/University,78.0,75.25,,
77010,Keith Herron,0,1956-06-14,Villanova,USA,6-6,195.0,3.0,15,Guard,1978,1981,1978.0,2,2.0,24,Villanova,College/University,,,,
77011,Sidney Hertzberg,0,1922-07-29,City College of New York,USA,5-10,175.0,5.0,4,Guard,1946,1950,,,,,,,,,,
1628987,Kevin Hervey,0,1996-07-09,Texas-Arlington,USA,6-9,230.0,2.0,15,Forward,2019,2019,2018.0,2,27.0,57,Texas-Arlington,College/University,79.75,87.5,32.0,4.0
77012,Fred Hetzel,0,1942-07-21,Davidson,USA,6-8,220.0,6.0,30,Forward,1965,1970,1965.0,1,1.0,1,Davidson,College/University,,,,
77013,Bill Hewitt,0,,nan,,,,,,,,,1968.0,1,11.0,11,Southern California,College/University,,,,
77014,Jack Hewson,0,1924-09-07,Temple,USA,6-6,195.0,1.0,17,Forward,1947,1947,1947.0,0,0.0,0,Temple,College/University,,,,
77015,Art Heyman,0,1941-06-24,Duke,USA,6-5,205.0,3.0,35,Guard,1963,1965,1963.0,1,1.0,1,Duke,College/University,,,,
1626209,Mario Hezonja,0,1995-02-25,FC Barcelona,Croatia,6-8,220.0,6.0,44,Forward-Guard,2015,2019,2015.0,1,5.0,5,FC Barcelona Basquet (Spain),Other Team/Club,,,,
201579,Roy Hibbert,0,,nan,,,,,,,,,2008.0,1,17.0,17,Georgetown,College/University,,,,
77016,Matthew Hickey,0,1902-01-30,Hoboken HS (NJ),USA,5-11,180.0,1.0,,Guard,1947,1947,,,,,,,,,,
1628439,Isaiah Hicks,0,1994-07-24,North Carolina,USA,6-9,230.0,3.0,4,Forward,2017,2018,,,,,,,80.5,84.5,37.0,11.0
77017,Phil Hicks,0,1953-01-31,Tulane,USA,6-7,205.0,2.0,55,Forward,1976,1978,1975.0,4,7.0,61,Tulane,College/University,,,,
201581,JJ Hickson,0,,nan,,,,,,,,,2008.0,1,19.0,19,North Carolina State,College/University,,,,
1627741,Buddy Hield,1,1992-12-17,Oklahoma,Bahamas,6-4,220.0,7.0,24,Guard,2016,2023,2016.0,1,6.0,6,Oklahoma,College/University,,,,
202809,Cory Higgins,0,1989-06-14,Colorado,USA,6-5,180.0,2.0,,Guard,2011,2012,,,,,,,,,,
1848,Mike Higgins,0,1967-02-17,Northern Colorado,USA,6-9,220.0,2.0,32,Forward,1989,1990,,,,,,,,,,
77019,Rod Higgins,0,1960-01-31,Fresno State,USA,6-7,200.0,13.0,32,Forward,1982,1994,1982.0,2,8.0,31,Fresno State,College/University,,,,
925,Sean Higgins,0,1968-12-30,Michigan,USA,6-9,205.0,6.0,,Forward,1990,1997,1990.0,2,27.0,54,Michigan,College/University,,,,
77021,Kenny Higgs,0,1955-01-31,Louisiana State,USA,6-0,180.0,3.0,1,Guard,1978,1981,,,,,,,,,,
77022,Johnny High,0,1957-04-25,Nevada-Reno,USA,6-3,185.0,4.0,11,Guard,1979,1983,1979.0,2,2.0,24,Nevada-Reno,College/University,,,,
1629312,Haywood Highsmith,1,1996-12-09,Wheeling Jesuit,USA,6-5,220.0,3.0,24,Forward,2018,2023,,,,,,,,,,
77023,Wayne Hightower,0,1940-01-14,Kansas,USA,6-8,192.0,5.0,12,Forward,1962,1966,1962.0,1,5.0,5,Kansas,College/University,,,,
77024,Armond Hill,0,1953-03-31,Princeton,USA,6-4,190.0,8.0,24,Guard,1976,1983,1976.0,1,9.0,9,Princeton,College/University,,,,
77025,Cleo Hill,0,1938-05-24,Winston-Salem State,USA,6-1,185.0,1.0,24,Guard,1961,1961,1961.0,1,8.0,8,Winston-Salem State,College/University,,,,
77026,Gary Hill,0,1941-10-07,Oklahoma City,USA,6-4,185.0,2.0,20,Guard,1963,1964,1963.0,2,3.0,11,Oklahoma City,College/University,,,,
201588,George Hill,1,1986-05-04,Indiana-Purdue Indianapolis,USA,6-4,188.0,15.0,7,Guard,2008,2023,2008.0,1,26.0,26,IUPUI,College/University,74.5,81.0,37.5,9.0
255,Grant Hill,0,1972-10-05,Duke,USA,6-8,225.0,18.0,33,Forward,1994,2012,1994.0,1,3.0,3,Duke,College/University,,,,
201195,Herbert Hill,0,1984-10-01,Providence,USA,6-10,240.0,1.0,35,Forward-Center,2007,2007,2007.0,2,25.0,55,Providence,College/University,81.75,86.25,34.0,15.0
201941,Jordan Hill,0,1987-07-27,Arizona,USA,6-10,240.0,9.0,27,Forward-Center,2009,2016,2009.0,1,8.0,8,Arizona,College/University,82.25,85.5,35.0,11.0
1630792,Malcolm Hill,1,1995-10-26,Illinois,USA,6-6,220.0,2.0,,Forward,2021,2022,,,,,,,,,,
203524,Solomon Hill,0,1991-03-18,Arizona,USA,6-6,226.0,9.0,,Forward,2013,2021,2013.0,1,23.0,23,Arizona,College/University,79.0,81.0,37.5,14.0
201631,Steven Hill,0,,nan,,,,,,,,,,,,,,,,,,
238,Tyrone Hill,0,1968-03-19,Xavier,USA,6-9,250.0,14.0,,Forward,1990,2003,1990.0,1,11.0,11,Xavier,College/University,,,,
77027,Art Hillhouse,0,,nan,,,,,,,,,,,,,,,,,,
1626199,Darrun Hilliard,0,1993-04-13,Villanova,USA,6-6,220.0,4.0,24,Guard,2015,2017,2015.0,2,8.0,38,Villanova,College/University,,,,
77028,Darnell Hillman,0,1949-08-29,San Jose State,USA,6-9,215.0,4.0,30,Forward,1976,1979,1971.0,1,8.0,8,San Jose State,College/University,,,,
77029,Fred Hilton,0,,nan,,,,,,,,,1971.0,2,2.0,19,Grambling,College/University,,,,
2550,Kirk Hinrich,0,1981-01-02,Kansas,USA,6-4,190.0,14.0,12,Guard,2003,2015,2003.0,1,7.0,7,Kansas,College/University,,,,
77030,Roy Hinson,0,1961-05-02,Rutgers,USA,6-9,210.0,8.0,6,Center,1983,1990,1983.0,1,20.0,20,Rutgers,College/University,,,,
1630207,Nate Hinton,1,,nan,,,,,,,,,,,,,,,,,,
77031,Mel Hirsch,0,1921-07-31,Brooklyn,USA,5-6,165.0,1.0,3,Guard,1946,1946,,,,,,,,,,
77032,Lew Hitch,0,1929-07-16,Kansas State,USA,6-8,200.0,6.0,14,Forward,1951,1956,1951.0,2,10.0,19,Kansas State,College/University,,,,
200823,Robert Hite,0,1984-01-12,Miami,USA,6-2,184.0,2.0,,Guard,2006,2006,,,,,,,,,,
1629658,Jaylen Hoard,0,1999-03-30,Wake Forest,France,6-8,216.0,3.0,,Forward,2019,2021,,,,,,,81.0,84.75,35.5,8.0
202359,Darington Hobson,0,1987-09-29,New Mexico,USA,6-7,210.0,1.0,,Guard,2011,2011,2010.0,2,7.0,37,New Mexico,College/University,78.5,81.25,34.0,
1106,Donald Hodge,0,1969-02-25,Temple,USA,7-0,230.0,5.0,,Forward,1991,1995,1991.0,2,6.0,33,Temple,College/University,,,,
101125,Julius Hodge,0,1983-11-18,North Carolina State,USA,6-7,220.0,3.0,,Guard,2005,2006,2005.0,1,20.0,20,North Carolina State,College/University,79.0,84.5,29.0,14.0
77034,Craig Hodges,0,1960-06-27,Long Beach State,USA,6-2,190.0,10.0,14,Guard,1982,1991,1982.0,3,2.0,48,Long Beach State,College/University,,,,
77035,Adolph Hoefer,0,1917-07-12,Queens,USA,5-9,158.0,2.0,3,Guard,1946,1947,,,,,,,,,,
77036,Paul 'The Bear' Hoffman,0,1925-05-05,Purdue,USA,6-2,195.0,6.0,14,Guard,1947,1954,1947.0,0,0.0,0,Purdue,College/University,,,,
77037,Bob Hogsett,0,1941-01-29,Tennessee,USA,6-7,230.0,1.0,20,Forward,1966,1966,,,,,,,,,,
77038,Paul Hogue,0,1940-04-28,Cincinnati,USA,6-9,240.0,2.0,14,Center,1962,1963,1962.0,1,2.0,2,Cincinnati,College/University,,,,
697,Fred Hoiberg,0,,nan,,,,,,,,,1995.0,2,23.0,52,Iowa State,College/University,,,,
77039,Doug Holcomb,0,1925-02-09,Wisconsin,USA,6-4,200.0,1.0,,Forward,1948,1948,,,,,,,,,,
2450,Randy Holcomb,0,,nan,,,,,,,,,2002.0,2,28.0,56,San Diego State,College/University,,,,
1628988,Aaron Holiday,1,1996-09-30,UCLA,USA,6-0,185.0,5.0,3,Guard,2018,2023,2018.0,1,23.0,23,California-Los Angeles,College/University,72.75,79.5,33.0,
201950,Jrue Holiday,1,1990-06-12,UCLA,USA,6-5,205.0,14.0,21,Guard,2009,2023,2009.0,1,17.0,17,California-Los Angeles,College/University,76.25,79.0,34.0,6.0
203200,Justin Holiday,1,1989-04-05,Washington,USA,6-6,180.0,10.0,0,Forward-Guard,2012,2023,,,,,,,,,,
77040,Brad Holland,0,1956-12-06,UCLA,USA,6-3,180.0,3.0,14,Guard,1979,1981,1979.0,1,14.0,14,California-Los Angeles,College/University,,,,
77041,Joe Holland,0,1925-09-26,Kentucky,USA,6-4,185.0,3.0,,Forward,1949,1951,1948.0,0,0.0,0,Kentucky,College/University,,,,
204066,John Holland,0,,nan,,,,,,,,,,,,,,,,,,
77042,Wilbur Holland,0,1951-11-08,New Orleans,USA,6-0,175.0,4.0,12,Guard,1975,1978,1975.0,5,3.0,75,New Orleans,College/University,,,,
77043,Lionel Hollins,0,1953-10-19,Arizona State,USA,6-3,185.0,10.0,14,Guard,1975,1984,1975.0,1,6.0,6,Arizona State,College/University,,,,
200797,Ryan Hollins,0,,nan,,,,,,,,,2006.0,2,20.0,50,California-Los Angeles,College/University,,,,
77044,Essie Hollis,0,1955-05-16,St. Bonaventure,USA,6-6,195.0,1.0,22-24,Forward,1978,1978,1977.0,2,22.0,44,St. Bonaventure,College/University,,,,
1626178,Rondae Hollis-Jefferson,0,,nan,,,,,,,,,2015.0,1,23.0,23,Arizona,College/University,79.0,86.0,38.0,13.0
1626158,Richaun Holmes,1,1993-10-15,Bowling Green,USA,6-8,235.0,8.0,22,Forward,2015,2023,2015.0,2,7.0,37,Bowling Green,College/University,81.5,85.5,36.0,15.0
1631096,Chet Holmgren,1,2002-05-01,Gonzaga,USA,7-1,195.0,0.0,7,Center-Forward,2022,2023,2022.0,1,2.0,2,Gonzaga,College/University,,,,
77045,Jim Holstein,0,1930-09-24,Cincinnati,USA,6-3,180.0,4.0,10,Forward,1952,1955,1952.0,0,0.0,0,Cincinnati,College/University,,,,
77046,Alvin Holt,0,1946-08-26,Jackson State,USA,6-7,210.0,1.0,6,Forward,1970,1970,,,,,,,,,,
77047,Michael Holton,0,1961-08-04,UCLA,USA,6-4,185.0,6.0,6,Guard,1984,1989,1983.0,3,6.0,53,California-Los Angeles,College/University,,,,
77048,Dick Holub,0,,nan,,,,,,,,,1947.0,1,5.0,5,Long Island-Brooklyn,College/University,,,,
77049,Joe Holup,0,1934-02-26,George Washington,USA,6-6,215.0,3.0,9,Forward,1956,1958,1953.0,5,0.0,0,George Washington,College/University,,,,
77050,Red Holzman,0,1920-08-10,City College of New York,USA,5-10,175.0,6.0,10,Guard,1948,1953,,,,,,,,,,
1630258,Caleb Homesley,0,1996-11-27,Liberty,USA,6-6,205.0,1.0,,Guard,2020,2020,,,,,,,,,,
1532,Jerald Honeycutt,0,,nan,,,,,,,,,1997.0,2,10.0,38,Tulane,College/University,,,,
202715,Tyler Honeycutt,0,1990-07-15,UCLA,USA,6-8,188.0,2.0,,Forward,2011,2012,2011.0,2,5.0,35,California-Los Angeles,College/University,80.25,81.0,37.0,
1967,Derek Hood,0,1976-12-22,Arkansas,USA,6-8,222.0,2.0,55,Forward,1999,2002,,,,,,,,,,
203918,Rodney Hood,0,1992-10-20,Duke,USA,6-8,208.0,9.0,22,Guard-Forward,2014,2021,,,,,,,80.5,80.5,36.0,
77051,Tom Hoover,0,1941-01-23,Villanova,USA,6-9,230.0,3.0,12,Center,1963,1966,1963.0,1,6.0,6,Villanova,College/University,,,,
77052,Bob Hopkins,0,1934-11-03,Grambling,USA,6-8,205.0,4.0,9,Center,1956,1959,1956.0,0,0.0,0,Grambling,College/University,,,,
77053,Dave Hoppen,0,1964-03-13,Nebraska,USA,6-11,235.0,6.0,42,Center,1987,1992,1986.0,3,18.0,65,Nebraska,College/University,,,,
77054,Dennis Hopson,0,1965-04-22,Ohio State,USA,6-5,200.0,5.0,20,Forward,1987,1991,1987.0,1,3.0,3,Ohio State,College/University,,,,
203816,Scotty Hopson,0,1989-08-08,Tennessee,USA,6-7,204.0,4.0,,Guard-Forward,2013,2021,,,,,,,,,,
77055,Johnny Horan,0,1932-11-24,Dayton,USA,6-8,190.0,1.0,,Forward,1955,1955,,,,,,,,,,
77056,Cedrick Hordges,0,1957-01-08,South Carolina,USA,6-8,220.0,2.0,34,Center,1980,1981,1979.0,3,5.0,49,South Carolina,College/University,,,,
201143,Al Horford,1,1986-06-03,Florida,Dominican Republic,6-9,240.0,16.0,42,Center-Forward,2007,2023,2007.0,1,3.0,3,Florida,College/University,81.75,84.75,35.5,20.0
77057,Tito Horford,0,1966-01-19,Miami,USA,7-1,245.0,3.0,42,Center,1988,1993,1988.0,2,14.0,39,Miami (FL),College/University,,,,
77058,Ron Horn,0,,nan,,,,,,,,,1961.0,2,7.0,16,Indiana,College/University,,,,
204,Jeff Hornacek,0,,nan,,,,,,,,,1986.0,2,22.0,46,Iowa State,College/University,,,,
202862,Dennis Horner,0,1988-02-05,North Carolina State,USA,6-9,230.0,1.0,,Forward,2011,2011,,,,,,,,,,
109,Robert Horry,0,1970-08-25,Alabama,USA,6-10,240.0,17.0,25,Forward-Center,1992,2007,1992.0,1,11.0,11,Alabama,College/University,,,,
77060,Ed Horton,0,1967-12-17,Iowa,USA,6-8,230.0,1.0,32,Center,1989,1989,1989.0,2,12.0,39,Iowa,College/University,,,,
1629659,Talen Horton-Tucker,1,2000-11-25,Iowa State,USA,6-4,234.0,4.0,0,Guard,2019,2023,2019.0,2,16.0,46,Iowa State,College/University,76.0,85.25,34.5,10.0
77061,Wilmer Hosket,0,1946-12-20,Ohio State,USA,6-7,225.0,4.0,25,Forward,1968,1971,1968.0,1,10.0,10,Ohio State,College/University,,,,
77062,Bob Houbregs,0,,nan,,,,,,,,,1953.0,1,2.0,2,Washington,College/University,,,,
2067,Eddie House,0,1978-05-14,Arizona State,USA,6-1,190.0,12.0,55,Guard,2000,2010,2000.0,2,8.0,37,Arizona State,College/University,,,,
1627863,Danuel House Jr.,1,1993-06-07,Texas A&M,USA,6-6,220.0,7.0,25,Forward-Guard,2016,2023,,,,,,,,,,
1631216,Caleb Houstan,1,2003-01-09,Michigan,Canada,6-8,205.0,1.0,2,Guard,2022,2023,2022.0,2,2.0,32,Michigan,College/University,,,,
275,Allan Houston,0,1971-04-20,Tennessee,USA,6-6,205.0,13.0,,Guard,1993,2004,1993.0,1,11.0,11,Tennessee,College/University,,,,
780,Byron Houston,0,1969-11-22,Oklahoma State,USA,6-5,250.0,4.0,35,Forward,1992,1995,1992.0,1,27.0,27,Oklahoma State,College/University,,,,
77064,Tom Hovasse,0,1967-01-31,Penn State,USA,6-8,205.0,1.0,17,Forward,1994,1994,,,,,,,,,,
77065,Brian Howard,0,1967-10-19,North Carolina State,USA,6-6,204.0,2.0,41,Forward,1991,1992,,,,,,,,,,
2730,Dwight Howard,0,1985-12-08,                                   ,USA,6-10,265.0,19.0,39,Center-Forward,2004,2021,2004.0,1,1.0,1,Southwest Atlanta Christian Academy,High School,82.25,88.5,35.5,7.0
77066,Greg Howard,0,1948-01-08,New Mexico,USA,6-9,215.0,2.0,40,Forward,1970,1971,1970.0,1,10.0,10,New Mexico,College/University,,,,
2572,Josh Howard,0,1980-04-28,Wake Forest,USA,6-7,210.0,10.0,,Forward-Guard,2003,2012,2003.0,1,29.0,29,Wake Forest,College/University,,,,
436,Juwan Howard,0,1973-02-07,Michigan,USA,6-9,250.0,20.0,5,Forward,1994,2012,1994.0,1,5.0,5,Michigan,College/University,,,,
1630210,Markus Howard,0,1999-03-03,Marquette,USA,5-10,175.0,3.0,00,Guard,2020,2021,,,,,,,71.0,72.25,35.5,
77067,Mo Howard,0,1954-08-24,Maryland,USA,6-2,170.0,1.0,14,Guard,1976,1976,1976.0,2,15.0,32,Maryland,College/University,,,,
77069,Otis Howard,0,1956-11-05,Austin Peay,USA,6-7,220.0,1.0,32,Forward,1978,1978,1978.0,4,14.0,80,Austin Peay,College/University,,,,
1128,Stephen Howard,0,1970-07-15,DePaul,USA,6-9,225.0,4.0,,Forward,1992,1997,,,,,,,,,,
1629739,William Howard,0,1993-10-25,Limoges,France,6-8,207.0,2.0,52,Forward-Guard,2019,2019,,,,,,,,,,
77070,Bailey Howell,0,1937-01-20,Mississippi State,USA,6-7,210.0,12.0,16,Forward,1959,1970,1959.0,1,2.0,2,Mississippi State,College/University,,,,
77072,Bob Hubbard,0,1922-12-27,Springfield,USA,6-6,215.0,2.0,,Center,1947,1948,1947.0,0,0.0,0,Springfield,College/University,,,,
77071,Phil Hubbard,0,1956-12-13,Michigan,USA,6-8,215.0,10.0,35,Forward,1979,1988,1979.0,1,15.0,15,Michigan,College/University,,,,
1631309,Trevor Hudgins,1,,nan,,,,,,,,,,,,,,,,,,
201991,Lester Hudson,0,1984-08-07,Tennessee-Martin,USA,6-3,190.0,5.0,14,Guard,2009,2014,2009.0,2,28.0,58,Tennessee-Martin,College/University,73.0,80.75,36.0,12.0
77074,Lou Hudson,0,1944-07-11,Minnesota,USA,6-5,210.0,13.0,23,Forward,1966,1978,,,,,,,,,,
1607,Troy Hudson,0,1976-03-13,Southern Illinois,USA,6-1,178.0,11.0,,Guard,1997,2007,,,,,,,,,,
1626273,Marcelo Huertas,0,1983-05-25,FC Barcelona,Brazil,6-3,200.0,2.0,,Guard,2015,2016,,,,,,,,,,
1628989,Kevin Huerter,1,,nan,,,,,,,,,2018.0,1,19.0,19,Maryland,College/University,79.25,79.5,38.0,9.0
203962,Josh Huestis,0,1991-12-19,Stanford,USA,6-7,230.0,4.0,34,Guard,2015,2017,,,,,,,,,,
1630643,Jay Huff,1,1997-08-25,Virginia,USA,7-1,240.0,2.0,34,Center,2021,2023,,,,,,,,,,
1572,Nate Huffman,0,1975-04-02,Central Michigan,USA,7-1,245.0,1.0,7,Center,2002,2002,,,,,,,,,,
77076,Alfredrick Hughes,0,1962-07-19,Loyola-Chicago,USA,6-5,215.0,1.0,6,Forward,1985,1985,1985.0,1,14.0,14,Loyola-Chicago,College/University,,,,
77077,Eddie Hughes,0,1960-05-26,Colorado State,USA,5-10,165.0,3.0,1,Guard,1987,1989,1982.0,7,2.0,140,Colorado State,College/University,,,,
1630190,Elijah Hughes,0,,nan,,,,,,,,,2020.0,2,9.0,39,Syracuse,College/University,78.5,79.5,,
77078,Kim Hughes,0,1952-06-04,Wisconsin,USA,6-11,220.0,5.0,3-12-44,Center,1976,1980,1974.0,3,9.0,45,Wisconsin,College/University,,,,
1716,Larry Hughes,0,1979-01-23,St. Louis,USA,6-5,185.0,13.0,,Guard,1998,2011,1998.0,1,8.0,8,Saint Louis,College/University,,,,
1965,Rick Hughes,0,1973-08-22,Thomas More,USA,6-9,235.0,1.0,,Forward,1999,1999,,,,,,,,,,
203133,Robbie Hummel,0,1989-03-08,Purdue,USA,6-9,219.0,3.0,4,Forward,2013,2014,2012.0,2,28.0,58,Purdue,College/University,80.5,80.5,30.0,13.0
77080,John Hummer,0,,nan,,,,,,,,,1970.0,1,15.0,15,Princeton,College/University,,,,
2415,Ryan Humphrey,0,1979-07-24,Notre Dame,USA,6-8,235.0,4.0,,Forward,2002,2004,2002.0,1,19.0,19,Notre Dame,College/University,,,,
1629353,Isaac Humphries,0,1998-01-05,Kentucky,Australia,7-0,260.0,2.0,8,Center,2018,2018,,,,,,,,,,
77081,Jay Humphries,0,1962-10-17,Colorado,USA,6-3,185.0,11.0,5,Guard,1984,1994,1984.0,1,13.0,13,Colorado,College/University,,,,
2743,Kris Humphries,0,1985-02-06,Minnesota,USA,6-9,235.0,14.0,43,Forward,2004,2016,2004.0,1,14.0,14,Minnesota,College/University,81.5,84.5,36.0,22.0
77082,Rod Hundley,0,1934-10-26,West Virginia,USA,6-4,185.0,6.0,33,Guard,1957,1962,1957.0,1,1.0,1,West Virginia,College/University,,,,
1630624,Feron Hunt,1,1999-07-05,Southern Methodist,USA,6-8,195.0,2.0,11,Forward,2021,2021,,,,,,,,,,
2599,Brandon Hunter,0,,nan,,,,,,,,,2003.0,2,27.0,56,Ohio,College/University,,,,
77083,Cedric Hunter,0,1965-01-16,Kansas,USA,6-0,180.0,1.0,15,Forward,1991,1991,,,,,,,,,,
201805,Chris Hunter,0,1984-07-09,Michigan,USA,6-11,240.0,3.0,31,Center-Forward,2008,2009,,,,,,,,,,
1629631,De'Andre Hunter,1,1997-12-02,Virginia,USA,6-8,221.0,4.0,12,Forward-Guard,2019,2023,2019.0,1,4.0,4,Virginia,College/University,,,,
77084,Les Hunter,0,1942-08-16,Loyola-Chicago,USA,6-7,210.0,1.0,41,Forward,1964,1964,1964.0,2,2.0,9,Loyola-Chicago,College/University,,,,
283,Lindsey Hunter,0,1970-12-03,Jackson State,USA,6-2,195.0,17.0,,Guard,1993,2009,1993.0,1,10.0,10,Jackson State,College/University,,,,
201629,Othello Hunter,0,1986-05-28,Ohio State,USA,,,2.0,,,2008,2016,,,,,,,79.5,87.0,34.5,7.0
1626154,RJ Hunter,0,1993-10-24,Georgia State,USA,6-5,185.0,5.0,28,Guard,2015,2018,2015.0,1,28.0,28,Georgia State,College/University,78.0,82.5,33.5,1.0
2212,Steven Hunter,0,1981-10-31,DePaul,USA,7-0,240.0,9.0,45,Center,2001,2009,2001.0,1,15.0,15,DePaul,College/University,,88.0,38.5,11.0
1626205,Vincent Hunter,0,1994-08-05,Texas-El Paso,USA,6-8,208.0,1.0,,Forward,2017,2017,,,,,,,79.5,83.0,37.5,13.0
310,Bobby Hurley,0,1971-06-28,Duke,USA,6-0,165.0,5.0,12,Guard,1993,1997,1993.0,1,7.0,7,Duke,College/University,,,,
77086,Roy Hurley,0,1922-08-12,Murray State,USA,6-2,170.0,1.0,,Forward,1946,1946,,,,,,,,,,
1630562,Matt Hurt,1,2000-04-20,Duke,USA,,,0.0,,,,,,,,,,,,,,
77087,Geoff Huston,0,1957-11-08,Texas Tech,USA,6-2,175.0,8.0,15,Guard,1979,1986,1979.0,3,6.0,50,Texas Tech,College/University,,,,
77088,Paul Huston,0,,nan,,,,,,,,,1947.0,1,8.0,8,Ohio State,College/University,,,,
77089,Mel Hutchins,0,1928-11-22,Brigham Young,USA,6-6,200.0,7.0,10,Forward,1951,1957,1951.0,1,2.0,2,Brigham Young,College/University,,,,
1628990,Chandler Hutchison,0,1996-04-26,Boise State,USA,6-6,210.0,4.0,,Forward-Guard,2018,2021,2018.0,1,22.0,22,Boise State,College/University,,,,
77090,Joe Hutton,0,1928-10-06,Hamline,USA,6-1,170.0,2.0,4-15,Guard,1950,1951,1950.0,7,0.0,0,Hamline,College/University,,,,
77091,Greg Hyder,0,1948-06-21,Eastern New Mexico,USA,6-6,215.0,1.0,16,Forward,1970,1970,1970.0,3,5.0,39,Eastern New Mexico,College/University,,,,
1630538,Bones Hyland,1,2000-09-14,Virginia Commonwealth,USA,6-2,169.0,2.0,5,Guard,2021,2023,2021.0,1,26.0,26,Virginia Commonwealth,College/University,,,,
77092,Marc Iavaroni,0,1956-09-15,Virginia,USA,6-10,210.0,7.0,43,Forward,1982,1988,1978.0,3,11.0,55,Virginia,College/University,,,,
201586,Serge Ibaka,1,,nan,,,,,,,,,2008.0,1,24.0,24,CB L'Hospitalet (Spain),Other Team/Club,,,,
2738,Andre Iguodala,1,,nan,,,,,,,,,2004.0,1,9.0,9,Arizona,College/University,78.75,83.0,34.5,4.0
980,Zydrunas Ilgauskas,0,1975-06-05,Atletas Kaunas,Lithuania,7-3,260.0,14.0,11,Center,1997,2010,1996.0,1,20.0,20,LSU-Atletas (Lithuania),Other Team/Club,,,,
101148,Mile Ilic,0,1984-06-02,FMP,Serbia,7-1,255.0,2.0,9,Center,2006,2006,2005.0,2,13.0,43,KK FMP (Serbia),Other Team/Club,,,,
101141,Ersan Ilyasova,0,1987-05-15,FC Barcelona,Turkey,6-9,235.0,14.0,77,Forward,2006,2020,2005.0,2,6.0,36,Ulkerspor (Turkey),Other Team/Club,81.0,85.25,30.0,2.0
77093,Darrall Imhoff,0,1938-10-11,California,USA,6-10,220.0,12.0,30-35,Center,1960,1971,1960.0,1,3.0,3,California,College/University,,,,
77094,Tom Ingelsby,0,1951-02-12,Villanova,USA,6-3,180.0,1.0,24,Guard,1973,1973,1973.0,2,9.0,27,Villanova,College/University,,,,
204060,Joe Ingles,1,1987-10-02,Maccabi Tel Aviv,Australia,6-9,220.0,9.0,7,Forward-Guard,2014,2023,,,,,,,,,,
203996,Damien Inglis,0,1995-05-20,Chorale Roanne,France,6-8,246.0,2.0,17,Forward,2014,2015,,,,,,,,,,
201281,Andre Ingram,0,1985-11-19,American University,USA,6-3,190.0,2.0,,Guard,2017,2018,,,,,,,,,,
1627742,Brandon Ingram,1,1997-09-02,Duke,USA,6-8,190.0,7.0,14,Forward,2016,2023,2016.0,1,2.0,2,Duke,College/University,,,,
77095,Joel Ingram,0,,nan,,,,,,,,,,,,,,,,,,
77096,Byron Irvin,0,1966-12-02,Missouri,USA,6-5,190.0,3.0,32,Guard,1989,1992,1989.0,1,22.0,22,Missouri,College/University,,,,
202681,Kyrie Irving,1,1992-03-23,Duke,Australia,6-2,195.0,12.0,2,Guard,2011,2023,2011.0,1,1.0,1,Duke,College/University,75.5,76.0,,
1628371,Jonathan Isaac,1,1997-10-03,Florida State,USA,6-10,230.0,4.0,1,Forward,2017,2023,2017.0,1,6.0,6,Florida State,College/University,,,,
77097,Dan Issel,0,,nan,,,,,,,,,1970.0,8,3.0,122,Kentucky,College/University,,,,
77098,Mike Iuzzolino,0,1968-01-22,St. Francis (PA),USA,5-10,175.0,2.0,13,Guard,1991,1992,1991.0,2,8.0,35,Saint Francis (PA),College/University,,,,
947,Allen Iverson,0,1975-06-07,Georgetown,USA,6-0,165.0,15.0,3,Guard,1996,2009,1996.0,1,1.0,1,Georgetown,College/University,,,,
1631093,Jaden Ivey,1,2002-02-13,Purdue,USA,6-4,195.0,1.0,23,Guard,2022,2023,2022.0,1,5.0,5,Purdue,College/University,,,,
2767,Royal Ivey,0,1981-12-20,Texas-Austin,USA,6-4,200.0,10.0,,Guard,2004,2013,2004.0,2,8.0,37,Brigham Young,College/University,,,,
1628411,Wes Iwundu,0,1994-12-20,Kansas State,USA,6-6,195.0,6.0,,Forward,2017,2021,2017.0,2,3.0,33,Kansas State,College/University,78.75,85.0,36.0,5.0
101127,Jarrett Jack,0,1983-10-28,Georgia Tech,USA,6-3,200.0,14.0,55,Guard,2005,2017,2005.0,1,22.0,22,Georgia Tech,College/University,75.5,79.5,28.5,5.0
1628935,Aaron Jackson,0,1986-05-06,Duquesne,USA,6-3,183.0,1.0,5,Guard,2017,2017,,,,,,,,,,
77099,Al Jackson,0,1943-07-29,Wilberforce,USA,6-1,185.0,1.0,11,Guard,1967,1967,,,,,,,,,,
1517,Bobby Jackson,0,1973-03-13,Minnesota,USA,6-1,185.0,13.0,24,Guard,1997,2008,1997.0,1,23.0,23,Minnesota,College/University,,,,
202132,Cedric Jackson,0,1986-03-05,Cleveland State,USA,6-3,190.0,2.0,9,Guard,2009,2009,,,,,,,,,,
201616,Darnell Jackson,0,1985-11-07,Kansas,USA,6-9,253.0,4.0,41,Forward,2008,2010,2008.0,2,22.0,52,Kansas,College/University,79.75,83.25,31.0,11.0
1627743,Demetrius Jackson,0,1994-09-07,Notre Dame,USA,6-1,201.0,4.0,,Guard,2016,2018,2016.0,2,15.0,45,Notre Dame,College/University,,,,
1628402,Frank Jackson,0,1998-05-04,Duke,USA,6-3,205.0,5.0,,Guard,2017,2022,2017.0,2,1.0,31,Duke,College/University,75.5,79.5,42.0,9.0
77101,Greg Jackson,0,1952-08-02,Guilford,USA,6-0,180.0,1.0,24,Guard,1974,1974,1974.0,5,14.0,86,Guilford,College/University,,,,
1630543,Isaiah Jackson,1,2002-01-10,Kentucky,USA,6-9,205.0,2.0,22,Forward,2021,2023,2021.0,1,22.0,22,Kentucky,College/University,,,,
1114,Jaren Jackson,0,1967-10-27,Georgetown,USA,6-6,225.0,12.0,2,Guard,1989,2001,,,,,,,,,,
1983,Jermaine Jackson,0,1976-06-07,Detroit,USA,6-5,204.0,6.0,5,Guard,1999,2005,,,,,,,,,,
754,Jim Jackson,0,1970-10-14,Ohio State,USA,6-6,220.0,14.0,24,Forward-Guard,1992,2005,1992.0,1,4.0,4,Ohio State,College/University,,,,
1628367,Josh Jackson,1,1997-02-10,Kansas,USA,6-8,207.0,6.0,55,Guard-Forward,2017,2021,2017.0,1,4.0,4,Kansas,College/University,,,,
1628382,Justin Jackson,1,,nan,,,,,,,,,2017.0,1,15.0,15,North Carolina,College/University,80.25,83.0,35.5,
77103,Lucious Jackson,0,1941-10-31,Texas-Pan American,USA,6-9,240.0,8.0,,Forward,1964,1971,1964.0,1,4.0,4,Texas-Pan American,College/University,,,,
2739,Luke Jackson,0,1981-11-06,Oregon,USA,6-7,215.0,5.0,,Forward-Guard,2004,2007,2004.0,1,10.0,10,Oregon,College/University,79.0,80.5,36.0,13.0
1531,Marc Jackson,0,1975-01-16,Temple,USA,6-10,253.0,8.0,44,Forward,2000,2006,1997.0,2,9.0,37,Temple,College/University,,,,
349,Mark Jackson,0,1965-04-01,St. John's (NY),USA,6-3,195.0,18.0,31,Guard,1987,2003,1987.0,1,18.0,18,St. John's (NY),College/University,,,,
77104,Michael Jackson,0,,nan,,,,,,,,,1986.0,2,23.0,47,Georgetown,College/University,,,,
77105,Myron Jackson,0,1964-05-06,Arkansas-Little Rock,USA,6-3,185.0,1.0,6,Guard,1986,1986,1986.0,4,15.0,85,Arkansas-Little Rock,College/University,,,,
77106,Phil Jackson,0,1945-09-17,North Dakota,USA,6-8,220.0,12.0,17,Forward,1967,1979,1967.0,2,5.0,17,North Dakota,College/University,,,,
203510,Pierre Jackson,0,1991-08-29,Baylor,USA,5-10,180.0,1.0,,Guard,2016,2016,2013.0,2,12.0,42,Baylor,College/University,70.5,70.0,,
1631245,Quenton Jackson,1,,nan,,,,,,,,,,,,,,,,,,
77107,Ralph Jackson,0,1962-10-26,UCLA,USA,6-2,190.0,1.0,2,Guard,1984,1984,1984.0,4,1.0,71,California-Los Angeles,College/University,,,,
1872,Randell Jackson,0,1976-01-06,Florida State,USA,6-11,215.0,1.0,,Forward,1998,1999,,,,,,,,,,
202704,Reggie Jackson,1,1990-04-16,Boston College,USA,6-2,208.0,12.0,7,Guard,2011,2023,2011.0,1,24.0,24,Boston College,College/University,,,,
77109,Stanley Jackson,0,,nan,,,,,,,,,,,,,,,,,,
1536,Stephen Jackson,0,1978-04-05,Butler C.C. (KS),USA,6-8,220.0,14.0,,Guard-Forward,2000,2013,1997.0,2,14.0,42,Butler Community College,College/University,,,,
77100,Tony Jackson,0,1958-01-17,Florida State,USA,6-0,170.0,1.0,23,Guard,1980,1980,1980.0,4,18.0,87,Florida State,College/University,,,,
77110,Tracy Jackson,0,1959-04-21,Notre Dame,USA,6-6,205.0,3.0,7,Guard,1981,1983,1981.0,2,2.0,25,Notre Dame,College/University,,,,
77111,Wardell Jackson,0,1951-07-18,Ohio State,USA,6-7,200.0,1.0,30,Forward,1974,1974,1974.0,6,8.0,98,Ohio State,College/University,,,,
1628991,Jaren Jackson Jr.,1,1999-09-15,Michigan State,USA,6-10,242.0,5.0,13,Forward-Center,2018,2023,2018.0,1,4.0,4,Michigan State,College/University,83.25,89.25,,
77112,Winfred Jacobs,0,1922-12-02,Denver,USA,6-3,175.0,1.0,,Forward,1946,1946,,,,,,,,,,
2418,Casey Jacobsen,0,1981-03-19,Stanford,USA,6-6,215.0,5.0,23,Guard,2002,2007,2002.0,1,22.0,22,Stanford,College/University,,,,
1734,Sam Jacobson,0,1975-07-22,Minnesota,USA,,,3.0,,Guard,1998,2000,1998.0,1,26.0,26,Minnesota,College/University,,,,
77114,Dave Jamerson,0,1967-08-13,Ohio,USA,6-5,190.0,3.0,24,Guard,1990,1993,1990.0,1,15.0,15,Ohio,College/University,,,,
77115,Aaron James,0,,nan,,,,,,,,,1974.0,2,10.0,28,Grambling,College/University,,,,
203108,Bernard James,0,1985-02-07,Florida State,USA,6-10,235.0,3.0,55,Center,2012,2014,2012.0,2,3.0,33,Florida State,College/University,82.0,87.0,32.5,6.0
202345,Damion James,0,1987-10-07,Texas-Austin,USA,6-7,225.0,4.0,7,Forward,2010,2013,2010.0,1,24.0,24,Texas,College/University,79.75,84.75,33.0,13.0
77116,Gene James,0,1925-02-15,Marshall,USA,6-4,180.0,3.0,,Forward,1948,1950,,,,,,,,,,
1080,Henry James,0,1965-07-29,St. Mary's (TX),USA,6-8,220.0,7.0,,Forward,1990,1997,,,,,,,,,,
1744,Jerome James,0,,nan,,,,,,,,,1998.0,2,7.0,36,Florida A&M,College/University,,,,
1629713,Justin James,0,1997-01-24,Wyoming,USA,6-7,190.0,3.0,10,Guard-Forward,2019,2020,2019.0,2,10.0,40,Wyoming,College/University,,,,
2544,LeBron James,1,1984-12-30,St. Vincent-St. Mary HS (OH),USA,6-9,250.0,20.0,6,Forward,2003,2023,2003.0,1,1.0,1,Saint Vincent-Saint Mary,High School,,,,
2229,Mike James,0,1975-06-23,Duquesne,USA,6-2,188.0,12.0,8,Guard,2001,2013,,,,,,,,,,
1628455,Mike James,0,1990-08-18,Lamar,USA,6-1,175.0,3.0,55,Guard,2017,2020,,,,,,,,,,
1906,Tim James,0,1976-12-25,Miami,USA,6-7,214.0,4.0,25,Forward,1999,2002,1999.0,1,25.0,25,Miami (FL),College/University,,,,
1712,Antawn Jamison,0,,nan,,,,,,,,,1998.0,1,4.0,4,North Carolina,College/University,,,,
1942,Harold Jamison,0,1976-11-20,Clemson,USA,6-9,269.0,3.0,40,Forward,1999,2002,,,,,,,,,,
77120,John Janisch,0,,nan,,,,,,,,,,,,,,,,,,
77122,Howie Janotta,0,1924-10-19,Seton Hall,USA,6-3,185.0,1.0,,Forward,1949,1949,,,,,,,,,,
2060,Marko Jaric,0,1978-12-10,Virtus Bologna,Serbia,6-7,224.0,8.0,55,Guard,2002,2008,2000.0,2,1.0,30,Fortitudo Pallacanestro Bologna (Italy),Other Team/Club,,,,
77123,Tony Jaros,0,1920-02-22,Minnesota,USA,6-3,185.0,4.0,13,Forward,1946,1950,,,,,,,,,,
1630610,DeJon Jarreau,0,1998-01-23,Houston,USA,6-5,185.0,1.0,,Guard,2021,2021,,,,,,,,,,
101180,Sarunas Jasikevicius,0,1976-03-05,Maryland,Lithuania,,,2.0,,,2005,2007,,,,,,,,,,
201605,Nathan Jawai,0,1986-10-10,Midland (Texas),Australia,6-10,280.0,3.0,15,Forward,2008,2009,2008.0,2,11.0,41,Cairns Taipans (Australia),Other Team/Club,,,,
77125,Buddy Jeannette,0,1917-09-15,Washington & Jefferson,USA,5-11,175.0,3.0,,Guard,1947,1949,,,,,,,,,,
77126,Abdul Jeelani,0,1954-02-10,Wisconsin-Parkside,USA,6-8,210.0,2.0,11,Forward,1979,1980,,,,,,,,,,
2423,Chris Jefferies,0,1980-02-13,Fresno State,USA,6-8,230.0,3.0,6,Forward,2002,2003,2002.0,1,27.0,27,Fresno State,College/University,,,,
201785,Othyus Jeffers,0,1985-08-05,Robert Morris-Chicago,USA,6-5,210.0,3.0,0,Guard-Forward,2009,2013,,,,,,,,,,
2744,Al Jefferson,0,1985-01-04,Prentiss HS (MS),USA,6-10,280.0,14.0,25,Center,2004,2017,2004.0,1,15.0,15,Prentiss,High School,81.75,86.5,30.0,3.0
1628518,Amile Jefferson,0,,nan,,,,,,,,,,,,,,,,,,
203928,Cory Jefferson,0,1990-12-26,Baylor,USA,6-9,218.0,3.0,,Forward,2014,2015,,,,,,,81.0,84.5,37.5,
200971,Dontell Jefferson,0,,nan,,,,,,,,,,,,,,,,,,
2210,Richard Jefferson,0,,nan,,,,,,,,,2001.0,1,13.0,13,Arizona,College/University,,84.0,38.5,14.0
1629610,DaQuan Jeffries,1,1997-08-30,Tulsa,USA,6-5,222.0,4.0,8,Guard-Forward,2019,2023,,,,,,,77.0,83.25,,
1631300,Drake Jeffries,1,1999-01-22,Wyoming,USA,,,0.0,,,,,,,,,,,,,,
2407,Jared Jeffries,0,1981-11-25,Indiana,USA,6-11,240.0,12.0,1,Forward,2002,2012,2002.0,1,11.0,11,Indiana,College/University,,,,
202724,Charles Jenkins,0,1989-02-28,Hofstra,USA,6-3,215.0,3.0,31,Guard,2011,2012,2011.0,2,14.0,44,Hofstra,College/University,75.25,79.5,34.0,16.0
2798,Horace Jenkins,0,1974-10-14,William Paterson,USA,6-1,180.0,2.0,5,Guard,2004,2004,,,,,,,,77.25,41.0,2.0
203098,John Jenkins,0,1991-03-06,Vanderbilt,USA,6-4,215.0,7.0,30,Guard,2012,2018,2012.0,1,23.0,23,Vanderbilt,College/University,76.25,80.5,36.5,10.0
201943,Brandon Jennings,0,,nan,,,,,,,,,2009.0,1,10.0,10,Pallacanestro Virtus Roma (Italy),Other Team/Club,,,,
24,Keith Jennings,0,1968-11-02,East Tennessee State,USA,5-7,160.0,3.0,2,Guard,1992,1994,,,,,,,,,,
1137,Chris Jent,0,1970-01-11,Ohio State,USA,6-7,220.0,2.0,,Forward,1993,1996,,,,,,,,,,
77129,Les Jepsen,0,1967-06-24,Iowa,USA,7-0,237.0,2.0,51,Guard,1990,1991,1990.0,2,1.0,28,Iowa,College/University,,,,
201973,Jonas Jerebko,0,,nan,,,,,,,,,2009.0,2,9.0,39,Pallacanestro Biella (Italy),Other Team/Club,,,,
1629660,Ty Jerome,1,1997-07-08,Virginia,USA,6-5,195.0,4.0,10,Guard-Forward,2019,2023,2019.0,1,24.0,24,Virginia,College/University,77.5,76.0,31.5,2.0
201998,Curtis Jerrells,0,1987-02-05,Baylor,USA,6-1,195.0,1.0,5,Guard,2009,2009,,,,,,,,,,
203511,Grant Jerrett,0,,nan,,,,,,,,,2013.0,2,10.0,40,Arizona,College/University,82.25,86.0,34.0,2.0
200817,Pooh Jeter,0,1983-12-02,Portland,USA,5-11,175.0,2.0,5,Guard,2010,2010,,,,,,,,,,
1630198,Isaiah Joe,1,,nan,,,,,,,,,2020.0,2,19.0,49,Arkansas,College/University,76.5,79.5,,
2639,Britton Johnsen,0,1979-07-08,Utah,USA,6-10,210.0,2.0,,Forward,2003,2004,,,,,,,,,,
200792,Alexander Johnson,0,,nan,,,,,,,,,2006.0,2,15.0,45,Florida State,College/University,,,,
1628993,Alize Johnson,1,,nan,,,,,,,,,2018.0,2,20.0,50,Missouri State,College/University,80.0,80.75,31.0,8.0
101161,Amir Johnson,0,1987-05-01,No College,USA,6-9,240.0,15.0,5,Center-Forward,2005,2018,2005.0,2,26.0,56,Westchester,High School,,,,
77131,Andy Johnson,0,1931-04-21,Portland,USA,6-5,215.0,4.0,12,Forward,1958,1961,,,,,,,,,,
1533,Anthony Johnson,0,1974-10-02,College of Charleston,USA,6-3,195.0,14.0,8,Guard,1997,2009,1997.0,2,11.0,39,College of Charleston,College/University,,,,
202356,Armon Johnson,0,1989-02-23,Nevada-Reno,USA,6-3,195.0,3.0,7,Guard,2010,2011,2010.0,2,4.0,34,Nevada-Reno,College/University,75.25,80.0,38.5,18.0
77132,Arnie Johnson,0,1920-05-17,Bemidji State,USA,6-5,236.0,5.0,12,Forward,1948,1952,,,,,,,,,,
422,Avery Johnson,0,1965-03-25,Southern,USA,5-11,185.0,17.0,6,Guard,1988,2003,,,,,,,,,,
1629168,BJ Johnson,0,,nan,,,,,,,,,,,,,,,,,,
1627744,Brice Johnson,0,1994-06-27,North Carolina,USA,6-10,230.0,2.0,,Forward,2016,2017,2016.0,1,25.0,25,North Carolina,College/University,,,,
77130,Buck Johnson,0,1964-01-03,Alabama,USA,6-7,190.0,7.0,2,Forward,1986,1992,1986.0,1,20.0,20,Alabama,College/University,,,,
1629661,Cameron Johnson,1,1996-03-03,North Carolina,USA,6-8,210.0,4.0,2,Forward,2019,2023,2019.0,1,11.0,11,North Carolina,College/University,80.5,82.0,36.5,
201291,Carldell Johnson,0,1983-01-28,Alabama-Birmingham,USA,5-10,180.0,2.0,,Guard,2011,2011,,,,,,,,,,
77133,Charlie Johnson,0,1949-03-31,California,USA,6-0,170.0,7.0,15,Guard,1972,1978,1971.0,6,8.0,93,California,College/University,,,,
202419,Chris Johnson,0,1985-07-17,Louisiana State,USA,6-11,210.0,4.0,20,Forward,2010,2012,,,,,,,,,,
203187,Chris Johnson,0,1990-04-29,Dayton,USA,6-6,206.0,5.0,23,Forward,2012,2015,,,,,,,,,,
77135,Clay Johnson,0,1956-07-18,Missouri,USA,6-4,175.0,3.0,34,Guard,1981,1983,1978.0,5,22.0,110,Missouri,College/University,,,,
77136,Clemon Johnson,0,1956-09-12,Florida A&M,USA,6-10,240.0,10.0,45,Center,1978,1987,1978.0,2,22.0,44,Florida A&M,College/University,,,,
1626177,Dakari Johnson,0,1995-09-22,Kentucky,USA,7-0,255.0,1.0,44,Center,2017,2017,2015.0,2,18.0,48,Kentucky,College/University,83.75,86.0,25.0,4.0
683,Darryl Johnson,0,1965-10-26,Michigan State,USA,6-1,170.0,1.0,30,Guard,1995,1995,1987.0,3,12.0,58,Michigan State,College/University,,,,
77138,Dave Johnson,0,,nan,,,,,,,,,1992.0,1,26.0,26,Syracuse,College/University,,,,
77139,David Johnson,0,1921-12-06,Huntington,USA,5-11,170.0,4.0,5,Guard,1949,1952,,,,,,,,,,
1630525,David Johnson,0,,nan,,,,,,,,,2021.0,2,17.0,47,Louisville,College/University,,,,
1746,DeMarco Johnson,0,1975-10-06,North Carolina-Charlotte,USA,6-9,245.0,1.0,,Forward,1999,1999,1998.0,2,9.0,38,North Carolina-Charlotte,College/University,,,,
77141,Dennis Johnson,0,1954-09-18,Pepperdine,USA,6-4,185.0,14.0,3,Guard,1976,1989,1976.0,2,12.0,29,Pepperdine,College/University,,,,
2035,DerMarr Johnson,0,1980-05-05,Cincinnati,USA,6-9,210.0,8.0,1,Forward-Guard,2000,2007,2000.0,1,6.0,6,Cincinnati,College/University,,,,
698,Eddie Johnson,0,1959-05-01,Illinois,USA,,,17.0,,Forward,1981,1998,1981.0,2,6.0,29,Illinois,College/University,,,,
77144,Eddie Johnson,0,1955-02-24,Auburn,USA,6-2,180.0,10.0,15,Guard,1977,1986,1977.0,3,5.0,49,Auburn,College/University,,,,
77145,Eric Johnson,0,,nan,,,,,,,,,,,,,,,,,,
911,Ervin Johnson,0,,nan,,,,,,,,,1993.0,1,23.0,23,New Orleans,College/University,,,,
77146,Frank Johnson,0,1958-11-23,Wake Forest,USA,6-3,185.0,10.0,3,Guard,1981,1993,1981.0,1,11.0,11,Wake Forest,College/University,,,,
77147,George Johnson,0,1947-06-19,Stephen F. Austin,USA,6-11,245.0,3.0,6,Center,1970,1973,1970.0,1,9.0,9,Stephen F. Austin,College/University,,,,
77148,George Johnson,0,1956-12-08,St. John's (NY),USA,6-7,210.0,8.0,,Forward,1978,1985,1978.0,1,12.0,12,St. John's (NY),College/University,,,,
77149,George Johnson,0,1948-12-18,Dillard,USA,6-11,205.0,13.0,,Center,1972,1985,1970.0,5,11.0,79,Dillard,College/University,,,,
77150,Gus Johnson,0,1935-12-13,Idaho,USA,6-6,230.0,10.0,25,Forward,1963,1972,1963.0,2,2.0,10,Idaho,College/University,,,,
77151,Harold Johnson,0,,nan,,,,,,,,,,,,,,,,,,
201274,Ivan Johnson,0,1984-04-10,California State-San Bernardino,USA,6-8,255.0,3.0,44,Forward,2011,2012,,,,,,,,,,
202707,JaJuan Johnson,0,1989-02-08,Purdue,USA,6-10,221.0,2.0,12,Forward,2011,2011,2011.0,1,27.0,27,Purdue,College/University,82.0,86.0,38.0,15.0
1630552,Jalen Johnson,1,2001-12-18,Duke,USA,6-8,219.0,2.0,1,Forward,2021,2023,2021.0,1,20.0,20,Duke,College/University,,,,
201949,James Johnson,1,1987-02-20,Wake Forest,USA,6-7,240.0,14.0,16,Forward,2009,2023,2009.0,1,16.0,16,Wake Forest,College/University,79.75,84.75,35.0,18.0
2207,Joe Johnson,0,1981-06-29,Arkansas,USA,6-7,240.0,18.0,,Guard-Forward,2001,2021,2001.0,1,10.0,10,Arkansas,College/University,,81.0,36.5,12.0
77152,John Johnson,0,1947-10-18,Iowa,USA,6-7,200.0,12.0,27,Forward,1970,1981,1970.0,1,7.0,7,Iowa,College/University,,,,
77153,Kannard Johnson,0,1965-06-24,Western Kentucky,USA,6-9,220.0,1.0,33,Forward,1987,1987,1987.0,2,18.0,41,Western Kentucky,College/University,,,,
1629640,Keldon Johnson,1,,nan,,,,,,,,,2019.0,1,29.0,29,Kentucky,College/University,78.0,81.25,,
2256,Ken Johnson,0,,nan,,,,,,,,,2001.0,2,20.0,48,Ohio State,College/University,,88.0,35.0,13.0
77154,Ken Johnson,0,1962-11-07,Michigan State,USA,6-8,240.0,1.0,00,Forward,1985,1985,1985.0,2,4.0,28,Michigan State,College/University,,,,
1630553,Keon Johnson,1,2002-03-10,Tennessee,USA,6-3,185.0,2.0,6,Guard,2021,2023,2021.0,1,21.0,21,Tennessee,College/University,,,,
134,Kevin Johnson,0,1966-03-04,California,USA,6-1,190.0,12.0,7,Guard,1987,1999,1987.0,1,7.0,7,California,College/University,,,,
913,Larry Johnson,0,1969-03-14,UNLV,USA,6-7,235.0,10.0,2,Forward,1991,2000,1991.0,1,1.0,1,Nevada-Las Vegas,College/University,,,,
77156,Larry Johnson,0,1954-11-28,Kentucky,USA,6-3,205.0,1.0,10,Guard,1977,1977,1977.0,2,2.0,24,Kentucky,College/University,,,,
77158,Lee Johnson,0,1957-06-16,Texas A&M-Commerce,USA,6-11,205.0,1.0,,Forward,1980,1980,1979.0,1,17.0,17,Texas A&M-Commerce,College/University,,,,
2669,Linton Johnson,0,1980-06-13,Tulane,USA,6-8,205.0,7.0,54,Forward,2003,2008,,,,,,,,,,
77159,Lynbert Johnson,0,1957-09-07,Wichita State,USA,6-5,195.0,1.0,21,Forward,1979,1979,1979.0,3,10.0,54,Wichita State,College/University,,,,
77142,Magic Johnson,0,1959-08-14,Michigan State,USA,6-9,220.0,13.0,32,Forward-Guard,1979,1995,1979.0,1,1.0,1,Michigan State,College/University,,,,
77160,Marques Johnson,0,1956-02-08,UCLA,USA,6-7,218.0,11.0,8,Forward,1977,1989,1977.0,1,3.0,3,California-Los Angeles,College/University,,,,
77168,Mickey Johnson,0,1952-08-31,Aurora,USA,6-10,190.0,12.0,43,Forward,1974,1985,1974.0,4,2.0,56,Aurora,College/University,,,,
77161,Neil Johnson,0,1943-04-17,Creighton,USA,6-7,220.0,4.0,11,Forward,1966,1969,,,,,,,,,,
203910,Nick Johnson,0,1992-12-22,Arizona,USA,6-3,202.0,2.0,3,Guard,2014,2014,,,,,,,75.0,79.25,41.5,
77162,Ollie Johnson,0,,nan,,,,,,,,,1972.0,2,17.0,30,Temple,College/University,,,,
204179,Omari Johnson,0,1989-05-26,Oregon State,Jamaica,6-9,220.0,2.0,,Forward,2017,2017,,,,,,,,,,
203111,Orlando Johnson,0,,nan,,,,,,,,,2012.0,2,6.0,36,California-Santa Barbara,College/University,77.25,83.25,39.5,13.0
77163,Reggie Johnson,0,1957-06-25,Tennessee,USA,6-9,205.0,4.0,33,Forward,1980,1983,1980.0,1,15.0,15,Tennessee,College/University,,,,
77164,Rich Johnson,0,1946-12-18,Grambling,USA,6-7,210.0,3.0,26,Center,1968,1970,1968.0,4,10.0,46,Grambling,College/University,,,,
77165,Ron Johnson,0,1938-07-20,Minnesota,USA,6-8,215.0,1.0,52,Forward,1960,1960,1960.0,2,4.0,12,Minnesota,College/University,,,,
1626169,Stanley Johnson,1,,nan,,,,,,,,,2015.0,1,8.0,8,Arizona,College/University,78.5,83.5,,
77166,Steffond Johnson,0,1962-11-04,San Diego State,USA,6-8,240.0,1.0,31,Forward,1986,1986,1986.0,5,7.0,100,San Diego State,College/University,,,,
77134,Steve Johnson,0,1957-11-03,Oregon State,USA,6-10,235.0,10.0,33,Center,1981,1990,1981.0,1,7.0,7,Oregon State,College/University,,,,
201234,Trey Johnson,0,1984-08-30,Jackson State,USA,6-5,215.0,3.0,,Guard,2008,2011,,,,,,,77.75,77.0,35.0,18.0
204020,Tyler Johnson,0,1992-05-07,Fresno State,USA,6-3,186.0,8.0,,Guard,2014,2021,,,,,,,,,,
77167,Vinnie Johnson,0,1956-09-01,Baylor,USA,6-2,200.0,13.0,15,Guard,1979,1991,1979.0,1,7.0,7,Baylor,College/University,,,,
202325,Wesley Johnson,0,1987-07-11,Syracuse,USA,6-7,215.0,10.0,4,Forward-Guard,2010,2018,2010.0,1,4.0,4,Syracuse,College/University,79.25,85.0,37.0,16.0
203130,Darius Johnson-Odom,0,1989-09-28,Marquette,USA,6-2,215.0,3.0,,Guard,2012,2013,2012.0,2,25.0,55,Marquette,College/University,75.0,79.0,41.5,17.0
77170,Nate Johnston,0,1966-12-18,Tampa,USA,6-8,210.0,1.0,33,Center,1989,1989,1988.0,3,9.0,59,Tampa,College/University,,,,
77169,Neil Johnston,0,1929-02-04,Ohio State,USA,6-8,210.0,8.0,6,Center,1951,1958,,,,,,,,,,
77171,Jim Johnstone,0,1960-09-20,Wake Forest,USA,6-11,245.0,1.0,34,Center,1982,1982,1982.0,3,5.0,51,Wake Forest,College/University,,,,
203999,Nikola Jokic,1,1995-02-19,Mega Basket,Serbia,6-11,284.0,8.0,15,Center,2015,2023,,,,,,,,,,
77172,Howie Jolliff,0,1938-07-20,Ohio,USA,6-7,218.0,3.0,54,Forward,1960,1962,1960.0,7,2.0,50,Ohio,College/University,,,,
2264,Alvin Jones,0,1978-09-09,Georgia Tech,USA,6-11,265.0,2.0,42,Center,2001,2002,2001.0,2,28.0,56,Georgia Tech,College/University,,,,
77173,Anthony Jones,0,1962-09-13,UNLV,USA,6-6,195.0,3.0,21,Guard,1986,1989,1986.0,1,21.0,21,Nevada-Las Vegas,College/University,,,,
77174,Askia Jones,0,1971-12-03,Kansas State,USA,6-5,200.0,1.0,2,Forward,1994,1994,,,,,,,,,,
77180,Bill Jones,0,1966-03-18,Iowa,USA,6-7,175.0,1.0,20,Forward,1988,1988,,,,,,,,,,
77193,Bobby Jones,0,1951-12-18,North Carolina,USA,6-9,210.0,10.0,24,Forward,1976,1985,1974.0,1,5.0,5,North Carolina,College/University,,,,
200784,Bobby Jones,0,,nan,,,,,,,,,2006.0,2,7.0,37,Washington,College/University,,,,
77175,Caldwell Jones,0,,nan,,,,,,,,,1973.0,2,14.0,32,Albany State (GA),College/University,,,,
1630637,Carlik Jones,1,1997-12-23,Louisville,USA,6-0,174.0,2.0,22,Guard,2021,2023,,,,,,,,,,
279,Charles Jones,0,1957-04-03,Albany State (GA),USA,6-9,215.0,15.0,27,Forward-Center,1983,1997,1979.0,8,18.0,165,Albany State (GA),College/University,,,,
77178,Charles Jones,0,1962-01-12,Louisville,USA,6-8,215.0,4.0,,Forward,1984,1988,1984.0,2,12.0,36,Louisville,College/University,,,,
1869,Charles R. Jones,0,1975-07-17,Long Island-Brooklyn,USA,6-3,180.0,2.0,2,Guard,1998,1999,,,,,,,,,,
2563,Dahntay Jones,0,1980-12-27,Duke,USA,6-6,225.0,14.0,30,Guard-Forward,2003,2016,2003.0,1,20.0,20,Duke,College/University,,,,
1627745,Damian Jones,1,1995-06-30,Vanderbilt,USA,6-11,245.0,7.0,15,Center,2016,2023,2016.0,1,30.0,30,Vanderbilt,College/University,,,,
1800,Damon Jones,0,1976-08-25,Houston,USA,6-3,195.0,12.0,19,Guard,1998,2008,,,,,,,,,,
203199,DeQuan Jones,0,1990-06-20,Miami,USA,6-8,221.0,2.0,20,Forward,2012,2012,,,,,,,,,,
202346,Dominique Jones,0,1988-10-15,South Florida,USA,6-5,215.0,3.0,,Guard,2010,2012,2010.0,1,25.0,25,South Florida,College/University,77.0,81.25,32.5,19.0
963,Dontae' Jones,0,1975-06-02,Mississippi State,USA,6-8,220.0,1.0,13,Forward,1997,1997,1996.0,1,21.0,21,Mississippi State,College/University,,,,
101204,Dwayne Jones,0,1983-06-09,St. Joseph's (PA),USA,6-11,248.0,7.0,27,Forward-Center,2005,2012,,,,,,,82.0,86.75,31.5,15.0
77182,Dwight Jones,0,1952-02-27,Houston,USA,6-10,210.0,10.0,13,Forward,1973,1982,1973.0,1,9.0,9,Houston,College/University,,,,
77183,Earl Jones,0,1961-01-13,District of Columbia,USA,7-0,210.0,2.0,31,Center,1984,1985,1984.0,1,23.0,23,District of Columbia,College/University,,,,
224,Eddie Jones,0,1971-10-20,Temple,USA,6-6,200.0,15.0,6,Guard-Forward,1994,2007,1994.0,1,10.0,10,Temple,College/University,,,,
77184,Edgar Jones,0,1956-06-17,Nevada-Reno,USA,6-10,225.0,6.0,44,Forward,1980,1985,1979.0,2,9.0,31,Nevada-Reno,College/University,,,,
2410,Fred Jones,0,1979-03-11,Oregon,USA,6-2,225.0,8.0,2,Guard,2002,2008,2002.0,1,14.0,14,Oregon,College/University,,,,
1630529,Herbert Jones,1,1998-10-06,Alabama,USA,6-7,206.0,2.0,5,Forward,2021,2023,2021.0,2,5.0,35,Alabama,College/University,,,,
77185,Jake Jones,0,1949-05-09,Assumption,USA,6-3,180.0,1.0,12,Guard,1971,1971,1971.0,6,12.0,97,Assumption,College/University,,,,
1627883,Jalen Jones,0,1993-05-27,Texas A&M,USA,6-7,220.0,3.0,,Forward,2017,2018,,,,,,,,,,
2592,James Jones,0,1980-10-04,Miami,USA,6-8,218.0,15.0,1,Guard-Forward,2003,2016,2003.0,2,20.0,49,Miami (FL),College/University,,,,
1629203,Jemerrio Jones,0,1995-04-09,New Mexico State,USA,6-5,175.0,2.0,,Forward,2018,2021,,,,,,,,,,
77186,Jimmy Jones,0,1945-01-01,Grambling,USA,6-4,188.0,3.0,15,Guard,1974,1976,1967.0,2,1.0,13,Grambling,College/University,,,,
77187,Johnny Jones,0,1943-03-12,California State-Los Angeles,USA,6-7,205.0,1.0,27,Forward,1967,1967,,,,,,,,,,
1908,Jumaine Jones,0,1979-02-10,Georgia,USA,6-8,230.0,9.0,20,Forward,1999,2006,1999.0,1,27.0,27,Georgia,College/University,,,,
77188,K.C. Jones,0,1932-05-25,San Francisco,USA,6-1,200.0,9.0,25,Guard,1958,1966,1956.0,2,0.0,0,San Francisco,College/University,,,,
1630539,Kai Jones,1,2001-01-19,Texas,Bahamas,6-11,221.0,2.0,23,Center-Forward,2021,2023,2021.0,1,19.0,19,Texas,College/University,,,,
203158,Kevin Jones,0,1989-08-25,West Virginia,USA,6-8,260.0,2.0,5,Forward,2012,2012,,,,,,,79.5,85.5,32.5,17.0
77200,Larry Jones,0,1942-09-22,Toledo,USA,6-2,180.0,2.0,22,Guard,1964,1973,1963.0,5,8.0,43,Toledo,College/University,,,,
77189,Major Jones,0,1953-07-09,Albany State (GA),USA,6-9,225.0,6.0,35,Forward,1979,1984,1976.0,2,3.0,20,Albany State (GA),College/University,,,,
2891,Mark Jones,0,1975-05-25,St. Bonaventure,USA,6-6,215.0,1.0,7,Guard,1983,2004,1983.0,4,12.0,82,St. Bonaventure,College/University,,,,
90000,Mark Jones,0,1961-04-10,St. Bonaventure,USA,,,1.0,,,1983,1983,,,,,,,,,,
1630222,Mason Jones,0,1998-07-21,Arkansas,USA,6-4,200.0,3.0,40,Guard,2020,2021,,,,,,,77.7,79.0,31.0,
77195,Nick Jones,0,,nan,,,,,,,,,1967.0,3,12.0,31,Oregon,College/University,,,,
77191,Ozell Jones,0,1960-11-20,California State-Fullerton,USA,6-11,235.0,2.0,20,Center,1984,1985,1984.0,4,20.0,90,Cal State-Fullerton,College/University,,,,
461,Popeye Jones,0,1970-06-17,Murray State,USA,6-8,265.0,12.0,54,Forward,1993,2003,1992.0,2,14.0,41,Murray State,College/University,,,,
77192,Rich Jones,0,1946-12-27,Memphis,USA,6-8,220.0,1.0,33,Forward,1976,1976,1968.0,4,13.0,49,Memphis,College/University,,,,
77194,Robin Jones,0,1954-02-02,St. Louis,USA,6-9,225.0,2.0,34,Center,1976,1977,,,,,,,,,,
77196,Sam Jones,0,,nan,,,,,,,,,1956.0,0,0.0,0,North Carolina Central,College/University,,,,
2652,Shelton Jones,0,1966-04-06,St. John's (NY),USA,6-8,210.0,2.0,31,Forward,1988,1988,1988.0,2,2.0,27,St. John's (NY),College/University,,,,
200780,Solomon Jones,0,1984-07-16,South Florida,USA,6-10,235.0,8.0,,Forward,2006,2013,2006.0,2,3.0,33,South Florida,College/University,,,,
77197,Steve Jones,0,1942-10-17,Oregon,USA,6-5,205.0,1.0,23,Guard,1975,1975,,,,,,,,,,
203093,Terrence Jones,0,1992-01-09,Kentucky,USA,6-9,252.0,6.0,,Forward,2012,2018,2012.0,1,18.0,18,Kentucky,College/University,81.5,86.25,34.5,12.0
1630200,Tre Jones,1,2000-01-08,Duke,USA,6-1,185.0,3.0,33,Guard,2020,2023,2020.0,2,11.0,41,Duke,College/University,,,,
1626145,Tyus Jones,1,1996-05-10,Duke,USA,6-2,196.0,8.0,21,Guard,2015,2023,2015.0,1,24.0,24,Duke,College/University,74.0,77.0,32.5,2.0
77198,Wali Jones,0,1942-02-14,Villanova,USA,6-2,180.0,10.0,9,Guard,1964,1975,1964.0,3,2.0,18,Villanova,College/University,,,,
77199,Wallace Jones,0,1926-07-14,Kentucky,USA,6-4,225.0,3.0,,Forward,1949,1951,1949.0,1,8.0,8,Kentucky,College/University,,,,
77201,Wil Jones,0,1947-02-27,Albany State (GA),USA,6-8,205.0,2.0,24,Forward,1976,1977,1969.0,5,12.0,69,Albany State (GA),College/University,,,,
77202,Willie Jones,0,,nan,,,,,,,,,1960.0,5,4.0,36,Northwestern,College/University,,,,
77203,Willie Jones,0,1959-09-01,Vanderbilt,USA,6-8,190.0,2.0,22,Forward,1982,1983,1982.0,3,8.0,54,Vanderbilt,College/University,,,,
203103,Perry Jones III,0,1991-09-24,Baylor,USA,6-11,235.0,4.0,3,Forward,2012,2014,2012.0,1,28.0,28,Baylor,College/University,83.25,85.75,38.5,11.0
1627884,Derrick Jones Jr.,1,1997-02-15,UNLV,USA,6-6,210.0,7.0,5,Forward,2016,2023,,,,,,,,,,
1817,Adonis Jordan,0,1970-08-21,Kansas,USA,5-11,170.0,2.0,,Guard,1993,1998,1993.0,2,15.0,42,Kansas,College/University,,,,
201599,DeAndre Jordan,1,1988-07-21,Texas A&M,USA,6-11,265.0,15.0,6,Center,2008,2023,2008.0,2,5.0,35,Texas A&M,College/University,83.0,90.0,30.5,8.0
77205,Eddie Jordan,0,1955-01-29,Rutgers,USA,6-1,170.0,7.0,15,Guard,1977,1983,1977.0,2,11.0,33,Rutgers,College/University,,,,
202366,Jerome Jordan,0,1986-09-29,Tulsa,Jamaica,7-0,253.0,3.0,9,Center,2011,2014,2010.0,2,14.0,44,Tulsa,College/University,,,,
893,Michael Jordan,0,1963-02-17,North Carolina,USA,6-6,216.0,15.0,23,Guard,1984,2002,1984.0,1,3.0,3,North Carolina,College/University,,,,
674,Reggie Jordan,0,1968-01-26,New Mexico State,USA,6-4,195.0,6.0,,Guard,1993,1999,,,,,,,,,,
77208,Thomas Jordan,0,1968-05-23,Oklahoma State,USA,6-10,220.0,1.0,55,Forward,1992,1992,,,,,,,,,,
77209,Walter Jordan,0,,nan,,,,,,,,,1978.0,4,18.0,84,Purdue,College/University,,,,
77210,Phil Jordon,0,1933-09-12,Whitworth,USA,6-10,205.0,7.0,29,Center,1956,1962,1956.0,0,0.0,0,Whitworth,College/University,,,,
77211,Johnny Jorgensen,0,1921-12-28,DePaul,USA,6-2,185.0,2.0,16,Guard,1947,1948,,,,,,,,,,
77212,Noble Jorgensen,0,1925-05-18,Iowa,USA,6-9,228.0,5.0,6,Center,1946,1952,,,,,,,,,,
77213,Roger Jorgensen,0,1920-09-02,Ohio State,USA,6-5,200.0,1.0,,Center,1946,1946,,,,,,,,,,
202709,Cory Joseph,1,1991-08-20,Texas,Canada,6-3,200.0,12.0,18,Guard,2011,2023,2011.0,1,29.0,29,Texas,College/University,75.25,77.5,35.0,5.0
2123,Garth Joseph,0,1973-08-08,St. Rose,USA,7-2,306.0,2.0,,Center,2000,2000,,,,,,,,,,
203126,Kris Joseph,0,1988-12-17,Syracuse,Canada,6-7,210.0,2.0,24,Forward,2012,2012,2012.0,2,21.0,51,Syracuse,College/University,79.0,83.0,35.0,6.0
77214,Yvon Joseph,0,1957-10-31,Georgia Tech,USA,6-11,245.0,1.0,40,Forward,1985,1985,1985.0,2,12.0,36,Georgia Tech,College/University,,,,
1631107,Nikola Jovic,1,2003-06-09,                                   ,Serbia,6-10,205.0,1.0,5,Forward,2022,2023,2022.0,1,27.0,27,KK Mega Leks (Serbia),Other Team/Club,83.0,84.25,,
77215,Jeff Judkins,0,,nan,,,,,,,,,1978.0,2,8.0,30,Utah,College/University,,,,
1630548,Johnny Juzang,1,2001-03-17,UCLA,USA,6-6,209.0,1.0,33,Guard,2022,2023,,,,,,,78.5,83.0,32.5,
1629662,Mfiondu Kabengele,1,,nan,,,,,,,,,2019.0,1,27.0,27,Florida State,College/University,82.25,87.0,35.5,6.0
77217,Edwin Kachan,0,1925-09-15,DePaul,USA,6-2,175.0,1.0,,Guard,1948,1948,1948.0,0,0.0,0,DePaul,College/University,,,,
77218,George Kaftan,0,1928-02-22,Holy Cross,USA,6-3,190.0,5.0,,Forward,1948,1952,1949.0,2,0.0,0,Holy Cross,College/University,,,,
77219,Ed Kalafat,0,1932-10-13,Minnesota,USA,6-6,245.0,3.0,23,Center,1954,1956,1954.0,1,9.0,9,Minnesota,College/University,,,,
1630686,Georgios Kalaitzakis,0,1999-01-02,Panathinaikos,Greece,6-7,192.0,1.0,,Forward,2021,2021,2021.0,2,30.0,60,BC Nevezis (Greece),Other Team/Club,,,,
2549,Chris Kaman,0,1982-04-28,Central Michigan,USA,7-0,265.0,14.0,35,Center,2003,2015,2003.0,1,6.0,6,Central Michigan,College/University,,,,
1626163,Frank Kaminsky,1,1993-04-04,Wisconsin,USA,7-0,240.0,8.0,33,Forward-Center,2015,2023,2015.0,1,9.0,9,Wisconsin,College/University,84.75,83.0,,
77221,Ralph Kaplowitz,0,1919-05-18,New York University,USA,6-2,170.0,2.0,9,Guard,1946,1947,,,,,,,,,,
2574,Jason Kapono,0,1981-02-02,UCLA,USA,6-8,215.0,9.0,,Forward,2003,2011,2003.0,2,2.0,31,California-Los Angeles,College/University,,,,
77222,Tony Kappen,0,1919-04-13,Forest Hills HS (NY),USA,5-10,165.0,1.0,,Guard,1946,1946,,,,,,,,,,
203508,Sergey Karasev,0,1993-10-26,Zenit Saint Petersburg,Russia,6-7,208.0,4.0,10,Guard-Forward,2013,2015,2013.0,1,19.0,19,B.C. Zenit Saint Petersburg (Russia),Other Team/Club,,,,
201207,Coby Karl,0,1983-06-08,Boise State,USA,6-5,215.0,3.0,22,Guard,2007,2009,,,,,,,76.75,83.0,34.5,9.0
77223,George Karl,0,1951-05-12,North Carolina,USA,6-2,185.0,2.0,22,Guard,1976,1977,1973.0,4,14.0,66,North Carolina,College/University,,,,
77225,Ed Kasid,0,1923-08-13,Minneapolis Vocational HS (MN),USA,5-11,185.0,1.0,,Guard,1946,1946,,,,,,,,,,
2435,Mario Kasun,0,1980-04-05,Skyliners Frankfurt,Croatia,7-1,260.0,2.0,41,Center,2004,2005,2002.0,2,12.0,40,Skyliners Frankfurt (Germany),Other Team/Club,,,,
77226,Leo Katkaveck,0,1923-04-17,North Carolina State,USA,6-0,185.0,2.0,,Guard,1948,1949,1948.0,0,0.0,0,North Carolina State,College/University,,,,
77227,Bob Kauffman,0,1946-07-13,Guilford,USA,6-8,240.0,7.0,44,Forward,1968,1974,1968.0,1,3.0,3,Guilford,College/University,,,,
201619,Sasha Kaun,0,1985-05-08,Kansas,Russia,6-11,260.0,2.0,14,Center,2008,2015,2008.0,2,26.0,56,Kansas,College/University,,,,
77228,Wilbert Kautz,0,1915-09-07,Loyola-Chicago,USA,5-11,180.0,1.0,,Guard,1946,1946,,,,,,,,,,
77229,Clarence Kea,0,,nan,,,,,,,,,1980.0,8,9.0,169,Lamar,College/University,,,,
77230,Michael Kearns,0,1929-06-18,Princeton,USA,6-2,178.0,1.0,7,Guard,1954,1954,1951.0,5,9.0,48,Princeton,College/University,,,,
77231,Tommy Kearns,0,1936-10-06,North Carolina,USA,5-11,185.0,1.0,3,Guard,1958,1958,1958.0,4,6.0,29,North Carolina,College/University,,,,
228,Adam Keefe,0,1970-02-22,Stanford,USA,6-9,230.0,9.0,32,Forward,1992,2000,1992.0,1,10.0,10,Stanford,College/University,,,,
77233,Harold Keeling,0,1963-09-18,Santa Clara,USA,6-4,185.0,1.0,43,Guard,1985,1985,1985.0,3,16.0,63,Santa Clara,College/University,,,,
1631211,Trevor Keels,1,2003-08-26,Duke,USA,6-4,221.0,1.0,3,Guard,2022,2023,2022.0,2,12.0,42,Duke,College/University,76.75,79.25,31.0,
77234,Ken Keller,0,1905-04-05,St. John's (NY),USA,,,1.0,,,1946,1946,,,,,,,,,,
77235,Rich Kelley,0,1953-03-23,Stanford,USA,7-0,235.0,11.0,50,Center,1975,1985,1975.0,1,7.0,7,Stanford,College/University,,,,
77236,Clark Kellogg,0,1961-07-02,Ohio State,USA,6-7,225.0,5.0,33,Forward,1982,1986,1982.0,1,8.0,8,Ohio State,College/University,,,,
77237,Gerard Kelly,0,1918-06-14,Marshall,USA,6-2,172.0,2.0,,Forward,1946,1947,,,,,,,,,,
203527,Ryan Kelly,0,1991-04-09,Duke,USA,6-11,230.0,5.0,30,Forward,2013,2016,2013.0,2,18.0,48,Duke,College/University,83.75,83.5,,
77238,Tom Kelly,0,1924-03-05,New York University,USA,6-0,170.0,1.0,6,Guard,1948,1948,1948.0,0,0.0,0,New York University,College/University,,,,
77239,Greg Kelser,0,1957-09-17,Michigan State,USA,6-7,190.0,6.0,11,Forward,1979,1984,1979.0,1,4.0,4,Michigan State,College/University,,,,
77240,Ben Kelso,0,1949-04-11,Central Michigan,USA,6-3,195.0,1.0,5-30,Guard,1973,1973,1972.0,8,4.0,117,Central Michigan,College/University,,,,
431,Shawn Kemp,0,1969-11-26,Concord HS (IN),USA,6-10,280.0,15.0,40,Forward,1989,2002,1989.0,1,17.0,17,Trinity Valley Community College,College/University,,,,
1118,Tim Kempton,0,1964-01-25,Notre Dame,USA,6-10,245.0,8.0,,Center,1986,1997,1986.0,6,8.0,124,Notre Dame,College/University,,,,
77242,Frank Kendrick,0,1950-09-11,Purdue,USA,6-6,198.0,1.0,34,Forward,1974,1974,1974.0,3,11.0,47,Purdue,College/University,,,,
1628379,Luke Kennard,1,1996-06-24,Duke,USA,6-5,206.0,6.0,10,Guard,2017,2023,2017.0,1,12.0,12,Duke,College/University,77.5,77.25,,
202810,D.J. Kennedy,0,1989-11-05,St. John's (NY),USA,6-5,214.0,2.0,12,Guard-Forward,2011,2011,,,,,,,,,,
77243,Eugene Kennedy,0,,nan,,,,,,,,,1971.0,9,3.0,139,Texas Christian,College/University,,,,
77244,Joe Kennedy,0,1947-01-12,Duke,USA,6-6,210.0,2.0,34,Forward,1968,1969,1968.0,10,2.0,122,Duke,College/University,,,,
77245,William Kennedy,0,1938-05-17,Temple,USA,5-11,180.0,1.0,34,Guard,1960,1960,1960.0,2,7.0,15,Temple,College/University,,,,
77246,Larry Kenon,0,,nan,,,,,,,,,1973.0,3,15.0,50,Memphis,College/University,,,,
77247,Bill Kenville,0,1930-12-01,St. Bonaventure,USA,6-2,187.0,6.0,10,Guard,1953,1959,1953.0,0,0.0,0,St. Bonaventure,College/University,,,,
1801,Jonathan Kerner,0,1974-06-06,East Carolina,USA,6-11,245.0,2.0,44,Center,1998,2002,,,,,,,,,,
77248,Johnny Kerr,0,1932-08-17,Illinois,USA,6-9,230.0,12.0,43,Center,1954,1965,1954.0,1,6.0,6,Illinois,College/University,,,,
70,Steve Kerr,0,,nan,,,,,,,,,1988.0,2,25.0,50,Arizona,College/University,,,,
77249,Jack Kerris,0,1925-01-30,Loyola-Chicago,USA,6-6,215.0,4.0,,Forward,1949,1952,1949.0,1,9.0,9,Loyola-Chicago,College/University,,,,
760,Jerome Kersey,0,1962-06-26,Longwood,USA,,,17.0,,,1984,2000,1984.0,2,22.0,46,Longwood,College/University,,,,
77251,Alec Kessler,0,1967-01-13,Georgia,USA,6-11,230.0,4.0,33,Forward,1990,1993,1990.0,1,12.0,12,Georgia,College/University,,,,
1631117,Walker Kessler,1,2001-07-26,Auburn,USA,7-0,245.0,1.0,24,Center,2022,2023,2022.0,1,22.0,22,Auburn,College/University,85.0,88.25,,
1930,Lari Ketner,0,1977-02-01,Massachusetts,USA,,,2.0,,Forward,1999,2000,1999.0,2,20.0,49,Massachusetts,College/University,,,,
1630296,Braxton Key,1,1997-02-14,Virginia,USA,6-8,225.0,2.0,,Forward,2021,2022,,,,,,,,,,
705,Randolph Keys,0,1966-04-19,Southern Mississippi,USA,6-7,210.0,5.0,31,Forward,1988,1995,1988.0,1,22.0,22,Southern Mississippi,College/University,,,,
2751,Viktor Khryapa,0,1982-08-03,CSKA Moscow,Russia,,,4.0,,,2004,2008,2004.0,1,22.0,22,PBC CSKA Moscow (Russia),Other Team/Club,,,,
467,Jason Kidd,0,1973-03-23,California,USA,6-4,210.0,19.0,5,Guard,1994,2012,1994.0,1,2.0,2,California,College/University,,,,
1629742,Stanton Kidd,0,1992-03-18,Colorado State,USA,6-6,216.0,1.0,,Forward,2019,2019,,,,,,,,,,
77254,Warren Kidd,0,1970-09-09,Middle Tennessee State,USA,6-9,235.0,1.0,43,Forward,1993,1993,,,,,,,,,,
203077,Michael Kidd-Gilchrist,0,1993-09-26,Kentucky,USA,6-6,232.0,9.0,9,Forward,2012,2019,2012.0,1,2.0,2,Kentucky,College/University,79.5,84.0,35.5,6.0
77255,Irv Kiffin,0,1951-08-08,Oklahoma Baptist,USA,6-9,225.0,1.0,21,Forward,1979,1979,,,,,,,,,,
77256,Jack Kiley,0,1929-01-05,Syracuse,USA,6-1,170.0,2.0,10,Guard,1951,1952,1951.0,2,4.0,13,Syracuse,College/University,,,,
77257,Ernie Killum,0,,nan,,,,,,,,,1970.0,2,13.0,30,Stetson,College/University,,,,
77258,Carl Kilpatrick,0,1956-05-16,Louisiana-Monroe,USA,6-10,230.0,1.0,51,Center,1979,1979,1978.0,8,6.0,158,Louisiana-Monroe,College/University,,,,
203930,Sean Kilpatrick,0,1990-01-06,Cincinnati,USA,6-4,212.0,4.0,0,Guard,2014,2017,,,,,,,76.25,79.0,,
77259,Toby Kimball,0,1942-09-07,Connecticut,USA,6-6,220.0,9.0,7,Forward,1966,1974,1965.0,3,9.0,26,Connecticut,College/University,,,,
77260,Bo Kimble,0,1966-04-09,Loyola-Marymount,USA,6-4,190.0,3.0,16,Guard,1990,1992,1990.0,1,8.0,8,Loyola-Marymount,College/University,,,,
77261,Stan Kimbrough,0,1966-04-24,Xavier,USA,5-11,153.0,2.0,21,Forward,1989,1992,,,,,,,,,,
77262,Chad Kinch,0,1958-05-22,North Carolina-Charlotte,USA,6-4,190.0,1.0,21,Guard,1980,1980,1980.0,1,22.0,22,North Carolina-Charlotte,College/University,,,,
77263,Albert King,0,1959-12-17,Maryland,USA,6-6,190.0,9.0,15,Forward,1981,1991,1981.0,1,10.0,10,Maryland,College/University,,,,
77264,Bernard King,0,1956-12-04,Tennessee,USA,6-7,205.0,14.0,30,Forward,1977,1992,1977.0,1,7.0,7,Tennessee,College/University,,,,
12,Chris King,0,1969-07-24,Wake Forest,USA,6-8,215.0,3.0,,Forward,1993,1998,1992.0,2,18.0,45,Wake Forest,College/University,,,,
77266,Dan King,0,,nan,,,,,,,,,,,,,,,,,,
701,Frankie King,0,1972-06-06,Western Carolina,USA,6-1,185.0,2.0,20,Guard,1995,1996,1995.0,2,8.0,37,Western Carolina,College/University,,,,
77268,George King,0,1928-08-16,University of Charleston,USA,6-0,175.0,6.0,15,Guard,1951,1957,1950.0,8,0.0,0,Charleston (WV),College/University,,,,
1628994,George King,0,1994-01-15,Colorado,USA,6-6,220.0,2.0,,Forward-Guard,2018,2021,2018.0,2,29.0,59,Colorado,College/University,78.0,83.5,39.0,15.0
1562,Gerard King,0,1972-11-25,Nicholls State,USA,,,3.0,,Forward,1998,2000,,,,,,,,,,
77270,Jim King,0,1941-02-07,Tulsa,USA,6-2,175.0,10.0,21,Guard,1963,1972,1963.0,2,5.0,13,Tulsa,College/University,,,,
728,Jimmy King,0,1973-08-09,Michigan,USA,6-5,210.0,2.0,13,Guard,1995,1996,1995.0,2,6.0,35,Michigan,College/University,,,,
1629663,Louis King,0,1999-04-06,Oregon,USA,6-7,205.0,4.0,23,Forward,2019,2023,,,,,,,80.0,84.25,33.0,0.0
77272,Maury King,0,1935-03-12,Kansas,USA,6-2,195.0,2.0,22,Guard,1959,1962,1957.0,6,8.0,48,Kansas,College/University,,,,
77273,Reggie King,0,1957-02-14,Alabama,USA,6-6,225.0,6.0,51,Forward,1979,1984,1979.0,1,18.0,18,Alabama,College/University,,,,
1101,Rich King,0,1969-04-04,Nebraska,USA,7-2,260.0,4.0,45,Center,1991,1994,1991.0,1,14.0,14,Nebraska,College/University,,,,
351,Stacey King,0,1967-01-29,Oklahoma,USA,6-11,250.0,8.0,33,Forward-Center,1989,1996,1989.0,1,6.0,6,Oklahoma,College/University,,,,
77276,Tom King,0,1924-03-09,Michigan,USA,6-0,165.0,1.0,,Guard,1946,1946,,,,,,,,,,
77277,Bob Kinney,0,,nan,,,,,,,,,,,,,,,,,,
200814,Tarence Kinsey,0,1984-03-21,South Carolina,USA,6-6,189.0,4.0,8,Guard,2006,2008,,,,,,,,,,
1905,Andrei Kirilenko,0,1981-02-18,CSKA Moscow,Russia,6-9,235.0,13.0,,Forward,2001,2014,1999.0,1,24.0,24,PBC CSKA Moscow (Russia),Other Team/Club,,,,
203945,Alex Kirk,0,1991-11-14,New Mexico,USA,7-0,245.0,1.0,,Center,2014,2014,,,,,,,82.75,87.5,31.5,
77278,Walt Kirk,0,,nan,,,,,,,,,,,,,,,,,,
1631452,Noah Kirkwood,1,,nan,,,,,,,,,,,,,,,,,,
1630557,Corey Kispert,1,1999-03-03,Gonzaga,USA,6-6,224.0,2.0,24,Forward,2021,2023,2021.0,1,15.0,15,Gonzaga,College/University,,,,
77279,Doug Kistler,0,1938-03-21,Duke,USA,6-9,210.0,1.0,5,Forward,1961,1961,1961.0,3,3.0,26,Duke,College/University,,,,
77280,Curtis Kitchen,0,,nan,,,,,,,,,1986.0,6,6.0,122,South Florida,College/University,,,,
1123,Greg Kite,0,1961-08-05,Brigham Young,USA,6-11,250.0,12.0,54,Center,1983,1994,1983.0,1,21.0,21,Brigham Young,College/University,,,,
954,Kerry Kittles,0,1974-06-12,Villanova,USA,6-5,185.0,9.0,,Guard,1996,2004,1996.0,1,8.0,8,Villanova,College/University,,,,
1628467,Maxi Kleber,1,1992-01-29,Bayern Munich,Germany,6-10,240.0,6.0,42,Forward,2017,2023,,,,,,,,,,
170,Joe Kleine,0,1962-01-04,Arkansas,USA,6-11,255.0,15.0,,Center,1985,1999,1985.0,1,6.0,6,Arkansas,College/University,,,,
101132,Linas Kleiza,0,1985-01-03,Missouri,Lithuania,6-8,234.0,8.0,11,Forward,2005,2012,2005.0,1,27.0,27,Missouri,College/University,,,,
77283,Leo Klier,0,1923-05-21,Notre Dame,USA,6-2,170.0,2.0,7,Guard,1948,1949,,,,,,,,,,
77284,Herm Klotz,0,1921-10-21,Villanova,USA,5-7,150.0,1.0,,Guard,1947,1947,,,,,,,,,,
77285,Duane Klueh,0,1926-01-06,Indiana State,USA,6-3,175.0,2.0,6,Guard,1949,1950,1949.0,8,0.0,0,Indiana State,College/University,,,,
77290,Billy Knight,0,,nan,,,,,,,,,1974.0,2,3.0,21,Pittsburgh,College/University,,,,
77287,Bob Knight,0,1905-04-14,Weaver HS (CT),USA,6-2,185.0,1.0,3,Guard-Forward,1954,1954,,,,,,,,,,
2688,Brandin Knight,0,1981-12-16,Pittsburgh,USA,6-0,180.0,1.0,,Guard,2004,2004,,,,,,,,,,
202688,Brandon Knight,0,1991-12-02,Kentucky,USA,6-2,182.0,9.0,,Guard,2011,2021,2011.0,1,8.0,8,Kentucky,College/University,75.25,78.75,37.5,10.0
1510,Brevin Knight,0,,nan,,,,,,,,,1997.0,1,16.0,16,Stanford,College/University,,,,
1630233,Nathan Knight,1,,nan,,,,,,,,,,,,,,,81.7,86.0,31.5,
1861,Negele Knight,0,1967-03-03,Dayton,USA,6-1,175.0,6.0,,Guard,1990,1998,,,,,,,,,,
77288,Ron Knight,0,,nan,,,,,,,,,1970.0,5,8.0,76,Cal State-Los Angeles,College/University,,,,
77289,Toby Knight,0,1955-05-03,Notre Dame,USA,6-9,210.0,4.0,43,Forward,1977,1981,1977.0,2,10.0,32,Notre Dame,College/University,,,,
969,Travis Knight,0,1974-09-13,Connecticut,USA,7-0,235.0,8.0,44,Center,1996,2002,1996.0,1,29.0,29,Connecticut,College/University,,,,
77291,Lee Knorek,0,1921-07-15,Detroit,USA,6-7,215.0,4.0,,Center,1946,1949,,,,,,,,,,
77292,Dick Knostman,0,1931-08-09,Kansas State,USA,6-6,215.0,1.0,10,Center,1953,1953,1953.0,0,0.0,0,Kansas State,College/University,,,,
77293,Rod Knowles,0,1946-02-27,Davidson,USA,6-9,215.0,1.0,23,Center,1968,1968,1968.0,6,13.0,77,Davidson,College/University,,,,
1628995,Kevin Knox II,1,1999-08-11,Kentucky,USA,6-7,215.0,5.0,11,Forward,2018,2023,2018.0,1,9.0,9,Kentucky,College/University,81.0,83.75,,
77294,Bart Kofoed,0,1964-03-24,Nebraska-Kearney,USA,6-4,210.0,5.0,12,Forward,1987,1992,1987.0,5,15.0,107,Nebraska-Kearney,College/University,,,,
77295,Don Kojis,0,1939-07-15,Marquette,USA,6-3,202.0,12.0,21,Forward,1963,1974,1961.0,2,12.0,21,Marquette,College/University,,,,
1631132,Christian Koloko,1,2000-06-20,Arizona,Cameroon,7-0,230.0,1.0,35,Center,2022,2023,2022.0,2,3.0,33,Arizona,College/University,84.0,89.25,33.5,
77296,Milo Komenich,0,1920-06-22,Wyoming,USA,6-7,212.0,1.0,,Center,1949,1949,,,,,,,,,,
77297,Howard Komives,0,,nan,,,,,,,,,1964.0,2,6.0,13,Bowling Green,College/University,,,,
402,Jon Koncak,0,1963-05-17,Southern Methodist,USA,7-0,250.0,11.0,45,Center,1985,1995,1985.0,1,5.0,5,Southern Methodist,College/University,,,,
1629723,John Konchar,1,1996-03-22,Indiana-Purdue Fort Wayne,USA,6-5,210.0,4.0,46,Guard,2019,2023,,,,,,,,,,
77299,Bud Koper,0,1942-08-09,Oklahoma City,USA,6-6,210.0,1.0,15,Guard,1964,1964,1964.0,2,7.0,14,Oklahoma City,College/University,,,,
77300,Joe Kopicki,0,1960-06-12,Detroit,USA,6-9,240.0,3.0,50,Forward,1982,1984,1982.0,3,10.0,56,Detroit Mercy,College/University,,,,
1627788,Furkan Korkmaz,1,1997-07-24,Anadolu Efes,Turkey,6-7,202.0,6.0,30,Guard-Forward,2017,2023,2016.0,1,26.0,26,Anadolu Efes S.K. (Turkey),Other Team/Club,,,,
77301,Frank Kornet,0,1967-01-27,Vanderbilt,USA,6-9,225.0,2.0,8,Forward,1989,1990,1989.0,2,3.0,30,Vanderbilt,College/University,,,,
1628436,Luke Kornet,1,,nan,,,,,,,,,,,,,,,,,,
101117,Yaroslav Korolev,0,1987-05-07,CSKA Moscow,Russia,6-9,203.0,3.0,8,Forward,2005,2006,2005.0,1,12.0,12,PBC CSKA Moscow (Russia),Other Team/Club,,,,
2594,Kyle Korver,0,,nan,,,,,,,,,2003.0,2,22.0,51,Creighton,College/University,,,,
77302,Len Kosmalski,0,1951-11-29,Tennessee,USA,6-11,245.0,2.0,55,Center,1974,1975,1974.0,2,6.0,24,Tennessee,College/University,,,,
77303,Andy Kostecka,0,,nan,,,,,,,,,1948.0,0,0.0,0,Georgetown,College/University,,,,
77304,Harold Kottman,0,,nan,,,,,,,,,,,,,,,,,,
201585,Kosta Koufos,0,,nan,,,,,,,,,2008.0,1,23.0,23,Ohio State,College/University,,,,
77305,Tom Kozelko,0,1951-07-01,Toledo,USA,6-8,220.0,3.0,22,Forward,1973,1975,1973.0,3,13.0,48,Toledo,College/University,,,,
77306,Arvid Kramer,0,1956-10-02,Augustana (SD),USA,6-9,220.0,1.0,41,Center,1979,1979,1979.0,3,1.0,45,Augustana (SD),College/University,,,,
77307,Barry Kramer,0,1942-11-10,New York University,USA,6-4,200.0,1.0,21,Forward,1964,1964,1964.0,1,6.0,6,New York University,College/University,,,,
77308,Joel Kramer,0,1955-11-30,San Diego State,USA,6-7,203.0,5.0,50,Forward,1978,1982,1978.0,3,19.0,63,San Diego State,College/University,,,,
77309,Dan Kraus,0,1923-02-13,Georgetown,USA,6-0,195.0,1.0,,Guard,1948,1948,1948.0,0,0.0,0,Georgetown,College/University,,,,
77310,Herb Krautblatt,0,1926-11-19,Rider,USA,6-1,190.0,1.0,,Guard,1948,1948,1948.0,0,0.0,0,Rider,College/University,,,,
203139,Viacheslav Kravtsov,0,1987-08-25,Donetsk,Ukraine,6-11,254.0,2.0,,Center,2012,2013,,,,,,,,,,
77311,Jim Krebs,0,1935-09-08,Southern Methodist,USA,6-8,230.0,7.0,32,Center,1957,1963,1957.0,1,3.0,3,Southern Methodist,College/University,,,,
1630249,Vit Krejci,1,2000-06-19,Zaragoza,Czech Republic,6-8,195.0,2.0,27,Guard,2021,2023,2020.0,2,7.0,37,Basket Zaragoza 2002 (Spain),Other Team/Club,,,,
77312,Wayne Kreklow,0,1957-01-04,Drake,USA,6-4,175.0,1.0,20,Guard,1980,1980,1979.0,3,9.0,53,Drake,College/University,,,,
77313,Tom Kron,0,1943-02-28,Kentucky,USA,6-5,200.0,3.0,11,Guard,1966,1968,,,,,,,,,,
77314,Tom Kropp,0,,nan,,,,,,,,,1975.0,3,12.0,48,Nebraska-Kearney,College/University,,,,
2420,Nenad Krstic,0,1983-07-25,Partizan,Serbia,7-0,240.0,8.0,4,Center,2004,2010,2002.0,1,24.0,24,KK Partizan (Serbia),Other Team/Club,,,,
1474,Larry Krystkowiak,0,1964-09-23,Montana,USA,6-9,220.0,9.0,,Forward,1986,1996,1986.0,2,4.0,28,Montana,College/University,,,,
77316,Steve Kuberski,0,1947-11-06,Bradley,USA,6-8,215.0,9.0,33,Forward,1969,1977,1969.0,4,9.0,52,Bradley,College/University,,,,
77317,Leo Kubiak,0,1926-12-25,Bowling Green,USA,5-11,160.0,1.0,,Guard,1949,1949,1948.0,0,0.0,0,Bowling Green,College/University,,,,
77318,Bruce Kuczenski,0,,nan,,,,,,,,,1983.0,3,12.0,59,Connecticut,College/University,,,,
77319,Frank Kudelka,0,1925-06-25,St. Mary's (CA),USA,6-2,193.0,4.0,14,Guard,1949,1952,,,,,,,,,,
77320,John Kuester,0,1955-02-06,North Carolina,USA,6-2,180.0,3.0,5,Guard,1977,1979,1977.0,3,9.0,53,North Carolina,College/University,,,,
77322,Ray Kuka,0,1922-02-17,Notre Dame,USA,6-3,200.0,2.0,12,Forward,1947,1948,,,,,,,,,,
389,Toni Kukoc,0,1968-09-18,Benetton Treviso,Croatia,6-11,235.0,13.0,7,Forward,1993,2005,1990.0,2,2.0,29,Universo Treviso Basket (Italy),Other Team/Club,,,,
1629083,Arnoldas Kulboka,0,1998-01-04,                                   ,Lithuania,6-10,209.0,2.0,98,Forward,2021,2021,2018.0,2,25.0,55,Brose Bamberg (Germany),Other Team/Club,,,,
1630228,Jonathan Kuminga,1,,nan,,,,,,,,,2021.0,1,7.0,7,Ignite (G League),Other Team/Club,,,,
77323,Kevin Kunnert,0,1951-11-11,Iowa,USA,7-0,230.0,9.0,44,Center,1973,1981,1973.0,1,12.0,12,Iowa,College/University,,,,
77324,Mitch Kupchak,0,1954-05-24,North Carolina,USA,6-9,230.0,9.0,25,Forward,1976,1985,1976.0,1,13.0,13,North Carolina,College/University,,,,
77325,Charles Kupec,0,1953-01-16,Michigan,USA,6-6,220.0,3.0,25,Center,1975,1977,1975.0,4,2.0,56,Michigan,College/University,,,,
1629066,Rodions Kurucs,0,1998-02-05,FC Barcelona,Latvia,6-9,228.0,3.0,,Forward,2018,2020,2018.0,2,10.0,40,FC Barcelona Basquet (Spain),Other Team/Club,,,,
201633,Rob Kurz,0,1985-03-05,Notre Dame,USA,6-9,232.0,2.0,31,Forward,2008,2009,,,,,,,,,,
2825,Ibrahim Kutluay,0,1974-01-07,Ulkerspor,Turkey,6-6,200.0,1.0,,Guard,2004,2004,,,,,,,,,,
1628398,Kyle Kuzma,1,1995-07-24,Utah,USA,6-9,221.0,6.0,33,Forward,2017,2023,2017.0,1,27.0,27,Utah,College/University,81.5,84.25,34.0,12.0
203136,Ognjen Kuzmic,0,1990-05-16,Malaga,Serbia,7-0,260.0,2.0,1,Center,2013,2014,2012.0,2,22.0,52,CB Axarquia (Spain),Other Team/Club,,,,
1627851,Mindaugas Kuzminskas,0,1989-10-19,Malaga,Lithuania,6-9,215.0,2.0,,Forward,2016,2017,,,,,,,,,,
77327,Fred LaCour,0,,nan,,,,,,,,,1960.0,3,6.0,22,San Francisco,College/University,,,,
1711,Raef LaFrentz,0,1976-05-29,Kansas,USA,6-11,240.0,11.0,9,Center-Forward,1998,2008,1998.0,1,3.0,3,Kansas,College/University,,,,
77328,Tom LaGarde,0,1955-02-10,North Carolina,USA,6-10,220.0,6.0,34,Center,1977,1984,1977.0,1,9.0,9,North Carolina,College/University,,,,
1631222,Jake LaRavia,1,2001-11-03,Wake Forest,USA,6-7,235.0,1.0,3,Forward,2022,2023,2022.0,1,19.0,19,Wake Forest,College/University,80.0,81.5,34.0,
1601,Rusty LaRue,0,,nan,,,,,,,,,,,,,,,,,,
77340,Rudy LaRusso,0,1937-11-11,Dartmouth,USA,6-8,220.0,10.0,35,Forward,1959,1968,1959.0,2,4.0,10,Dartmouth,College/University,,,,
203897,Zach LaVine,1,1995-03-10,UCLA,USA,6-5,200.0,9.0,8,Guard,2014,2023,,,,,,,77.75,80.25,41.5,
1627746,Skal Labissiere,0,1996-03-18,Kentucky,Haiti,6-10,235.0,5.0,7,Forward-Center,2016,2019,2016.0,1,28.0,28,Kentucky,College/University,,,,
77326,Sam Lacey,0,,nan,,,,,,,,,1970.0,1,5.0,5,New Mexico State,College/University,,,,
363,Christian Laettner,0,1969-08-17,Duke,USA,6-11,245.0,14.0,44,Forward-Center,1992,2004,1992.0,1,3.0,3,Duke,College/University,,,,
201802,Oliver Lafayette,0,1984-05-06,Houston,USA,6-2,190.0,2.0,0,Guard,2009,2009,,,,,,,,,,
100263,Bill Laimbeer,0,1900-01-01,nan,USA,6-11,245.0,14.0,40,Center,1980,1993,1979.0,3,21.0,65,Notre Dame,College/University,,,,
77329,Pete Lalich,0,1920-06-23,Ohio,USA,6-2,190.0,1.0,,Forward,1946,1946,,,,,,,,,,
77330,Bo Lamar,0,,nan,,,,,,,,,1973.0,3,9.0,44,Louisiana-Lafayette,College/University,,,,
1630237,Anthony Lamb,1,1998-01-20,Vermont,USA,6-6,227.0,3.0,40,Forward,2020,2023,,,,,,,,,,
203117,Doron Lamb,0,1991-11-06,Kentucky,USA,6-4,200.0,2.0,1,Guard,2012,2013,2012.0,2,12.0,42,Kentucky,College/University,76.75,78.75,33.5,2.0
203087,Jeremy Lamb,0,1992-05-30,Connecticut,USA,6-5,180.0,11.0,26,Guard-Forward,2012,2021,2012.0,1,12.0,12,Connecticut,College/University,77.25,83.0,38.0,5.0
77331,John Lambert,0,1953-01-14,Southern California,USA,6-10,225.0,7.0,24,Center,1975,1981,1975.0,1,15.0,15,Southern California,College/University,,,,
77332,Jeff Lamp,0,1959-03-09,Virginia,USA,6-6,195.0,6.0,3,Guard,1981,1988,1981.0,1,15.0,15,Virginia,College/University,,,,
2573,Maciej Lampe,0,1985-02-05,Real Madrid,Poland,6-11,275.0,3.0,15,Forward,2003,2005,2003.0,2,1.0,30,Madrid (ESP),College/University,,,,
77333,Jim Lampley,0,1960-07-02,Arkansas-Little Rock,USA,6-10,230.0,1.0,11,Forward,1986,1986,1983.0,5,9.0,102,Arkansas-Little Rock,College/University,,,,
2253,Sean Lampley,0,1979-09-03,California,USA,6-6,213.0,2.0,,Forward,2002,2003,2001.0,2,16.0,44,California,College/University,,81.25,40.0,12.0
1629111,Jock Landale,1,1995-10-25,St. Mary's,Australia,6-11,255.0,2.0,11,Center,2021,2023,,,,,,,,,,
201171,Carl Landry,0,1983-09-19,Purdue,USA,6-9,248.0,10.0,7,Forward,2007,2015,2007.0,2,1.0,31,Purdue,College/University,80.5,83.0,36.5,21.0
202068,Marcus Landry,0,1985-11-01,Wisconsin,USA,6-7,230.0,2.0,,Forward,2009,2009,,,,,,,,,,
77334,Mark Landsberger,0,1955-05-21,Arizona State,USA,6-8,215.0,7.0,54,Forward,1977,1983,1977.0,2,13.0,35,Arizona State,College/University,,,,
77335,Jerome Lane,0,,nan,,,,,,,,,1988.0,1,23.0,23,Pittsburgh,College/University,,,,
457,Andrew Lang,0,1966-06-28,Arkansas,USA,6-11,275.0,12.0,28,Center,1988,1999,1988.0,2,3.0,28,Arkansas,College/University,,,,
226,Antonio Lang,0,1972-05-15,Duke,USA,6-8,205.0,6.0,,Forward,1994,1999,1994.0,2,2.0,29,Duke,College/University,,,,
2591,James Lang,0,1983-10-17,Central Park Christian HS (AL),USA,6-10,305.0,1.0,,Center,2006,2006,2003.0,2,19.0,48,Central Park Christian,High School,,,,
1892,Trajan Langdon,0,1976-05-13,Duke,USA,,,4.0,,,1999,2008,1999.0,1,11.0,11,Duke,College/University,,,,
101247,Keith Langford,0,1983-09-15,Kansas,USA,6-4,215.0,1.0,,Guard,2007,2007,,,,,,,75.5,81.0,29.5,8.0
1629641,Romeo Langford,1,1999-10-25,Indiana,USA,6-5,216.0,4.0,35,Guard-Forward,2019,2023,2019.0,1,14.0,14,Indiana,College/University,78.0,83.0,,
2061,Dan Langhi,0,1977-11-28,Vanderbilt,USA,6-11,220.0,4.0,,Forward,2000,2003,2000.0,2,2.0,31,Vanderbilt,College/University,,,,
600005,Bob Lanier,0,,nan,,,,,,,,,1970.0,1,1.0,1,St. Bonaventure,College/University,,,,
77338,Stu Lantz,0,1946-07-13,Nebraska,USA,6-3,175.0,8.0,23,Guard,1968,1975,1968.0,3,1.0,23,Nebraska,College/University,,,,
1627879,Nicolas Laprovittola,0,1990-01-31,Estudiantes,Argentina,6-4,180.0,1.0,,Guard,2016,2016,,,,,,,,,,
77339,York Larese,0,1938-07-18,North Carolina,USA,6-4,183.0,1.0,34,Guard,1961,1961,1960.0,6,6.0,46,North Carolina,College/University,,,,
203499,Shane Larkin,0,1992-10-02,Miami,USA,5-11,175.0,4.0,8,Guard,2013,2017,2013.0,1,18.0,18,Miami (FL),College/University,71.5,70.75,44.0,12.0
77341,John Laskowski,0,1953-06-07,Indiana,USA,6-6,185.0,2.0,31,Guard,1975,1976,1975.0,2,14.0,32,Indiana,College/University,,,,
201186,Stephane Lasme,0,1982-12-17,Massachusetts,Gabon,6-8,215.0,2.0,45,Forward,2007,2007,2007.0,2,16.0,46,Massachusetts,College/University,79.0,86.0,36.0,17.0
77342,Dave Lattin,0,,nan,,,,,,,,,1967.0,1,10.0,10,Texas-El Paso,College/University,,,,
968,Priest Lauderdale,0,1973-08-31,Peristeri,USA,7-4,325.0,2.0,30,Center,1996,1997,1996.0,1,28.0,28,Peristeri B.C. (Greece),Other Team/Club,,,,
77344,Rich Laurel,0,1954-07-11,Hofstra,USA,6-6,190.0,1.0,5-12,Guard,1977,1977,1977.0,1,19.0,19,Hofstra,College/University,,,,
77345,Walt Lautenbach,0,1922-11-17,Wisconsin,USA,6-2,185.0,1.0,,Forward,1949,1949,,,,,,,,,,
203530,Joffrey Lauvergne,0,1991-09-30,Khimki,France,6-11,260.0,5.0,77,Center,2014,2017,2013.0,2,25.0,55,KK Partizan (Serbia),Other Team/Club,,,,
77346,Tony Lavelli,0,1926-07-11,Yale,USA,6-3,185.0,2.0,6-16,Forward,1949,1950,1949.0,1,4.0,4,Yale,College/University,,,,
77347,Bob Lavoy,0,1926-06-29,Western Kentucky,USA,6-7,185.0,4.0,16,Forward,1950,1953,1950.0,1,8.0,8,Western Kentucky,College/University,,,,
201151,Acie Law,0,1985-01-25,Texas A&M,USA,6-3,202.0,5.0,2,Guard,2007,2010,2007.0,1,11.0,11,Texas A&M,College/University,75.5,78.5,34.0,8.0
1629724,Vic Law,0,1995-12-19,Northwestern,USA,6-7,201.0,2.0,23,Forward,2019,2019,,,,,,,,,,
202371,Gani Lawal,0,1988-11-07,Georgia Tech,USA,6-9,234.0,2.0,31,Forward,2010,2010,2010.0,2,16.0,46,Georgia Tech,College/University,81.0,84.0,31.5,20.0
77348,Ed Lawrence,0,1952-12-08,McNeese State,USA,6-11,228.0,1.0,,Center,1980,1980,1976.0,5,16.0,84,McNeese State,College/University,,,,
1630639,A.J. Lawson,1,2000-07-15,South Carolina,Canada,6-6,179.0,1.0,9,Guard,2022,2023,,,,,,,,,,
1535,Jason Lawson,0,1974-09-02,Villanova,USA,6-11,240.0,2.0,55,Center,1997,2002,1997.0,2,13.0,41,Villanova,College/University,,,,
201951,Ty Lawson,0,1987-11-03,North Carolina,USA,5-11,195.0,10.0,4,Guard,2009,2017,2009.0,1,18.0,18,North Carolina,College/University,72.5,72.75,36.5,14.0
1627774,Jake Layman,1,1994-03-07,Maryland,USA,6-8,209.0,7.0,10,Forward,2016,2021,2016.0,2,17.0,47,Maryland,College/University,,,,
77350,Dennis Layton,0,1948-12-24,Southern California,USA,6-1,180.0,5.0,1,Guard,1971,1977,1971.0,3,13.0,48,Southern California,College/University,,,,
1627747,Caris LeVert,1,1994-08-25,Michigan,USA,6-6,205.0,7.0,3,Guard,2016,2023,2016.0,1,20.0,20,Michigan,College/University,,,,
1628388,T.J. Leaf,0,1997-04-30,UCLA,USA,6-10,222.0,5.0,18,Forward,2017,2020,2017.0,1,18.0,18,California-Los Angeles,College/University,81.75,83.0,34.5,6.0
77351,Emanuel Leaks,0,1945-11-27,Niagara,USA,6-8,225.0,2.0,24,Center,1972,1973,1968.0,2,6.0,20,Niagara,College/University,,,,
77352,Hal Lear,0,1935-01-31,Temple,USA,5-11,163.0,1.0,16,Guard,1956,1956,1956.0,1,7.0,7,Temple,College/University,,,,
77353,Allen Leavell,0,1957-05-27,Oklahoma City,USA,6-1,170.0,10.0,30,Guard,1979,1988,1979.0,5,16.0,104,Oklahoma City,College/University,,,,
77354,Jeff Lebo,0,,nan,,,,,,,,,,,,,,,,,,
287,Eric Leckner,0,1966-05-27,Wyoming,USA,6-11,265.0,8.0,55,Center,1988,1996,1988.0,1,17.0,17,Wyoming,College/University,,,,
1629665,Jalen Lecque,0,2000-06-13,Brewster Academy (NH),USA,6-4,185.0,3.0,,Guard,2019,2020,,,,,,,76.25,80.5,43.0,1.0
203495,Ricky Ledo,0,1992-09-10,Providence,USA,6-7,195.0,2.0,11,Guard,2013,2014,2013.0,2,13.0,43,Providence,College/University,78.0,79.25,33.5,4.0
77356,Butch Lee,0,1956-12-05,Marquette,USA,6-0,185.0,2.0,15,Guard,1978,1979,1978.0,1,10.0,10,Marquette,College/University,,,,
77357,Clyde Lee,0,1944-03-14,Vanderbilt,USA,6-10,205.0,10.0,34,Forward,1966,1975,,,,,,,,,,
201584,Courtney Lee,0,1985-10-03,Western Kentucky,USA,6-5,215.0,13.0,1,Guard,2008,2019,2008.0,1,22.0,22,Western Kentucky,College/University,,,,
1627814,Damion Lee,1,1992-10-21,Drexel,USA,6-5,210.0,6.0,10,Guard-Forward,2017,2023,,,,,,,,,,
101135,David Lee,0,1983-04-29,Florida,USA,6-9,245.0,13.0,10,Forward-Center,2005,2016,2005.0,1,30.0,30,Florida,College/University,81.0,84.0,32.5,14.0
77358,Doug Lee,0,1964-10-24,Purdue,USA,6-5,200.0,3.0,20,Guard,1991,1994,1987.0,2,12.0,35,Purdue,College/University,,,,
77359,George Lee,0,1936-11-23,Michigan,USA,6-4,200.0,7.0,9,Forward,1960,1967,1959.0,4,2.0,24,Michigan,College/University,,,,
77360,Greg Lee,0,1951-12-12,UCLA,USA,6-3,190.0,1.0,42,Guard,1975,1975,1974.0,7,7.0,115,California-Los Angeles,College/University,,,,
77361,Keith Lee,0,,nan,,,,,,,,,1985.0,1,11.0,11,Memphis,College/University,,,,
77362,Kurk Lee,0,1967-06-03,Towson,USA,6-3,190.0,1.0,20,Guard,1990,1990,,,,,,,,,,
202723,Malcolm Lee,0,,nan,,,,,,,,,2011.0,2,13.0,43,California-Los Angeles,College/University,77.5,81.75,35.5,17.0
77363,Rock Lee,0,1955-05-01,San Diego State,USA,6-10,220.0,1.0,34,Center,1981,1981,,,,,,,,,,
77364,Ron Lee,0,1952-11-02,Oregon,USA,6-3,193.0,6.0,30,Guard,1976,1981,1976.0,1,10.0,10,Oregon,College/University,,,,
77365,Russell Lee,0,1950-01-27,Marshall,USA,6-5,185.0,3.0,11,Forward,1972,1974,1972.0,1,6.0,6,Marshall,College/University,,,,
1630240,Saben Lee,0,1999-06-23,Vanderbilt,USA,6-2,183.0,3.0,38,Guard,2020,2023,2020.0,2,8.0,38,Vanderbilt,College/University,,,,
77366,Ed Leede,0,,nan,,,,,,,,,1949.0,3,0.0,0,Dartmouth,College/University,,,,
77367,Hank Lefkowitz,0,1923-08-31,Case Western Reserve,USA,6-2,190.0,1.0,,Forward,1946,1946,,,,,,,,,,
100,Tim Legler,0,1966-12-26,La Salle,USA,6-4,200.0,10.0,,Guard,1989,1999,,,,,,,,,,
77369,George Lehmann,0,1942-05-01,Campbell,USA,6-0,180.0,2.0,20,Guard,1967,1968,,,,,,,,,,
1627215,Walt Lemon Jr.,0,1992-07-26,Bradley,USA,6-3,180.0,3.0,25,Guard,2017,2018,,,,,,,,,,
203458,Alex Len,1,1993-06-16,Maryland,Ukraine,7-2,250.0,10.0,25,Center,2013,2023,2013.0,1,5.0,5,Maryland,College/University,,87.5,,
702,Voshon Lenard,0,,nan,,,,,,,,,1994.0,2,19.0,46,Minnesota,College/University,,,,
77371,Bob Leonard,0,1932-07-17,Indiana,USA,6-3,185.0,7.0,21,Guard,1956,1962,1954.0,2,1.0,10,Indiana,College/University,,,,
77370,Gary Leonard,0,1967-02-16,Missouri,USA,7-1,250.0,3.0,34,Center,1989,1991,1989.0,2,7.0,34,Missouri,College/University,,,,
202695,Kawhi Leonard,1,1991-06-29,San Diego State,USA,6-7,225.0,11.0,2,Forward,2011,2023,2011.0,1,15.0,15,San Diego State,College/University,79.0,87.0,32.0,3.0
203086,Meyers Leonard,0,1992-02-27,Illinois,USA,7-0,260.0,10.0,3,Forward-Center,2012,2023,2012.0,1,11.0,11,Illinois,College/University,85.25,87.0,32.5,19.0
77372,Jim Les,0,1963-08-18,Bradley,USA,5-11,165.0,7.0,14,Guard,1988,1994,1986.0,3,23.0,70,Bradley,College/University,,,,
202727,Travis Leslie,0,1990-03-29,Georgia,USA,,,2.0,,,2011,2017,2011.0,2,17.0,47,Georgia,College/University,76.25,82.5,40.5,10.0
77373,Ronnie Lester,0,1959-01-01,Iowa,USA,6-2,175.0,6.0,12,Guard,1980,1985,1980.0,1,10.0,10,Iowa,College/University,,,,
77374,Clifford Lett,0,1965-12-23,Florida,USA,6-3,170.0,2.0,11,Guard,1989,1990,,,,,,,,,,
202720,Jon Leuer,0,1989-05-14,Wisconsin,USA,6-10,228.0,9.0,30,Forward,2011,2018,2011.0,2,10.0,40,Wisconsin,College/University,83.5,84.0,36.5,14.0
77375,Andrew Levane,0,1920-04-11,St. John's (NY),USA,6-2,190.0,3.0,3,Forward,1948,1952,,,,,,,,,,
77376,Lafayette Lever,0,1960-08-18,Arizona State,USA,6-3,170.0,11.0,21,Guard,1982,1993,1982.0,1,11.0,11,Arizona State,College/University,,,,
77377,Cliff Levingston,0,1961-01-04,Wichita State,USA,6-8,210.0,11.0,53,Forward,1982,1994,1982.0,1,9.0,9,Wichita State,College/University,,,,
77385,Bobby Lewis,0,1945-03-20,North Carolina,USA,6-3,175.0,4.0,5,Guard,1967,1970,1967.0,4,8.0,39,North Carolina,College/University,,,,
736,Cedric Lewis,0,1969-09-24,Maryland,USA,6-10,235.0,1.0,42,Forward,1995,1995,,,,,,,,,,
77379,Fred Lewis,0,1921-01-06,Eastern Kentucky,USA,6-2,195.0,2.0,,Forward,1948,1949,,,,,,,,,,
77380,Freddie Lewis,0,1943-07-01,Arizona State,USA,6-0,175.0,2.0,1,Guard,1966,1976,,,,,,,,,,
77381,Grady Lewis,0,1917-03-25,Oklahoma,USA,6-7,215.0,3.0,,Forward,1946,1948,,,,,,,,,,
1631171,Justin Lewis,1,2002-04-12,Marquette,USA,6-7,245.0,0.0,34,Forward,2022,2023,,,,,,,79.5,86.5,35.0,
729,Martin Lewis,0,1975-04-28,Seward County CC,USA,6-6,225.0,2.0,32,Forward,1995,1996,1995.0,2,21.0,50,Seward County Community College,College/University,,,,
1900,Quincy Lewis,0,1977-06-26,Minnesota,USA,6-7,215.0,4.0,,Guard-Forward,1999,2003,1999.0,1,19.0,19,Minnesota,College/University,,,,
77383,Ralph Lewis,0,1963-03-28,La Salle,USA,6-6,200.0,3.0,11,Guard,1987,1989,1985.0,6,23.0,139,La Salle,College/University,,,,
1740,Rashard Lewis,0,1979-08-08,Elsik HS (TX),USA,6-10,235.0,16.0,9,Forward,1998,2013,1998.0,2,3.0,32,Elsik,High School,,,,
77384,Reggie Lewis,0,1965-11-21,Northeastern,USA,6-7,195.0,6.0,35,Guard,1987,1992,1987.0,1,22.0,22,Northeastern,College/University,,,,
1630575,Scottie Lewis,0,2000-03-12,Florida,USA,6-5,185.0,2.0,16,Guard,2021,2021,2021.0,2,26.0,56,Florida,College/University,,,,
1630184,Kira Lewis Jr.,1,,nan,,,,,,,,,2020.0,1,13.0,13,Alabama,College/University,,,,
77386,Marcus Liberty,0,1968-10-27,Illinois,USA,6-8,205.0,4.0,30,Forward,1990,1993,1990.0,2,15.0,42,Illinois,College/University,,,,
77387,Todd Lichti,0,1967-01-08,Stanford,USA,6-4,205.0,5.0,30,Guard,1989,1993,1989.0,1,15.0,15,Stanford,College/University,,,,
202732,DeAndre Liggins,0,1988-03-31,Kentucky,USA,6-6,209.0,6.0,34,Guard,2011,2017,2011.0,2,23.0,53,Kentucky,College/University,78.25,83.0,31.0,6.0
77388,Bill Ligon,0,1952-05-19,Vanderbilt,USA,6-4,180.0,1.0,26,Guard,1974,1974,1974.0,10,15.0,175,Vanderbilt,College/University,,,,
203081,Damian Lillard,1,1990-07-15,Weber State,USA,6-2,195.0,11.0,0,Guard,2012,2023,2012.0,1,6.0,6,Weber State,College/University,74.75,79.75,39.5,13.0
202391,Jeremy Lin,0,1988-08-23,Harvard,USA,6-3,200.0,10.0,17,Guard,2010,2018,,,,,,,,,,
77389,Steve Lingenfelter,0,1958-06-10,South Dakota State,USA,6-9,225.0,2.0,25,Forward,1982,1983,1981.0,2,21.0,44,South Dakota State,College/University,,,,
175,Alton Lister,0,1958-10-01,Arizona State,USA,7-0,245.0,16.0,53,Center-Forward,1981,1997,1981.0,1,21.0,21,Arizona State,College/University,,,,
1629642,Nassir Little,1,2000-02-11,North Carolina,USA,6-5,220.0,4.0,10,Forward-Guard,2019,2023,2019.0,1,25.0,25,North Carolina,College/University,78.0,85.25,38.5,5.0
1630587,Isaiah Livers,1,1998-07-28,Michigan,USA,6-6,232.0,2.0,12,Forward,2021,2023,2021.0,2,12.0,42,Michigan,College/University,,,,
988,Randy Livingston,0,1975-04-02,Louisiana State,USA,6-4,209.0,11.0,14,Guard,1996,2006,1996.0,2,13.0,42,Louisiana State,College/University,,,,
2733,Shaun Livingston,0,1985-09-11,No College,USA,6-7,192.0,16.0,34,Guard,2004,2018,2004.0,1,4.0,4,Peoria,High School,79.5,83.0,30.0,
77392,Ron Livingstone,0,1925-10-09,Wyoming,USA,6-10,220.0,2.0,6,Center,1949,1950,1949.0,1,6.0,6,Wyoming,College/University,,,,
1024,Horacio Llamas,0,1973-07-17,Grand Canyon,USA,6-11,285.0,3.0,54,Center,1996,2002,,,,,,,,,,
77394,Earl Lloyd,0,1928-04-03,West Virginia State,USA,6-6,200.0,9.0,17,Forward,1950,1959,1950.0,9,0.0,0,West Virginia State,College/University,,,,
77395,Lewis Lloyd,0,1959-02-22,Drake,USA,6-6,205.0,7.0,32,Guard,1981,1989,1981.0,4,7.0,76,Drake,College/University,,,,
77396,Scott Lloyd,0,1952-12-19,Arizona State,USA,6-10,230.0,6.0,44,Center,1976,1982,1976.0,2,7.0,24,Arizona State,College/University,,,,
77397,Bob Lochmueller,0,1927-06-05,Louisville,USA,6-5,185.0,1.0,14,Forward,1952,1952,1952.0,1,0.0,7,Louisville,College/University,,,,
77398,Robert Lock,0,1966-05-22,Kentucky,USA,6-9,225.0,1.0,44,Forward,1988,1988,1988.0,3,1.0,51,Kentucky,College/University,,,,
77399,Darrell Lockhart,0,1960-09-14,Auburn,USA,6-9,245.0,1.0,32,Forward,1983,1983,1983.0,2,11.0,35,Auburn,College/University,,,,
1100,Ian Lockhart,0,1967-06-25,Tennessee,USA,6-8,240.0,1.0,51,Forward,1990,1990,,,,,,,,,,
77401,Kevin Loder,0,1959-03-15,Alabama State,USA,6-6,205.0,3.0,9,Forward,1981,1983,1981.0,1,17.0,17,Alabama State,College/University,,,,
77402,Don Lofgran,0,1928-11-18,San Francisco,USA,6-5,200.0,4.0,8,Forward,1950,1953,1950.0,1,11.0,11,San Francisco,College/University,,,,
1629155,Zach Lofton,0,1992-11-18,New Mexico State,USA,6-4,180.0,1.0,,Guard,2018,2018,,,,,,,,,,
1631254,Kenneth Lofton Jr.,1,2002-08-14,Louisiana Tech,USA,6-6,275.0,1.0,6,Forward,2022,2023,,,,,,,,,,
77403,Johnny Logan,0,1921-01-01,Indiana,USA,6-2,175.0,5.0,17,Guard,1946,1950,,,,,,,,,,
38,Brad Lohaus,0,1964-09-29,Iowa,USA,6-11,230.0,10.0,54,Forward-Center,1987,1997,1987.0,2,22.0,45,Iowa,College/University,,,,
1609,Art Long,0,,nan,,,,,,,,,,,,,,,,,,
3,Grant Long,0,,nan,,,,,,,,,1988.0,2,8.0,33,Eastern Michigan,College/University,,,,
1381,John Long,0,1956-08-28,Detroit,USA,6-5,200.0,14.0,25,Guard,1978,1996,1978.0,2,7.0,29,Detroit Mercy,College/University,,,,
77406,Paul Long,0,1944-02-08,Wake Forest,USA,6-2,180.0,3.0,5,Guard,1967,1970,1967.0,5,2.0,45,Wake Forest,College/University,,,,
1627848,Shawn Long,0,1993-01-29,Louisiana-Lafayette,USA,6-9,255.0,2.0,36,Forward,2016,2016,,,,,,,,,,
26,Luc Longley,0,1969-01-19,New Mexico,USA,,,10.0,,Center,1991,2000,1991.0,1,7.0,7,New Mexico,College/University,,,,
1626172,Kevon Looney,1,1996-02-06,UCLA,USA,6-9,222.0,8.0,5,Forward,2015,2023,2015.0,1,30.0,30,California-Los Angeles,College/University,81.25,87.5,,
201572,Brook Lopez,1,,nan,,,,,,,,,2008.0,1,10.0,10,Stanford,College/University,84.5,89.5,30.5,7.0
1732,Felipe Lopez,0,1974-12-19,St. John's (NY),Dominican Republic,6-5,195.0,5.0,13,Guard-Forward,1998,2002,1998.0,1,24.0,24,St. John's (NY),College/University,,,,
2221,Raul Lopez,0,1980-04-15,Real Madrid,Spain,6-0,175.0,3.0,,Guard,2002,2004,2001.0,1,24.0,24,Real Madrid Baloncesto (Spain),Other Team/Club,,,,
201577,Robin Lopez,1,1988-04-01,Stanford,USA,7-0,281.0,15.0,33,Center,2008,2023,2008.0,1,15.0,15,Stanford,College/University,,,,
943,Ryan Lorthridge,0,1972-07-27,Jackson State,USA,6-4,190.0,1.0,9-33,Guard,1994,1994,,,,,,,,,,
77409,Jim Loscutoff,0,1930-02-04,Oregon,USA,6-5,220.0,9.0,18,Forward,1955,1963,,,,,,,,,,
77410,Plummer Lott,0,1945-12-11,Seattle,USA,6-5,210.0,2.0,43,Forward,1967,1968,1967.0,5,11.0,54,Seattle,College/University,,,,
77411,Kevin Loughery,0,1940-03-28,St. John's (NY),USA,6-3,190.0,11.0,22,Guard,1962,1972,1961.0,11,1.0,92,St. John's (NY),College/University,,,,
1629712,Didi Louzada,0,1999-07-02,nan,Brazil,6-5,188.0,3.0,35,Guard,2020,2021,2019.0,2,5.0,35,Sesi Franca (Brazil),Other Team/Club,,,,
77412,Bob Love,0,1942-12-08,Southern,USA,6-8,215.0,11.0,10,Forward,1966,1976,1965.0,4,7.0,33,Southern University,College/University,,,,
201567,Kevin Love,1,1988-09-07,UCLA,USA,6-8,251.0,15.0,0,Forward-Center,2008,2023,2008.0,1,5.0,5,California-Los Angeles,College/University,81.5,83.25,35.0,18.0
77413,Stan Love,0,1949-04-09,Oregon,USA,6-9,215.0,4.0,34,Forward,1971,1974,1971.0,1,9.0,9,Oregon,College/University,,,,
77414,Clyde Lovellette,0,1929-09-07,Kansas,USA,6-9,234.0,11.0,34,Center,1953,1963,1952.0,1,0.0,9,Kansas,College/University,,,,
77415,Sidney Lowe,0,1960-01-21,North Carolina State,USA,6-0,195.0,4.0,35,Guard,1983,1989,1983.0,2,1.0,25,North Carolina State,College/University,,,,
77416,Chuck Lowery,0,,nan,,,,,,,,,1971.0,8,6.0,125,Puget Sound,College/University,,,,
200768,Kyle Lowry,1,1986-03-25,Villanova,USA,6-0,196.0,17.0,7,Guard,2006,2023,2006.0,1,24.0,24,Villanova,College/University,,,,
1628070,Jordan Loyd,0,1993-07-27,Indianapolis,USA,6-4,210.0,2.0,8,Guard,2018,2018,,,,,,,,,,
77417,Al Lucas,0,1922-07-04,Fordham,USA,6-3,195.0,1.0,20,Forward,1948,1948,,,,,,,,,,
77418,Jerry Lucas,0,,nan,,,,,,,,,1962.0,0,0.0,0,Ohio State,College/University,,,,
77419,John Lucas,0,1953-10-31,Maryland,USA,6-3,175.0,14.0,10,Guard,1976,1989,1976.0,1,1.0,1,Maryland,College/University,,,,
203564,Kalin Lucas,0,1989-05-24,Michigan State,USA,6-1,195.0,3.0,24,Guard,2014,2018,,,,,,,,,,
77420,Maurice Lucas,0,1952-02-18,Marquette,USA,6-9,215.0,12.0,20,Forward,1976,1987,1974.0,1,14.0,14,Marquette,College/University,,,,
101249,John Lucas III,0,1982-11-21,Oklahoma State,USA,5-11,166.0,8.0,,Guard,2005,2016,,,,,,,70.5,72.0,34.0,4.0
77421,Ted Luckenbill,0,1939-07-27,Houston,USA,6-6,205.0,2.0,12,Forward,1961,1962,1961.0,2,6.0,15,Houston,College/University,,,,
1731,Tyronn Lue,0,1977-05-03,Nebraska,USA,6-0,175.0,12.0,10,Guard,1998,2008,1998.0,1,23.0,23,Nebraska,College/University,,,,
77422,Jim Luisi,0,1928-11-02,St. Francis (NY),USA,6-2,180.0,1.0,,Guard,1953,1953,1951.0,6,7.0,56,St. Francis Brooklyn,College/University,,,,
77423,Al Lujack,0,1921-10-05,Georgetown,USA,6-3,220.0,1.0,,Forward,1946,1946,,,,,,,,,,
77424,Phil Lumpkin,0,1951-12-20,Miami (Ohio),USA,6-0,165.0,2.0,10,Guard,1974,1975,1974.0,2,16.0,34,Miami (OH),College/University,,,,
77425,Ray Lumpp,0,1923-07-11,New York University,USA,6-1,178.0,5.0,,Guard,1948,1952,1948.0,0,0.0,0,New York University,College/University,,,,
1630994,Gabriel Lundberg,0,,nan,,,,,,,,,,,,,,,,,,
1627789,Timothe Luwawu-Cabarrot,1,1995-05-09,nan,France,6-7,215.0,7.0,7,Guard-Forward,2016,2021,2016.0,1,24.0,24,KK Mega Vizura,Other Team/Club,,,,
1628399,Tyler Lydon,0,1996-04-09,Syracuse,USA,6-10,225.0,3.0,20,Forward,2017,2018,2017.0,1,24.0,24,Syracuse,College/University,81.5,84.0,33.5,1.0
1626168,Trey Lyles,1,,nan,,,,,,,,,2015.0,1,12.0,12,Kentucky,College/University,82.25,85.5,,
248,George Lynch,0,1970-09-03,North Carolina,USA,6-8,235.0,13.0,9,Forward,1993,2004,1993.0,1,12.0,12,North Carolina,College/University,,,,
77426,Kevin Lynch,0,1968-12-24,Minnesota,USA,6-5,195.0,2.0,9,Forward,1991,1992,1991.0,2,1.0,28,Minnesota,College/University,,,,
77427,Mike Lynn,0,1945-11-25,UCLA,USA,6-7,215.0,2.0,25,Forward,1969,1970,1967.0,5,8.0,51,California-Los Angeles,College/University,,,,
1627815,Sheldon Mac,0,1992-12-21,Miami,USA,6-6,200.0,2.0,9,Guard-Forward,2016,2016,,,,,,,,,,
1928,Todd MacCulloch,0,1976-01-27,Washington,Canada,7-0,280.0,5.0,11,Center,1999,2003,1999.0,2,18.0,47,Washington,College/University,,,,
77430,Ronnie MacGilvray,0,1930-07-20,St. John's (NY),USA,6-2,185.0,1.0,8,Guard,1954,1954,1952.0,0,0.0,0,St. John's (NY),College/University,,,,
931,Don MacLean,0,1970-01-16,UCLA,USA,,,9.0,,Forward,1992,2000,1992.0,1,19.0,19,California-Los Angeles,College/University,,,,
77428,Mike Macaluso,0,1951-07-20,Canisius,USA,6-5,210.0,1.0,21,Forward,1973,1973,1973.0,6,2.0,88,Canisius,College/University,,,,
77429,Ed Macauley,0,1928-03-22,St. Louis,USA,6-8,185.0,10.0,22,Center,1949,1958,1949.0,0,0.0,0,Saint Louis,College/University,,,,
203159,Scott Machado,0,1990-06-08,Iona,USA,6-1,205.0,2.0,,Guard,2012,2018,,,,,,,74.0,76.0,32.5,17.0
101178,Arvydas Macijauskas,0,1980-01-19,Tau Ceramica,Lithuania,6-4,214.0,1.0,6,Guard,2005,2005,,,,,,,,,,
77432,Ollie Mack,0,1957-06-06,East Carolina,USA,6-3,185.0,3.0,17,Guard,1979,1981,1979.0,2,3.0,25,East Carolina,College/University,,,,
694,Sam Mack,0,1970-05-26,Houston,USA,,,7.0,,Guard,1992,2001,,,,,,,,,,
202714,Shelvin Mack,0,1990-04-22,Butler,USA,6-3,203.0,9.0,6,Guard,2011,2018,2011.0,2,4.0,34,Butler,College/University,74.5,79.5,39.0,17.0
1635,Malcolm Mackey,0,1970-07-11,Georgia Tech,USA,6-9,248.0,1.0,27,Forward,1993,1993,1993.0,1,27.0,27,Georgia Tech,College/University,,,,
77435,Rudy Macklin,0,,nan,,,,,,,,,1981.0,3,6.0,52,Louisiana State,College/University,,,,
202731,Vernon Macklin,0,1986-09-25,Florida,USA,6-10,227.0,2.0,20,Forward,2011,2011,2011.0,2,22.0,52,Florida,College/University,,,,
77436,Johnny Macknowski,0,,nan,,,,,,,,,1948.0,0,0.0,0,Seton Hall,College/University,,,,
1629133,Daryl Macon,0,1995-11-29,Arkansas,USA,6-2,185.0,2.0,,Guard,2018,2019,,,,,,,,,,
1855,Mark Macon,0,1969-04-14,Temple,USA,6-4,185.0,6.0,,Guard,1991,1998,1991.0,1,8.0,8,Temple,College/University,,,,
1629122,J.P. Macura,0,1995-06-05,Xavier,USA,6-4,203.0,2.0,,Guard,2018,2019,,,,,,,,,,
77438,Kyle Macy,0,1957-04-09,Kentucky,USA,6-3,175.0,7.0,44,Guard,1980,1986,1979.0,1,22.0,22,Kentucky,College/University,,,,
77439,Jack Maddox,0,1921-12-10,West Texas A&M,USA,6-2,185.0,1.0,,Forward,1948,1948,,,,,,,,,,
2432,Tito Maddox,0,1981-06-08,Fresno State,USA,6-4,190.0,2.0,6,Guard,2002,2002,2002.0,2,9.0,37,Fresno State,College/University,,,,
1666,Gerald Madkins,0,1969-04-18,UCLA,USA,6-4,200.0,2.0,12,Guard,1993,1997,,,,,,,,,,
2058,Mark Madsen,0,,nan,,,,,,,,,2000.0,1,29.0,29,Stanford,College/University,,,,
77441,Norm Mager,0,1926-03-23,City College of New York,USA,6-5,185.0,1.0,,Forward,1950,1950,1950.0,5,0.0,0,City College of New York,College/University,,,,
203705,Josh Magette,0,,nan,,,,,,,,,,,,,,,,,,
1894,Corey Maggette,0,1979-11-12,Duke,USA,6-6,225.0,15.0,50,Forward,1999,2012,1999.0,1,13.0,13,Duke,College/University,,,,
77442,Dave Magley,0,1959-11-24,Kansas,USA,6-8,202.0,1.0,30,Forward,1982,1982,1982.0,2,5.0,28,Kansas,College/University,,,,
2048,Jamaal Magloire,0,,nan,,,,,,,,,2000.0,1,19.0,19,Kentucky,College/University,,,,
1630266,Will Magnay,0,1998-06-10,nan,Australia,6-10,234.0,1.0,,Center,2020,2020,,,,,,,,,,
101133,Ian Mahinmi,0,1986-11-05,                                   ,France,6-11,262.0,13.0,28,Center,2007,2019,2005.0,1,28.0,28,STB Le Havre (France),Other Team/Club,,,,
77443,John Mahnken,0,1922-06-16,Georgetown,USA,6-8,220.0,7.0,16,Center,1946,1952,,,,,,,,,,
77444,Francis Mahoney,0,1927-11-20,Brown,USA,6-2,205.0,2.0,,Forward,1952,1953,1950.0,6,0.0,0,Brown,College/University,,,,
328,Rick Mahorn,0,,nan,,,,,,,,,1980.0,2,12.0,35,Hampton,College/University,,,,
105,Dan Majerle,0,1965-09-09,Central Michigan,USA,6-6,222.0,14.0,9,Guard-Forward,1988,2001,1988.0,1,14.0,14,Central Michigan,College/University,,,,
200970,Renaldo Major,0,1982-05-07,Fresno State,USA,6-7,190.0,2.0,,Forward,2006,2006,,,,,,,,,,
1630588,Makur Maker,1,2000-11-04,Capital City Go-Go,South Sudan,,,0.0,,,,,,,,,,,,,,
1627748,Thon Maker,0,1997-02-25,Athlete Institute Prep,South Sudan,7-0,221.0,5.0,,Forward-Center,2016,2020,2016.0,1,10.0,10,,,,,,
77447,Lionel Malamed,0,1924-11-15,City College of New York,USA,5-9,150.0,1.0,,Guard,1948,1948,,,,,,,,,,
1630177,Theo Maledon,0,2001-06-12,Asvel,France,6-5,175.0,3.0,9,Guard,2020,2023,2020.0,2,4.0,34,ASVEL Basket (France),Other Team/Club,77.0,80.75,,
117,Jeff Malone,0,1961-06-28,Mississippi State,USA,6-4,205.0,13.0,,Guard,1983,1995,1983.0,1,10.0,10,Mississippi State,College/University,,,,
252,Karl Malone,0,1963-07-24,Louisiana Tech,USA,6-9,259.0,20.0,32,Forward,1985,2003,1985.0,1,13.0,13,Louisiana Tech,College/University,,,,
77449,Moses Malone,0,1955-03-23,Petersburg HS (VA),USA,6-10,215.0,19.0,24,Center,1976,1994,,,,,,,,,,
1074,Matt Maloney,0,1971-12-06,Pennsylvania,USA,,,6.0,,Guard,1996,2002,,,,,,,,,,
77450,Steve Malovic,0,1956-07-21,San Diego State,USA,6-10,230.0,1.0,,Forward,1979,1979,1978.0,7,18.0,149,San Diego State,College/University,,,,
1630572,Sandro Mamukelashvili,1,1999-05-23,Seton Hall,Georgia,6-10,240.0,2.0,54,Forward-Center,2021,2023,2021.0,2,24.0,54,Seton Hall,College/University,,,,
77451,Ted Manakas,0,1951-02-22,Princeton,USA,6-2,180.0,1.0,23,Guard,1973,1973,1973.0,3,1.0,36,Princeton,College/University,,,,
77452,John Mandic,0,1919-10-03,Oregon State,USA,6-4,205.0,2.0,,Forward,1948,1949,1947.0,0,0.0,0,Oregon State,College/University,,,,
1630211,Karim Mane,0,2000-05-16,nan,Senegal,6-3,190.0,1.0,,Guard,2020,2020,,,,,,,78.0,83.0,36.0,
77453,Frank Mangiapane,0,1925-08-25,New York University,USA,5-10,195.0,1.0,5,Guard,1946,1946,,,,,,,,,,
986,Marcus Mann,0,,nan,,,,,,,,,1996.0,2,11.0,40,Mississippi Valley State,College/University,,,,
1629611,Terance Mann,1,1996-10-18,Florida State,USA,6-5,215.0,4.0,14,Guard-Forward,2019,2023,2019.0,2,18.0,48,Florida State,College/University,78.5,79.75,38.5,6.0
1630544,Tre Mann,1,2001-02-03,Florida,USA,6-3,178.0,2.0,23,Guard,2021,2023,2021.0,1,18.0,18,Florida,College/University,,,,
330,Danny Manning,0,1966-05-17,Kansas,USA,6-10,234.0,16.0,,Forward-Center,1988,2002,1988.0,1,1.0,1,Kansas,College/University,,,,
77454,Ed Manning,0,1944-01-02,Jackson State,USA,6-7,210.0,4.0,35,Forward,1967,1970,1967.0,8,1.0,80,Jackson State,College/University,,,,
316,Richard Manning,0,1970-06-23,Washington,USA,6-11,245.0,2.0,50,Center,1995,1996,1993.0,2,13.0,40,Washington,College/University,,,,
1630185,Nico Mannion,0,2001-03-14,Arizona,Italy,6-2,190.0,2.0,2,Guard,2020,2020,2020.0,2,18.0,48,Arizona,College/University,,,,
77456,Pace Mannion,0,1960-09-22,Utah,USA,6-7,190.0,6.0,5,Guard,1983,1988,1983.0,2,19.0,43,Utah,College/University,,,,
77457,Nick Mantis,0,1935-12-07,Northwestern,USA,6-3,190.0,2.0,23,Guard,1959,1962,1959.0,5,7.0,37,Northwestern,College/University,,,,
77459,Pete Maravich,0,,nan,,,,,,,,,1970.0,1,3.0,3,Louisiana State,College/University,,,,
77458,Peter Maravich,0,,nan,,,,,,,,,,,,,,,,,,
203906,Devyn Marble,0,1992-09-21,Iowa,USA,6-6,200.0,3.0,11,Forward,2014,2015,,,,,,,78.5,81.0,35.0,
77460,Roy Marble,0,1966-12-13,Iowa,USA,6-6,190.0,2.0,5,Guard,1989,1993,1989.0,1,23.0,23,Iowa,College/University,,,,
950,Stephon Marbury,0,1977-02-20,Georgia Tech,USA,6-2,205.0,14.0,8,Guard,1996,2008,1996.0,1,4.0,4,Georgia Tech,College/University,,,,
36,Sarunas Marciulionis,0,1964-06-13,Statyba,Lithuania,6-5,200.0,7.0,78,Guard,1989,1996,1987.0,6,13.0,127,BC Statyba (Lithuania),Other Team/Club,,,,
77462,Saul Mariaschin,0,1924-09-01,Harvard,USA,5-11,165.0,1.0,4,Guard,1947,1947,1947.0,0,0.0,0,Harvard,College/University,,,,
77463,Jack Marin,0,,nan,,,,,,,,,,,,,,,,,,
1890,Shawn Marion,0,1978-05-07,UNLV,USA,6-7,228.0,16.0,31,Guard-Forward,1999,2014,1999.0,1,9.0,9,Nevada-Las Vegas,College/University,,,,
1626246,Boban Marjanovic,1,1988-08-15,Crvena zvezda,Serbia,7-4,290.0,8.0,51,Center,2015,2023,,,,,,,,,,
1628374,Lauri Markkanen,1,1997-05-22,Arizona,Finland,7-0,240.0,6.0,23,Forward-Center,2017,2023,2017.0,1,7.0,7,Arizona,College/University,,,,
200806,Damir Markota,0,1985-12-26,Cibona,Croatia,6-10,225.0,1.0,52,Forward,2006,2006,2006.0,2,29.0,59,KK Cibona (Croatia),Other Team/Club,,,,
1752,Sean Marks,0,1975-08-23,California,New Zealand,6-10,250.0,11.0,,Forward-Center,1998,2010,1998.0,2,15.0,44,California,College/University,,,,
77464,Harvey Marlatt,0,1948-08-26,Eastern Michigan,USA,6-3,185.0,3.0,26,Guard,1970,1972,,,,,,,,,,
77465,Eric Marsh,0,1954-03-10,Manhattan,USA,6-3,200.0,1.0,21,Guard,1977,1977,1977.0,8,16.0,165,Manhattan,College/University,,,,
77466,Jim Marsh,0,1946-04-26,Southern California,USA,6-7,215.0,1.0,41,Forward,1971,1971,1968.0,11,2.0,136,Southern California,College/University,,,,
681,Donny Marshall,0,1972-07-17,Connecticut,USA,6-7,230.0,6.0,13,Forward,1995,2002,1995.0,2,10.0,39,Connecticut,College/University,,,,
923,Donyell Marshall,0,1973-05-18,Connecticut,USA,6-9,245.0,16.0,8,Forward,1994,2008,1994.0,1,4.0,4,Connecticut,College/University,,,,
203088,Kendall Marshall,0,1991-08-19,North Carolina,USA,6-4,200.0,5.0,5,Guard,2012,2015,2012.0,1,13.0,13,North Carolina,College/University,76.25,77.5,37.0,
1630230,Naji Marshall,1,1998-01-24,Xavier,USA,6-7,220.0,3.0,8,Forward,2020,2023,,,,,,,79.0,84.75,35.0,
101185,Rawle Marshall,0,1982-02-20,Oakland,USA,6-7,190.0,3.0,2,Guard-Forward,2005,2006,,,,,,,77.75,85.0,37.0,7.0
77467,Tom Marshall,0,1931-01-06,Western Kentucky,USA,6-4,215.0,4.0,20,Forward,1954,1958,1954.0,1,7.0,7,Western Kentucky,College/University,,,,
77468,Vester Marshall,0,1948-12-22,Oklahoma,USA,6-7,200.0,1.0,45,Forward,1973,1973,,,,,,,,,,
77481,Bill Martin,0,1962-08-16,Georgetown,USA,6-7,205.0,3.0,26,Forward,1985,1987,1985.0,2,2.0,26,Georgetown,College/University,,,,
77478,Bob Martin,0,1969-10-07,Minnesota,USA,7-0,250.0,2.0,42,Center,1993,1994,,,,,,,,,,
77469,Brian Martin,0,1962-08-18,Kansas,USA,6-9,212.0,1.0,35,Forward,1985,1985,1984.0,9,1.0,185,Kansas,College/University,,,,
1628997,Caleb Martin,1,1995-09-28,Nevada,USA,6-5,205.0,4.0,16,Forward,2019,2023,,,,,,,78.0,82.0,36.5,6.0
201858,Cartier Martin,0,,nan,,,,,,,,,,,,,,,78.5,82.0,29.5,11.0
1628998,Cody Martin,1,1995-09-28,Nevada,USA,6-6,205.0,4.0,11,Forward,2019,2023,2019.0,2,6.0,36,North Carolina State,College/University,78.0,82.25,36.5,4.0
733,Cuonzo Martin,0,1971-09-23,Purdue,USA,6-5,213.0,2.0,,Guard,1995,1996,1995.0,2,28.0,57,Purdue,College/University,,,,
239,Darrick Martin,0,1971-03-06,UCLA,USA,5-11,170.0,13.0,,Guard,1994,2007,,,,,,,,,,
77473,Don Martin,0,,nan,,,,,,,,,,,,,,,,,,
77471,Donald Martin,0,1920-05-25,Georgetown,USA,5-8,160.0,2.0,,Guard,1946,1947,,,,,,,,,,
77472,Fernando Martin,0,1962-03-25,Real Madrid,Spain,6-9,220.0,1.0,10,Center,1986,1986,1985.0,2,14.0,38,Real Madrid Baloncesto (Spain),Other Team/Club,,,,
1626185,Jarell Martin,0,1994-05-24,Louisiana State,USA,6-10,239.0,5.0,2,Forward,2015,2018,2015.0,1,25.0,25,Louisiana State,College/University,81.25,81.0,35.0,19.0
77474,Jeff Martin,0,1967-01-14,Murray State,USA,6-5,195.0,2.0,15,Guard,1989,1990,1989.0,2,4.0,31,Murray State,College/University,,,,
1629725,Jeremiah Martin,0,1996-06-19,Memphis,USA,6-2,185.0,3.0,3,Guard,2019,2020,,,,,,,,,,
1629103,Kelan Martin,1,1995-08-03,Butler,USA,6-5,230.0,4.0,,Forward,2019,2021,,,,,,,,,,
2030,Kenyon Martin,0,1977-12-30,Cincinnati,USA,6-9,225.0,15.0,,Forward,2000,2014,2000.0,1,1.0,1,Cincinnati,College/University,,,,
2755,Kevin Martin,0,1983-02-01,Western Carolina,USA,6-7,199.0,13.0,23,Guard,2004,2015,2004.0,1,26.0,26,Western Carolina,College/University,,,,
77475,Larue Martin,0,1950-03-26,Loyola-Chicago,USA,6-11,208.0,4.0,35,Center,1972,1975,1972.0,1,1.0,1,Loyola-Chicago,College/University,,,,
77476,Mo Martin,0,1964-07-02,St. Joseph's (PA),USA,6-6,200.0,2.0,11,Guard,1986,1987,1986.0,1,16.0,16,Saint Joseph's,College/University,,,,
77477,Phil Martin,0,,nan,,,,,,,,,1954.0,4,2.0,29,Toledo,College/University,,,,
77479,Ronald Martin,0,1939-04-11,St. Bonaventure,USA,6-2,185.0,1.0,7,Guard,1961,1961,1961.0,2,1.0,10,St. Bonaventure,College/University,,,,
77480,Slater Martin,0,1925-10-22,Texas-Austin,USA,5-10,170.0,11.0,22,Guard,1949,1959,,,,,,,,,,
1631213,Tyrese Martin,1,1999-03-07,Connecticut,USA,6-6,215.0,1.0,22,Guard,2022,2023,2022.0,2,21.0,51,Connecticut,College/University,,,,
1630231,Kenyon Martin Jr.,1,2001-01-06,IMG Academy (FL),USA,6-7,215.0,3.0,6,Forward,2020,2023,2020.0,2,22.0,52,IMG Academy,High School,79.0,79.25,38.5,
469,Jamal Mashburn,0,1972-11-29,Kentucky,USA,6-8,247.0,12.0,24,Forward,1993,2003,1993.0,1,4.0,4,Kentucky,College/University,,,,
77482,Al Masino,0,1928-02-05,Canisius,USA,5-10,174.0,2.0,12,Guard,1952,1953,,,,,,,,,,
193,Anthony Mason,0,1966-12-14,Tennessee State,USA,6-8,255.0,14.0,17,Forward,1989,2002,1988.0,3,3.0,53,Tennessee State,College/University,,,,
2046,Desmond Mason,0,1977-10-11,Oklahoma State,USA,6-5,222.0,10.0,,Guard,2000,2009,2000.0,1,17.0,17,Oklahoma State,College/University,,,,
1628412,Frank Mason III,0,1994-04-03,Kansas,USA,5-11,190.0,5.0,,Guard,2017,2020,2017.0,2,4.0,34,Kansas,College/University,72.0,75.25,41.0,15.0
2427,Roger Mason Jr.,0,,nan,,,,,,,,,2002.0,2,2.0,30,Virginia,College/University,,,,
763,Tony Massenburg,0,1967-07-31,Maryland,USA,6-9,250.0,14.0,34,Forward-Center,1990,2004,1990.0,2,16.0,43,Maryland,College/University,,,,
77483,Eddie Mast,0,1948-10-03,Temple,USA,6-9,220.0,3.0,25,Forward,1970,1972,1969.0,3,11.0,40,Temple,College/University,,,,
1628999,Yante Maten,0,1996-08-14,Georgia,USA,6-8,240.0,2.0,00,Forward,2018,2018,,,,,,,80.5,84.5,31.5,18.0
1629726,Garrison Mathews,1,1996-10-24,Lipscomb,USA,6-6,215.0,4.0,25,Guard,2019,2023,,,,,,,,,,
1628493,Mangok Mathiang,0,1992-10-08,Louisville,Australia,6-10,230.0,1.0,9,Forward-Center,2017,2017,,,,,,,,,,
1629751,Dakota Mathias,0,1995-07-11,Purdue,USA,6-4,200.0,3.0,,Guard,2020,2021,,,,,,,,,,
1631097,Bennedict Mathurin,1,2002-06-19,Arizona,Canada,6-5,210.0,1.0,00,Guard-Forward,2022,2023,2022.0,1,6.0,6,Arizona,College/University,78.0,81.0,,
77484,Wes Matthews,0,1959-08-24,Wisconsin,USA,6-1,170.0,9.0,1,Guard,1980,1989,1980.0,1,14.0,14,Wisconsin,College/University,,,,
202083,Wesley Matthews,1,1986-10-14,Marquette,USA,6-5,220.0,14.0,23,Guard,2009,2023,,,,,,,,,,
77485,Ariel Maughan,0,1923-02-23,Utah State,USA,6-4,190.0,5.0,,Forward,1946,1950,,,,,,,,,,
77486,Marlon Maxey,0,1969-02-19,Texas-El Paso,USA,6-8,250.0,2.0,25,Forward,1992,1993,1992.0,2,1.0,28,Texas-El Paso,College/University,,,,
1630178,Tyrese Maxey,1,,nan,,,,,,,,,2020.0,1,21.0,21,Kentucky,College/University,,,,
101131,Jason Maxiell,0,1983-02-18,Cincinnati,USA,6-7,260.0,10.0,54,Forward,2005,2014,2005.0,1,26.0,26,Cincinnati,College/University,78.25,87.25,,
77487,Cedric Maxwell,0,1955-11-21,North Carolina-Charlotte,USA,6-8,205.0,11.0,31,Forward,1977,1987,1977.0,1,12.0,12,North Carolina-Charlotte,College/University,,,,
137,Vernon Maxwell,0,1965-09-12,Florida,USA,6-4,190.0,13.0,3,Guard,1988,2000,1988.0,2,22.0,47,Florida,College/University,,,,
77489,Don May,0,1946-01-03,Dayton,USA,6-4,200.0,7.0,23,Forward,1968,1974,1968.0,3,8.0,30,Dayton,College/University,,,,
77490,Scott May,0,1954-03-19,Indiana,USA,6-6,215.0,7.0,24,Forward,1976,1982,1976.0,1,2.0,2,Indiana,College/University,,,,
101118,Sean May,0,1984-04-04,North Carolina,USA,6-9,266.0,5.0,42,Center-Forward,2005,2009,2005.0,1,13.0,13,North Carolina,College/University,80.5,85.25,33.0,12.0
195,Lee Mayberry,0,,nan,,,,,,,,,1992.0,1,23.0,23,Arkansas,College/University,,,,
77492,Clyde Mayes,0,1953-03-17,Furman,USA,6-8,225.0,2.0,22,Forward,1975,1976,1975.0,2,4.0,22,Furman,College/University,,,,
77493,Tharon Mayes,0,,nan,,,,,,,,,,,,,,,,,,
77495,Bill Mayfield,0,1957-10-17,Iowa,USA,6-7,205.0,1.0,36,Forward,1980,1980,,,,,,,,,,
77494,Ken Mayfield,0,1948-05-11,Tuskegee,USA,6-2,185.0,1.0,16,Guard,1975,1975,1971.0,3,15.0,50,Tuskegee,College/University,,,,
201953,Eric Maynor,0,1987-06-11,Virginia Commonwealth,USA,6-3,175.0,5.0,,Guard,2009,2013,2009.0,1,20.0,20,Virginia Commonwealth,College/University,75.25,74.5,31.5,8.0
201564,O.J. Mayo,0,1987-11-05,Southern California,USA,6-5,210.0,9.0,3,Guard,2008,2015,2008.0,1,3.0,3,Southern California,College/University,76.25,78.0,41.0,7.0
1630219,Skylar Mays,1,1997-09-05,Louisiana State,USA,6-4,205.0,3.0,,Guard,2020,2022,2020.0,2,20.0,50,Louisiana State,College/University,76.0,78.0,37.5,
77496,Travis Mays,0,1968-06-19,Texas-Austin,USA,6-2,190.0,3.0,1,Guard,1990,1992,1990.0,1,14.0,14,Texas,College/University,,,,
77497,Matt Mazza,0,1923-09-23,Michigan State,USA,6-3,210.0,1.0,,Forward,1949,1949,,,,,,,,,,
201601,Luc Mbah a Moute,0,1986-09-09,UCLA,Cameroon,6-8,230.0,13.0,12,Forward,2008,2019,2008.0,2,7.0,37,California-Los Angeles,College/University,79.5,86.5,38.5,11.0
2788,DJ Mbenga,0,1980-12-30,Spirou Charleroi,Belgium,7-0,255.0,8.0,28,Center,2004,2010,,,,,,,,,,
77498,Bob McAdoo,0,1951-09-25,North Carolina,USA,6-9,210.0,14.0,11,Center,1972,1985,1972.0,1,2.0,2,North Carolina,College/University,,,,
203949,James Michael McAdoo,0,1993-01-04,North Carolina,USA,6-9,230.0,4.0,,Forward,2014,2017,,,,,,,80.75,86.25,34.0,
77499,Ken McBride,0,1905-04-14,Maryland-Eastern Shore,USA,6-3,190.0,1.0,4,Forward,1954,1954,1952.0,0,0.0,0,Maryland-Eastern Shore,College/University,,,,
1630540,Miles McBride,1,2000-09-08,West Virginia,USA,6-2,195.0,2.0,2,Guard,2021,2023,2021.0,2,6.0,36,West Virginia,College/University,,,,
1628769,Tahjere McCall,0,,nan,,,,,,,,,,,,,,,,,,
203492,Ray McCallum,0,1991-06-12,Detroit,USA,6-3,190.0,4.0,,Guard,2013,2015,2013.0,2,6.0,36,Detroit Mercy,College/University,73.75,75.25,40.0,5.0
737,Bob McCann,0,1964-04-22,Morehead State,USA,6-6,244.0,5.0,,Forward,1989,1997,1987.0,2,9.0,32,Morehead State,College/University,,,,
77500,Brendan McCann,0,1935-07-05,St. Bonaventure,USA,6-2,178.0,3.0,3,Guard,1957,1959,1957.0,1,5.0,5,St. Bonaventure,College/University,,,,
77502,Mel McCants,0,1967-08-19,Purdue,USA,6-8,240.0,1.0,49,Forward,1989,1989,,,,,,,,,,
101119,Rashad McCants,0,1984-09-25,North Carolina,USA,6-4,215.0,5.0,7,Guard,2005,2008,2005.0,1,14.0,14,North Carolina,College/University,76.0,82.75,34.5,15.0
77503,Mike McCarron,0,1922-03-02,Seton Hall,USA,5-11,180.0,2.0,,Guard,1946,1949,,,,,,,,,,
77504,Andre McCarter,0,1953-08-25,UCLA,USA,6-3,190.0,3.0,33,Guard,1976,1980,1975.0,8,10.0,136,California-Los Angeles,College/University,,,,
77505,Willie McCarter,0,1946-07-26,Drake,USA,6-3,175.0,3.0,17,Guard,1969,1971,1969.0,1,12.0,12,Drake,College/University,,,,
77506,Johnny McCarthy,0,,nan,,,,,,,,,1956.0,0,0.0,0,Canisius,College/University,,,,
77507,Howie McCarty,0,1905-04-02,Wayne State,USA,,,1.0,,,1946,1946,,,,,,,,,,
1820,Kelly McCarty,0,1975-08-24,Southern Mississippi,USA,6-7,200.0,1.0,11,Guard-Forward,1998,1998,,,,,,,,,,
962,Walter McCarty,0,1974-02-01,Kentucky,USA,6-10,245.0,10.0,0,Forward,1996,2005,1996.0,1,19.0,19,Kentucky,College/University,,,,
1043,Amal McCaskill,0,1973-10-28,Marquette,USA,6-11,235.0,5.0,00,Center,1996,2003,1996.0,2,20.0,49,Marquette,College/University,,,,
1627775,Patrick McCaw,0,1995-10-25,UNLV,USA,6-7,181.0,6.0,,Guard,2016,2020,2016.0,2,8.0,38,Nevada-Las Vegas,College/University,,,,
77509,Dwayne McClain,0,1963-02-07,Villanova,USA,6-6,185.0,1.0,44,Guard,1985,1985,1985.0,2,3.0,27,Villanova,College/University,,,,
77510,Ted 'Hound Dog' McClain,0,1947-08-30,Tennessee State,USA,6-1,180.0,3.0,12,Guard,1976,1978,1971.0,2,5.0,22,Tennessee State,College/University,,,,
2082,Dan McClintock,0,1977-04-19,Northern Arizona,USA,7-0,270.0,1.0,50,Center,2000,2000,2000.0,2,24.0,53,Northern Arizona,College/University,,,,
77512,Jack McCloskey,0,1925-09-19,Pennsylvania,USA,6-2,190.0,1.0,,Guard,1952,1952,,,,,,,,,,
45,George McCloud,0,1967-05-27,Florida State,USA,6-8,230.0,13.0,21,Forward,1989,2002,1989.0,1,7.0,7,Florida State,College/University,,,,
1630644,Mac McClung,0,,nan,,,,,,,,,,,,,,,,,,
203468,CJ McCollum,1,,nan,,,,,,,,,2013.0,1,10.0,10,Lehigh,College/University,75.25,78.25,38.5,13.0
77513,John McConathy,0,1930-04-09,Northwestern State,USA,6-5,195.0,1.0,15,Forward,1951,1951,1951.0,1,5.0,5,Northwestern State,College/University,,,,
77514,Paul McConnell,0,,nan,,,,,,,,,,,,,,,,,,
204456,T.J. McConnell,1,1992-03-25,Arizona,USA,6-1,190.0,8.0,9,Guard,2015,2023,,,,,,,74.0,74.0,31.5,7.0
77515,Keith McCord,0,,nan,,,,,,,,,1979.0,10,14.0,198,Alabama-Birmingham,College/University,,,,
77516,Tim McCormick,0,1962-03-10,Michigan,USA,6-11,240.0,8.0,44,Center,1984,1991,1984.0,1,12.0,12,Michigan,College/University,,,,
1741,Jelani McCoy,0,1977-12-06,UCLA,USA,6-10,245.0,9.0,,Forward-Center,1998,2007,1998.0,2,4.0,33,California-Los Angeles,College/University,,,,
77517,Paul McCracken,0,1950-09-11,California State-Northridge,USA,6-4,180.0,3.0,7,Guard,1972,1976,,,,,,,,,,
200840,Chris McCray,0,1984-05-27,Maryland,USA,6-5,192.0,1.0,,Guard,2006,2006,,,,,,,,,,
1622,Rodney McCray,0,,nan,,,,,,,,,1983.0,1,3.0,3,Louisville,College/University,,,,
77518,Scooter McCray,0,1960-02-08,Louisville,USA,6-9,215.0,3.0,20,Forward,1983,1986,1983.0,2,12.0,36,Louisville,College/University,,,,
1628571,Erik McCree,0,1993-12-20,Louisiana Tech,USA,6-8,225.0,1.0,21,Forward,2017,2017,,,,,,,,,,
1626191,Chris McCullough,0,1995-02-05,Syracuse,USA,6-9,215.0,4.0,1,Forward,2015,2017,2015.0,1,29.0,29,Syracuse,College/University,81.0,87.25,,
77520,John McCullough,0,1956-10-05,Oklahoma,USA,6-4,190.0,1.0,8,Guard,1981,1981,1979.0,4,19.0,85,Oklahoma,College/University,,,,
723,Clint McDaniel,0,1972-02-26,Arkansas,USA,6-4,180.0,1.0,20,Guard,1995,1995,,,,,,,,,,
1365,Xavier McDaniel,0,1963-06-04,Wichita State,USA,6-7,205.0,12.0,,Forward,1985,1997,1985.0,1,4.0,4,Wichita State,College/University,,,,
1630183,Jaden McDaniels,1,,nan,,,,,,,,,2020.0,1,28.0,28,Washington,College/University,,,,
1629667,Jalen McDaniels,1,1998-01-31,San Diego State,USA,6-9,205.0,4.0,7,Forward-Center,2019,2023,2019.0,2,22.0,52,San Diego,College/University,81.75,84.25,33.5,0.0
77523,Jim McDaniels,0,1948-04-02,Western Kentucky,USA,6-11,228.0,5.0,44,Center,1971,1977,1971.0,2,6.0,23,Western Kentucky,College/University,,,,
203909,KJ McDaniels,0,1993-02-09,Clemson,USA,6-6,205.0,4.0,14,Guard-Forward,2014,2016,,,,,,,78.0,83.25,37.0,
203926,Doug McDermott,1,1992-01-03,Creighton,USA,6-6,225.0,9.0,17,Forward,2014,2023,,,,,,,79.75,81.25,36.5,
1630253,Sean McDermott,1,1996-11-03,Butler,USA,6-6,195.0,2.0,30,Forward,2020,2020,,,,,,,,,,
77524,Ben McDonald,0,1962-07-20,California-Irvine,USA,6-8,210.0,4.0,30,Forward,1985,1988,1984.0,3,3.0,50,California-Irvine,College/University,,,,
77525,Glenn McDonald,0,1952-03-18,Long Beach State,USA,6-6,190.0,3.0,13,Forward,1974,1976,1974.0,1,17.0,17,Long Beach State,College/University,,,,
1075,Michael McDonald,0,1969-02-13,New Orleans,USA,6-10,232.0,1.0,,Center,1997,1997,1995.0,2,26.0,55,New Orleans,College/University,,,,
77527,Hank McDowell,0,1959-11-13,Memphis,USA,6-9,215.0,6.0,41,Forward,1981,1986,1981.0,5,10.0,102,Memphis,College/University,,,,
686,Antonio McDyess,0,1974-09-07,Alabama,USA,6-9,245.0,16.0,34,Forward-Center,1995,2010,1995.0,1,2.0,2,Alabama,College/University,,,,
77528,Jim McElroy,0,1953-10-04,Central Michigan,USA,6-3,190.0,7.0,33,Guard,1975,1981,1975.0,3,2.0,38,Central Michigan,College/University,,,,
200829,Ivan McFarlin,0,1982-04-26,Oklahoma State,USA,6-7,229.0,1.0,,Forward,2006,2006,,,,,,,78.75,81.0,32.0,10.0
77529,Mel McGaha,0,,nan,,,,,,,,,1948.0,0,0.0,0,Arkansas,College/University,,,,
203956,Mitch McGary,0,1992-06-06,Michigan,USA,6-10,255.0,3.0,33,Forward,2014,2015,,,,,,,,,,
201580,JaVale McGee,1,,nan,,,,,,,,,2008.0,1,18.0,18,Nevada-Reno,College/University,84.0,90.0,32.5,7.0
77530,Mike McGee,0,1959-07-29,Michigan,USA,6-5,190.0,9.0,40,Forward,1981,1989,1981.0,1,19.0,19,Michigan,College/University,,,,
77531,Bill McGill,0,1939-09-16,Utah,USA,6-9,225.0,3.0,40,Center,1962,1964,1962.0,1,1.0,1,Utah,College/University,,,,
77532,George McGinnis,0,1950-08-12,Indiana,USA,6-8,235.0,7.0,30,Forward,1975,1981,1973.0,2,4.0,22,Indiana,College/University,,,,
77533,Jon McGlocklin,0,,nan,,,,,,,,,1965.0,3,7.0,24,Indiana,College/University,,,,
1631121,Bryce McGowens,1,,nan,,,,,,,,,2022.0,2,10.0,40,Nebraska,College/University,78.5,80.75,34.0,
1503,Tracy McGrady,0,,nan,,,,,,,,,1997.0,1,9.0,9,Mount Zion Christian Academy,High School,,,,
77534,Gil McGregor,0,1949-06-14,Wake Forest,USA,6-8,240.0,1.0,25,Forward,1971,1971,1971.0,6,4.0,89,Wake Forest,College/University,,,,
1630787,Cameron McGriff,0,1997-09-30,Oklahoma State,USA,6-7,220.0,1.0,,Forward,2021,2021,,,,,,,,,,
203585,Rodney McGruder,1,1991-07-29,Kansas State,USA,6-4,205.0,7.0,17,Guard,2016,2023,,,,,,,,,,
77536,Al McGuire,0,1928-09-07,St. John's (NY),USA,6-2,180.0,4.0,,Guard,1951,1954,1951.0,6,6.0,55,St. John's (NY),College/University,,,,
77535,Allie McGuire,0,1951-07-10,Marquette,USA,6-3,175.0,1.0,16,Guard,1973,1973,1973.0,3,14.0,49,Marquette,College/University,,,,
77537,Dick McGuire,0,1926-01-25,St. John's (NY),USA,6-0,180.0,11.0,15,Guard,1949,1959,1949.0,1,7.0,7,St. John's (NY),College/University,,,,
201187,Dominic McGuire,0,1985-10-20,Fresno State,USA,6-9,235.0,7.0,,Forward,2007,2012,2007.0,2,17.0,47,Fresno State,College/University,80.25,82.5,34.5,12.0
1450,Kevin McHale,0,1957-12-19,Minnesota,USA,6-10,210.0,13.0,32,Forward,1980,1992,1980.0,1,3.0,3,Minnesota,College/University,,,,
29,Jim McIlvaine,0,1972-07-30,Marquette,USA,,,7.0,,Center,1994,2000,1994.0,2,5.0,32,Marquette,College/University,,,,
976,Jeff McInnis,0,1974-10-22,North Carolina,USA,6-4,190.0,11.0,,Guard,1996,2007,1996.0,2,8.0,37,North Carolina,College/University,,,,
77540,Kenny McIntosh,0,1949-01-21,Eastern Michigan,USA,6-7,225.0,4.0,43,Forward,1971,1974,1971.0,1,15.0,15,Eastern Michigan,College/University,,,,
77541,Kevin McKenna,0,1959-01-08,Creighton,USA,6-5,195.0,6.0,12,Forward,1981,1987,1981.0,4,19.0,88,Creighton,College/University,,,,
77542,Forrest McKenzie,0,1963-02-16,Loyola-Marymount,USA,6-7,200.0,1.0,7,Forward,1986,1986,1986.0,3,1.0,48,Loyola-Marymount,College/University,,,,
77543,Stan McKenzie,0,1944-10-06,New York University,USA,6-5,195.0,7.0,40,Forward,1967,1973,,,,,,,,,,
365,Derrick McKey,0,1966-10-10,Alabama,USA,6-10,241.0,15.0,9,Forward,1987,2001,1987.0,1,9.0,9,Alabama,College/University,,,,
243,Aaron McKie,0,1972-10-02,Temple,USA,6-5,209.0,14.0,2,Guard,1994,2006,1994.0,1,17.0,17,Temple,College/University,,,,
77547,Billy McKinney,0,,nan,,,,,,,,,1977.0,6,5.0,115,Northwestern,College/University,,,,
77545,Carlton McKinney,0,1964-10-21,Southern Methodist,USA,6-4,190.0,2.0,4,Forward,1989,1991,,,,,,,,,,
77546,Horace McKinney,0,1919-01-01,North Carolina,USA,6-6,185.0,6.0,17,Forward,1946,1951,,,,,,,,,,
203590,Trey McKinney-Jones,0,1990-08-27,Miami,USA,6-5,220.0,1.0,,Guard,2017,2017,,,,,,,,,,
1628035,Alfonzo McKinnie,0,1992-09-17,Wisconsin-Green Bay,USA,6-7,215.0,5.0,,Forward,2017,2021,,,,,,,,,,
1630605,JaQuori McLaughlin,0,,nan,,,,,,,,,,,,,,,,,,
1629162,Jordan McLaughlin,1,1996-04-09,Southern California,USA,6-0,185.0,4.0,6,Guard,2019,2023,,,,,,,,,,
203463,Ben McLemore,0,1993-02-11,Kansas,USA,6-3,195.0,10.0,23,Guard,2013,2021,2013.0,1,7.0,7,Kansas,College/University,76.75,79.75,42.0,6.0
77548,Mccoy McLemore,0,1942-04-03,Drake,USA,6-7,230.0,8.0,18,Forward,1964,1971,1964.0,3,7.0,23,Drake,College/University,,,,
77549,George McLeod,0,,nan,,,,,,,,,1952.0,0,0.0,0,Texas Christian,College/University,,,,
2693,Keith McLeod,0,1979-11-05,Bowling Green,USA,6-2,190.0,5.0,20,Guard,2003,2006,,,,,,,,,,
1728,Roshown McLeod,0,1975-11-17,Duke,USA,,,3.0,,Forward,1998,2000,1998.0,1,20.0,20,Duke,College/University,,,,
77551,Jack McMahon,0,1928-12-03,St. John's (NY),USA,6-1,185.0,8.0,21,Guard,1952,1959,1952.0,0,0.0,0,St. John's (NY),College/University,,,,
203,Nate McMillan,0,1964-08-03,North Carolina State,USA,6-5,210.0,12.0,10,Guard-Forward,1986,1997,1986.0,2,6.0,30,North Carolina State,College/University,,,,
77553,Tom McMillen,0,1952-05-26,Maryland,USA,6-11,215.0,11.0,54,Forward,1975,1985,1974.0,1,9.0,9,Maryland,College/University,,,,
77554,Jim McMillian,0,1948-03-11,Columbia,USA,6-5,215.0,9.0,5,Forward,1970,1978,1970.0,1,13.0,13,Columbia,College/University,,,,
77555,Shellie McMillon,0,1936-03-11,Bradley,USA,6-5,205.0,4.0,25,Forward,1958,1961,1958.0,6,3.0,42,Bradley,College/University,,,,
77556,Mal McMullan,0,,nan,,,,,,,,,,,,,,,,,,
77557,Chet McNabb,0,,nan,,,,,,,,,,,,,,,,,,
77558,Mark McNamara,0,1959-06-08,California,USA,6-11,235.0,8.0,31,Center,1982,1990,1982.0,1,22.0,22,California,College/University,,,,
77559,Joe McNamee,0,1926-09-24,San Francisco,USA,6-6,210.0,2.0,,Center,1950,1951,1950.0,1,9.0,9,San Francisco,College/University,,,,
202077,Jerel McNeal,0,1987-06-01,Marquette,USA,6-3,200.0,3.0,8,Guard,2012,2014,,,,,,,,,,
77560,Chris McNealy,0,,nan,,,,,,,,,1983.0,2,14.0,38,San Jose State,College/University,,,,
77562,Bob McNeill,0,1938-10-22,St. Joseph's (PA),USA,6-1,170.0,2.0,52,Guard,1960,1961,1960.0,3,3.0,19,Saint Joseph's,College/University,,,,
77561,Larry McNeill,0,1951-01-31,Marquette,USA,6-9,195.0,6.0,32,Forward,1973,1978,1973.0,2,7.0,25,Marquette,College/University,,,,
77563,Carl McNulty,0,1930-02-14,Purdue,USA,6-3,185.0,1.0,6,Guard,1954,1954,1952.0,0,0.0,0,Purdue,College/University,,,,
2101,Paul McPherson,0,1978-07-03,DePaul,USA,6-4,210.0,1.0,23,Guard,2000,2000,,,,,,,,,,
77565,Cozell McQueen,0,,nan,,,,,,,,,1985.0,4,21.0,91,North Carolina State,College/University,,,,
203895,Jordan McRae,0,1991-03-28,Tennessee,USA,6-5,179.0,5.0,52,Guard,2015,2019,,,,,,,77.25,84.5,34.5,
77566,Thales McReynolds,0,1943-06-08,Miles,USA,6-3,185.0,1.0,11,Guard,1965,1965,1965.0,11,2.0,82,Miles,College/University,,,,
201177,Josh McRoberts,0,,nan,,,,,,,,,2007.0,2,7.0,37,Duke,College/University,82.0,85.0,31.5,12.0
77567,Eric McWilliams,0,1950-04-18,Long Beach State,USA,6-8,200.0,1.0,22,Forward,1972,1972,1972.0,3,7.0,37,Long Beach State,College/University,,,,
77568,George Mearns,0,1922-04-18,Rhode Island,USA,6-3,175.0,2.0,,Forward,1946,1947,,,,,,,,,,
2098,Slava Medvedenko,0,1979-04-04,Kyiv,Ukraine,6-10,253.0,8.0,3,Forward,2000,2006,,,,,,,,,,
1577,Darnell Mee,0,,nan,,,,,,,,,1993.0,2,7.0,34,Western Kentucky,College/University,,,,
201975,Jodie Meeks,0,1987-08-21,Kentucky,USA,6-4,210.0,11.0,20,Guard,2009,2018,2009.0,2,11.0,41,Kentucky,College/University,76.0,76.5,37.0,14.0
77570,Cliff Meely,0,1947-07-10,Colorado,USA,6-8,215.0,5.0,21,Forward,1971,1975,1971.0,1,7.0,7,Colorado,College/University,,,,
77571,Scott Meents,0,,nan,,,,,,,,,1986.0,4,4.0,74,Illinois,College/University,,,,
77572,Dick Mehen,0,1922-05-20,Tennessee,USA,6-5,195.0,3.0,17,Forward,1949,1951,,,,,,,,,,
77573,Don Meineke,0,1930-10-30,Dayton,USA,6-7,208.0,5.0,22,Forward,1952,1957,1952.0,0,0.0,0,Dayton,College/University,,,,
77574,Carl Meinhold,0,,nan,,,,,,,,,,,,,,,,,,
1626257,Salah Mejri,0,,nan,,,,,,,,,,,,,,,,,,
203539,Gal Mekel,0,1988-03-04,Wichita State,Israel,6-3,191.0,2.0,,Guard,2013,2014,,,,,,,,,,
77576,Bill Melchionni,0,1944-10-19,Villanova,USA,6-1,165.0,2.0,25,Guard,1966,1967,,,,,,,,,,
77575,Gary Melchionni,0,,nan,,,,,,,,,1973.0,2,15.0,33,Duke,College/University,,,,
1629740,Nicolo Melli,0,1991-01-26,                                   ,Italy,6-9,236.0,3.0,44,Forward,2019,2020,,,,,,,,,,
203097,Fab Melo,0,1990-06-20,Syracuse,Brazil,7-0,255.0,2.0,13,Center,2012,2012,2012.0,1,22.0,22,Syracuse,College/University,84.0,86.5,31.0,9.0
1629001,De'Anthony Melton,1,1998-05-28,Southern California,USA,6-2,200.0,5.0,8,Guard,2018,2023,2018.0,2,16.0,46,Southern California,College/University,75.25,80.5,36.5,1.0
77577,Ed Melvin,0,1916-02-13,Duquesne,USA,5-9,170.0,1.0,,Forward,1946,1946,,,,,,,,,,
77578,Dean Meminger,0,1948-05-13,Marquette,USA,6-1,175.0,6.0,7,Guard,1971,1976,1971.0,1,16.0,16,Marquette,College/University,,,,
77579,Chuck Mencel,0,1933-04-21,Minnesota,USA,6-0,168.0,2.0,18,Guard,1955,1956,,,,,,,,,,
77580,John Mengelt,0,1949-10-16,Auburn,USA,6-2,195.0,10.0,15,Guard,1971,1980,1971.0,2,4.0,21,Auburn,College/University,,,,
77581,Ken Menke,0,1922-10-02,Illinois,USA,6-0,168.0,1.0,,Guard,1949,1949,,,,,,,,,,
200822,Pops Mensah-Bonsu,0,1983-09-07,George Washington,USA,6-9,235.0,4.0,,Forward,2006,2010,,,,,,,,,,
1500,Ron Mercer,0,1976-05-18,Kentucky,USA,6-7,215.0,9.0,,Guard-Forward,1997,2004,1997.0,1,6.0,6,Kentucky,College/University,,,,
77582,Joe Meriweather,0,1953-10-26,Southern Illinois,USA,6-10,215.0,10.0,50,Center,1975,1984,1975.0,1,11.0,11,Southern Illinois,College/University,,,,
77583,Porter Meriwether,0,1940-03-16,Tennessee State,USA,6-2,180.0,1.0,14,Guard,1962,1962,1962.0,3,5.0,21,Tennessee State,College/University,,,,
1630241,Sam Merrill,1,1996-05-15,Utah State,USA,6-4,205.0,3.0,20,Guard,2020,2023,2020.0,2,30.0,60,Utah State,College/University,,,,
77584,Tom Meschery,0,1938-10-26,St. Mary's (CA),USA,6-6,215.0,10.0,14,Forward,1961,1970,1961.0,1,7.0,7,St. Mary's (CA),College/University,,,,
1629002,Chimezie Metu,1,1997-03-22,Southern California,USA,6-9,225.0,5.0,7,Forward-Center,2018,2023,2018.0,2,19.0,49,Southern California,College/University,81.5,84.5,36.0,5.0
684,Loren Meyer,0,,nan,,,,,,,,,1995.0,1,24.0,24,Iowa State,College/University,,,,
77586,Dave Meyers,0,1953-04-21,UCLA,USA,6-9,215.0,4.0,7,Forward,1975,1979,1975.0,1,2.0,2,California-Los Angeles,College/University,,,,
77587,Stan Miasek,0,1924-08-08,No School,USA,6-5,210.0,6.0,3,Forward,1946,1952,,,,,,,,,,
77588,Larry Micheaux,0,1960-03-24,Houston,USA,6-9,220.0,2.0,40,Forward,1983,1984,1983.0,2,5.0,29,Houston,College/University,,,,
1626175,Jordan Mickey,0,1994-07-09,Louisiana State,USA,6-8,235.0,4.0,25,Center-Forward,2015,2017,2015.0,2,3.0,33,Louisiana State,College/University,80.25,87.25,37.5,9.0
203114,Khris Middleton,1,1991-08-12,Texas A&M,USA,6-7,222.0,11.0,22,Forward,2012,2023,2012.0,2,9.0,39,Texas A&M,College/University,80.25,82.75,31.0,4.0
77589,Zigmund Mihalik,0,1916-09-22,Ford City HS (PA),USA,6-0,180.0,1.0,,Guard,1946,1946,,,,,,,,,,
2036,Chris Mihm,0,,nan,,,,,,,,,2000.0,1,7.0,7,Texas,College/University,,,,
1628450,Eric Mika,0,,nan,,,,,,,,,,,,,,,,,,
77590,Ed Mikan,0,1925-10-20,DePaul,USA,6-8,230.0,6.0,15,Center,1948,1953,1948.0,1,5.0,5,DePaul,College/University,,,,
600012,George Mikan,0,1924-06-18,DePaul,USA,6-10,245.0,7.0,99,Center,1948,1955,,,,,,,,,,
77591,Larry Mikan,0,1948-04-08,Minnesota,USA,6-7,210.0,1.0,30,Forward,1970,1970,1970.0,4,13.0,64,Minnesota,College/University,,,,
77593,Vern Mikkelsen,0,1928-10-21,Hamline,USA,6-7,230.0,10.0,19,Forward,1949,1958,1949.0,0,0.0,0,Hamline,College/University,,,,
77594,Al Miksis,0,1928-02-02,Western Illinois,USA,6-7,210.0,1.0,,Center,1949,1949,,,,,,,,,,
101223,Aaron Miles,0,1983-04-13,Kansas,USA,6-1,190.0,2.0,,Guard,2005,2005,,,,,,,73.5,75.5,37.5,7.0
101139,CJ Miles,0,1987-03-18,No College,USA,6-6,220.0,16.0,,Guard,2005,2021,2005.0,2,4.0,34,Skyline,High School,,,,
2032,Darius Miles,0,1981-10-09,East St. Louis HS (IL),USA,6-9,235.0,8.0,3,Forward,2000,2008,2000.0,1,3.0,3,East St. Louis,High School,,,,
77596,Eddie Miles,0,1940-07-05,Seattle,USA,6-4,195.0,9.0,42,Guard,1963,1971,1963.0,1,4.0,4,Seattle,College/University,,,,
1527,Marko Milic,0,,nan,,,,,,,,,1997.0,2,5.0,33,KK Olimpija (Slovenia),Other Team/Club,,,,
2545,Darko Milicic,0,1985-06-20,Hemoform,Serbia,7-0,275.0,10.0,,Center,2003,2012,2003.0,1,2.0,2,KK Vrsac (Serbia),Other Team/Club,,,,
77598,Nat Militzok,0,1923-05-03,Cornell,USA,6-3,195.0,1.0,,Forward,1946,1946,,,,,,,,,,
1889,Andre Miller,0,1976-03-19,Utah,USA,6-3,200.0,18.0,24,Guard,1999,2015,1999.0,1,8.0,8,Utah,College/University,,,,
292,Anthony Miller,0,1971-10-22,Michigan State,USA,6-9,255.0,8.0,,Forward,1994,2004,1994.0,2,12.0,39,Michigan State,College/University,,,,
77605,Bill Miller,0,1924-11-24,North Carolina,USA,6-3,190.0,1.0,,Forward,1948,1948,,,,,,,,,,
77603,Bob Miller,0,1956-07-09,Cincinnati,USA,6-10,230.0,1.0,41,Forward,1983,1983,1978.0,4,19.0,85,Cincinnati,College/University,,,,
1802,Brad Miller,0,1976-04-12,Purdue,USA,7-0,261.0,15.0,52,Center-Forward,1998,2011,,,,,,,,,,
203121,Darius Miller,0,1990-03-21,Kentucky,USA,6-6,225.0,6.0,,Forward,2012,2020,2012.0,2,16.0,46,Kentucky,College/University,79.5,81.0,37.0,14.0
77602,Dick Miller,0,1958-04-26,Toledo,USA,6-6,215.0,1.0,30,Forward,1980,1980,1980.0,2,17.0,40,Toledo,College/University,,,,
77599,Eddie Miller,0,1931-06-18,Syracuse,USA,6-8,225.0,2.0,,Forward,1952,1953,1952.0,0,0.0,0,Syracuse,College/University,,,,
77600,Harry Miller,0,1923-07-28,North Carolina,USA,6-4,230.0,1.0,,Center,1946,1946,,,,,,,,,,
1630627,Isaiah Miller,1,1997-11-09,North Carolina-Greensboro,USA,,,0.0,,,,,,,,,,,,,,
77601,Jay Miller,0,1943-07-19,Notre Dame,USA,6-5,205.0,2.0,12,Forward,1967,1968,,,,,,,,,,
1626259,Malcolm Miller,0,1993-03-06,Holy Cross,USA,6-7,210.0,4.0,13,Guard-Forward,2017,2019,,,,,,,,,,
2034,Mike Miller,0,1980-02-19,Florida,USA,6-8,218.0,18.0,3,Guard-Forward,2000,2016,2000.0,1,5.0,5,Florida,College/University,,,,
932,Oliver Miller,0,1970-04-06,Arkansas,USA,6-9,315.0,10.0,3,Center,1992,2003,1992.0,1,22.0,22,Arkansas,College/University,,,,
203113,Quincy Miller,0,1992-11-18,Baylor,USA,6-9,210.0,4.0,34,Forward,2012,2014,2012.0,2,8.0,38,Baylor,College/University,82.0,85.25,36.0,8.0
397,Reggie Miller,0,,nan,,,,,,,,,1987.0,1,11.0,11,California-Los Angeles,College/University,,,,
77604,Walt Miller,0,1915-07-30,Duquesne,USA,6-2,190.0,1.0,,Forward,1946,1946,,,,,,,,,,
168,Chris Mills,0,1970-01-25,Arizona,USA,6-7,220.0,11.0,34,Forward,1993,2002,1993.0,1,22.0,22,Arizona,College/University,,,,
77606,John Mills,0,1919-09-07,Western Kentucky,USA,6-8,203.0,1.0,,Center,1946,1946,,,,,,,,,,
201988,Patty Mills,1,,nan,,,,,,,,,2009.0,2,25.0,55,St. Mary's (CA),College/University,72.5,74.0,33.0,8.0
371,Terry Mills,0,1967-12-21,Michigan,USA,,,11.0,,Forward,1990,2000,1990.0,1,16.0,16,Michigan,College/University,,,,
202407,Elijah Millsap,0,1987-08-12,Alabama-Birmingham,USA,6-7,215.0,4.0,22,Guard-Forward,2014,2016,,,,,,,,,,
200794,Paul Millsap,0,1985-02-10,Louisiana Tech,USA,6-7,257.0,17.0,8,Forward,2006,2021,2006.0,2,17.0,47,Louisiana Tech,College/University,,,,
1629003,Shake Milton,1,1996-09-26,Southern Methodist,USA,6-5,205.0,5.0,18,Guard-Forward,2018,2023,2018.0,2,24.0,54,Southern Methodist,College/University,77.5,84.75,33.0,2.0
114,Harold Miner,0,1971-05-05,Southern California,USA,6-5,210.0,4.0,4,Guard,1992,1995,1992.0,1,12.0,12,Southern California,College/University,,,,
77609,Dirk Minniefield,0,,nan,,,,,,,,,1983.0,2,9.0,33,Kentucky,College/University,,,,
77610,Dave Minor,0,1922-02-23,UCLA,USA,6-2,185.0,2.0,8,Guard,1951,1952,,,,,,,,,,
65,Greg Minor,0,1971-09-08,Louisville,USA,6-6,210.0,5.0,,Guard,1994,1998,1994.0,1,25.0,25,Louisville,College/University,,,,
77612,Mark Minor,0,,nan,,,,,,,,,1972.0,11,9.0,165,Ohio State,College/University,,,,
1631169,Josh Minott,1,2002-11-25,Memphis,USA,6-8,205.0,1.0,8,Forward,2022,2023,2022.0,2,15.0,45,Memphis,College/University,,,,
202703,Nikola Mirotic,0,1991-02-11,Real Madrid,Montenegro,6-10,250.0,6.0,41,Forward,2014,2018,2011.0,1,23.0,23,Real Madrid Baloncesto (Spain),Other Team/Club,,,,
77613,Wat Misaka,0,1923-12-21,Utah,USA,5-7,150.0,1.0,15,Guard,1947,1947,1947.0,0,0.0,0,Utah,College/University,,,,
1954,Jason Miskiri,0,1975-08-19,George Mason,USA,6-2,185.0,2.0,,Guard,1999,1999,,,,,,,,,,
1630558,Davion Mitchell,1,1998-09-05,Baylor,USA,6-0,202.0,2.0,15,Guard,2021,2023,2021.0,1,9.0,9,Baylor,College/University,,,,
1628378,Donovan Mitchell,1,1996-09-07,Louisville,USA,6-1,215.0,6.0,45,Guard,2017,2023,2017.0,1,13.0,13,Louisville,College/University,75.0,82.0,40.5,10.0
77615,Mike Mitchell,0,1956-01-01,Auburn,USA,6-7,215.0,10.0,34,Forward,1978,1987,1978.0,1,15.0,15,Auburn,College/University,,,,
77616,Murray Mitchell,0,1923-03-19,Sam Houston State,USA,6-6,,1.0,,Center,1949,1949,1948.0,0,0.0,0,Sam Houston State,College/University,,,,
417,Sam Mitchell,0,1963-09-02,Mercer,USA,6-7,215.0,13.0,42,Forward,1989,2001,1985.0,3,7.0,54,Mercer,College/University,,,,
77614,Todd Mitchell,0,,nan,,,,,,,,,1988.0,2,18.0,43,Purdue,College/University,,,,
203183,Tony Mitchell,0,1989-08-07,Alabama,USA,6-6,216.0,2.0,,Forward,2013,2013,,,,,,,78.25,82.0,40.0,14.0
203502,Tony Mitchell,0,1992-04-07,North Texas,USA,,,3.0,,,2013,2016,2013.0,2,7.0,37,North Texas,College/University,80.75,86.5,38.0,13.0
1630342,Trhae Mitchell,1,,nan,,,,,,,,,,,,,,,,,,
1628513,Naz Mitrou-Long,0,1993-08-03,Iowa State,Canada,6-3,218.0,4.0,15,Guard,2017,2019,,,,,,,,,,
77618,Steve Mix,0,1947-12-30,Toledo,USA,6-7,215.0,13.0,50,Forward,1969,1982,1969.0,5,4.0,61,Toledo,College/University,,,,
77619,Bill Mlkvy,0,1931-01-19,Temple,USA,6-4,190.0,1.0,16,Forward,1952,1952,1952.0,0,0.0,0,Temple,College/University,,,,
1749,Cuttino Mobley,0,1975-09-01,Rhode Island,USA,6-4,215.0,12.0,32,Guard,1998,2008,1998.0,2,12.0,41,Rhode Island,College/University,,,,
211,Eric Mobley,0,1970-02-01,Pittsburgh,USA,6-11,235.0,3.0,,Center,1994,1996,1994.0,1,18.0,18,Pittsburgh,College/University,,,,
1630596,Evan Mobley,1,2001-06-18,Southern California,USA,6-11,215.0,2.0,4,Center,2021,2023,2021.0,1,3.0,3,Southern California,College/University,,,,
1630600,Isaiah Mobley,1,1999-09-24,Southern California,USA,6-8,238.0,1.0,15,Forward,2022,2023,2022.0,2,19.0,49,Southern California,College/University,,,,
77621,Larry Moffett,0,1954-11-05,UNLV,USA,6-8,210.0,1.0,41,Forward,1977,1977,1977.0,2,12.0,34,Nevada-Las Vegas,College/University,,,,
77622,Leo Mogus,0,1921-04-13,Youngstown State,USA,6-4,190.0,4.0,18,Forward,1946,1950,,,,,,,,,,
1737,Nazr Mohammed,0,,nan,,,,,,,,,1998.0,1,29.0,29,Kentucky,College/University,,,,
2040,Jerome Moiso,0,1978-06-15,UCLA,France,6-10,260.0,5.0,,Forward,2000,2004,2000.0,1,11.0,11,California-Los Angeles,College/University,,,,
77623,Paul Mokeski,0,1957-01-03,Kansas,USA,7-0,250.0,12.0,44,Center,1979,1990,1979.0,2,20.0,42,Kansas,College/University,,,,
1629690,Adam Mokoka,0,1998-07-18,Mega Basket,France,6-4,190.0,3.0,20,Guard,2019,2020,,,,,,,,,,
77624,Jack Molinas,0,1931-10-01,Columbia,USA,6-6,200.0,1.0,6,Forward,1953,1953,1953.0,1,3.0,3,Columbia,College/University,,,,
77625,Wayne Molis,0,1943-04-17,Lewis,USA,6-8,230.0,1.0,18,Forward,1966,1966,1965.0,10,1.0,75,Lewis,College/University,,,,
77626,Sidney Moncrief,0,1957-09-21,Arkansas,USA,6-4,180.0,11.0,4,Guard,1979,1990,1979.0,1,5.0,5,Arkansas,College/University,,,,
1631320,Chima Moneke,1,1995-12-24,Cal-Davis,Nigeria,6-5,223.0,1.0,,Forward,2022,2022,,,,,,,,,,
77627,Eric Money,0,1955-02-06,Arizona,USA,6-0,170.0,6.0,14,Guard,1974,1979,1974.0,2,15.0,33,Arizona,College/University,,,,
2752,Sergei Monia,0,,nan,,,,,,,,,2004.0,1,23.0,23,PBC CSKA Moscow (Russia),Other Team/Club,,,,
1628370,Malik Monk,1,1998-02-04,Kentucky,USA,6-3,200.0,6.0,0,Guard,2017,2023,2017.0,1,11.0,11,Kentucky,College/University,,,,
600006,Earl Monroe,0,,nan,,,,,,,,,1967.0,1,2.0,2,Winston-Salem State,College/University,,,,
202328,Greg Monroe,0,1990-06-04,Georgetown,USA,6-10,250.0,11.0,15,Forward-Center,2010,2021,2010.0,1,7.0,7,Georgetown,College/University,83.0,86.25,29.0,15.0
77628,Rodney Monroe,0,1968-04-16,North Carolina State,USA,6-3,185.0,1.0,12,Guard,1991,1991,1991.0,2,3.0,30,North Carolina State,College/University,,,,
1626242,Luis Montero,0,,nan,,,,,,,,,,,,,,,,,,
77630,Howie Montgomery,0,1940-08-22,Texas-Pan American,USA,6-4,220.0,1.0,43,Forward,1962,1962,1962.0,7,7.0,59,Texas-Pan American,College/University,,,,
376,Eric Montross,0,1971-09-23,North Carolina,USA,7-0,270.0,9.0,00,Center,1994,2002,1994.0,1,9.0,9,North Carolina,College/University,,,,
1630541,Moses Moody,1,2002-05-31,Arkansas,USA,6-5,211.0,2.0,4,Guard,2021,2023,2021.0,1,14.0,14,Arkansas,College/University,,,,
200081,Jamario Moon,0,1980-06-13,Meridian CC,USA,6-8,205.0,6.0,9,Forward,2007,2011,,,,,,,,83.5,43.0,0.0
1629875,Xavier Moon,1,1995-01-02,Morehead State,USA,6-0,165.0,2.0,15,Guard,2021,2023,,,,,,,,,,
77631,Jim Mooney,0,1930-07-08,Villanova,USA,6-5,215.0,1.0,7,Forward,1952,1952,,,,,,,,,,
1629760,Matt Mooney,0,1995-02-07,Texas Tech,USA,6-2,199.0,2.0,,Guard,2019,2021,,,,,,,,,,
77632,Andre Moore,0,1964-07-02,Loyola-Chicago,USA,6-9,215.0,1.0,53,Forward,1987,1987,1987.0,2,8.0,31,Loyola-Chicago,College/University,,,,
1628500,Ben Moore,0,1995-05-13,Southern Methodist,USA,6-8,220.0,2.0,26,Forward,2017,2018,,,,,,,,,,
202734,E'Twaun Moore,0,1989-02-25,Purdue,USA,6-3,191.0,11.0,55,Guard,2011,2020,2011.0,2,25.0,55,Purdue,College/University,76.0,81.5,34.5,
77634,Jackie Moore,0,1932-09-24,La Salle,USA,6-5,180.0,3.0,4-14,Forward,1954,1956,,,,,,,,,,
77633,Johnny Moore,0,1958-03-03,Texas-Austin,USA,6-1,175.0,9.0,00,Guard,1980,1989,1979.0,2,21.0,43,Texas,College/University,,,,
77635,Lowes Moore,0,1957-05-05,West Virginia,USA,6-1,170.0,3.0,13,Guard,1980,1982,1980.0,3,6.0,52,West Virginia,College/University,,,,
1630,Mikki Moore,0,1975-11-04,Nebraska,USA,7-0,225.0,14.0,31,Forward-Center,1998,2011,,,,,,,,,,
77636,Otto Moore,0,1946-08-27,Texas-Pan American,USA,6-11,205.0,9.0,34,Center,1968,1976,1968.0,1,6.0,6,Texas-Pan American,College/University,,,,
77637,Ron Moore,0,1962-01-16,West Virginia State,USA,7-0,260.0,1.0,53,Center,1987,1987,1987.0,2,2.0,25,West Virginia State,College/University,,,,
929,Tracy Moore,0,1965-12-28,Tulsa,USA,6-4,200.0,5.0,,Guard,1991,1996,,,,,,,,,,
1631111,Wendell Moore Jr.,1,2001-09-18,Duke,USA,6-5,215.0,1.0,7,Guard,2022,2023,2022.0,1,26.0,26,Duke,College/University,77.5,84.5,38.5,
1629630,Ja Morant,1,1999-08-10,Murray State,USA,6-2,174.0,4.0,12,Guard,2019,2023,2019.0,1,2.0,2,Murray State,College/University,,,,
203961,Eric Moreland,0,1991-12-24,Oregon State,USA,6-10,238.0,5.0,15,Forward-Center,2014,2018,,,,,,,,,,
77639,Jackie Moreland,0,1938-03-11,Louisiana Tech,USA,6-7,215.0,5.0,15,Forward,1960,1964,1960.0,1,4.0,4,Louisiana Tech,College/University,,,,
77640,Guy Morgan,0,1960-08-23,Wake Forest,USA,6-8,205.0,1.0,35,Guard,1982,1982,1982.0,2,17.0,40,Wake Forest,College/University,,,,
1629752,Juwan Morgan,0,1997-04-17,Indiana,USA,6-7,232.0,4.0,16,Forward,2019,2021,,,,,,,,,,
77641,Rex Morgan,0,,nan,,,,,,,,,1970.0,2,4.0,21,Jacksonville,College/University,,,,
77642,Elmo Morgenthaler,0,1922-08-03,New Mexico Tech,USA,6-9,230.0,2.0,17,Center,1946,1948,,,,,,,,,,
77644,Darren Morningstar,0,1969-04-22,Pittsburgh,USA,6-10,235.0,1.0,55,Center,1993,1993,1992.0,2,20.0,47,Pittsburgh,College/University,,,,
356,Chris Morris,0,1966-01-20,Auburn,USA,6-8,228.0,11.0,34,Forward,1988,1998,1988.0,1,4.0,4,Auburn,College/University,,,,
202721,Darius Morris,0,1991-01-03,Michigan,USA,6-4,195.0,5.0,14,Guard,2011,2014,2011.0,2,11.0,41,Michigan,College/University,77.25,79.5,32.0,12.0
77647,Isaiah Morris,0,1969-04-02,Arkansas,USA,6-8,229.0,1.0,35,Forward,1992,1992,1992.0,2,10.0,37,Arkansas,College/University,,,,
1628537,Jaylen Morris,0,1995-09-19,Molloy,USA,6-5,185.0,3.0,,Guard,2017,2021,,,,,,,,,,
202693,Markieff Morris,1,1989-09-02,Kansas,USA,6-9,245.0,12.0,13,Forward,2011,2023,2011.0,1,13.0,13,Kansas,College/University,81.25,82.75,31.5,11.0
77646,Max Morris,0,1925-03-14,Northwestern,USA,6-2,195.0,1.0,,Forward,1949,1949,,,,,,,,,,
1628420,Monte Morris,1,1995-06-27,Iowa State,USA,6-2,183.0,6.0,22,Guard,2017,2023,2017.0,2,21.0,51,Iowa State,College/University,74.5,76.0,33.5,8.0
201043,Randolph Morris,0,1986-01-02,Kentucky,USA,6-11,275.0,5.0,33,Center,2006,2009,,,,,,,,,,
2242,Terence Morris,0,1979-01-11,Maryland,USA,,,3.0,,,2001,2008,2001.0,2,5.0,33,Maryland,College/University,,,,
202694,Marcus Morris Sr.,1,,nan,,,,,,,,,2011.0,1,14.0,14,Kansas,College/University,80.75,82.0,33.0,11.0
200747,Adam Morrison,0,1984-07-19,Gonzaga,USA,6-8,205.0,4.0,6,Forward,2006,2009,2006.0,1,3.0,3,Gonzaga,College/University,,,,
77648,Dwight Morrison,0,,nan,,,,,,,,,1954.0,2,5.0,14,Idaho,College/University,,,,
77649,Mike Morrison,0,1967-08-16,Loyola-Maryland,USA,6-4,195.0,1.0,32,Guard,1989,1989,1989.0,2,24.0,51,Loyola-Maryland,College/University,,,,
201627,Anthony Morrow,0,1985-09-27,Georgia Tech,USA,6-5,210.0,10.0,11,Guard,2008,2016,,,,,,,,,,
132,Dwayne Morton,0,1971-08-10,Louisville,USA,6-7,195.0,1.0,50,Guard,1994,1994,1994.0,2,18.0,45,Louisville,College/University,,,,
1972,John Morton,0,1967-05-18,Seton Hall,USA,6-3,180.0,3.0,23,Forward,1989,1991,1989.0,1,25.0,25,Seton Hall,College/University,,,,
77652,Richard Morton,0,,nan,,,,,,,,,,,,,,,,,,
77653,Glenn Mosley,0,1955-12-26,Seton Hall,USA,6-8,195.0,2.0,34,Forward,1977,1978,1977.0,1,20.0,20,Seton Hall,College/University,,,,
77654,Perry Moss,0,1958-11-11,Northeastern,USA,6-2,185.0,2.0,10,Guard,1985,1986,1982.0,3,23.0,69,Northeastern,College/University,,,,
734,Lawrence Moten,0,1972-03-25,Syracuse,USA,6-5,185.0,3.0,,Guard,1995,1997,1995.0,2,7.0,36,Syracuse,College/University,,,,
202700,Donatas Motiejunas,0,1990-09-20,Lithuania,Lithuania,7-0,220.0,7.0,28,Forward-Center,2012,2018,2011.0,1,20.0,20,Universo Treviso Basket (Italy),Other Team/Club,,,,
1628405,Johnathan Motley,0,1995-05-04,Baylor,USA,6-8,230.0,4.0,15,Forward,2017,2019,,,,,,,80.75,88.0,,
2069,Hanno Mottola,0,1976-09-09,Utah,Finland,6-11,247.0,2.0,13,Center-Forward,2000,2001,2000.0,2,11.0,40,Utah,College/University,,,,
203102,Arnett Moultrie,0,1990-11-18,Mississippi State,USA,6-10,240.0,2.0,5,Forward,2012,2013,2012.0,1,27.0,27,Mississippi State,College/University,82.75,86.25,37.5,10.0
297,Alonzo Mourning,0,1970-02-08,Georgetown,USA,6-10,261.0,16.0,33,Center,1992,2007,1992.0,1,2.0,2,Georgetown,College/University,,,,
202389,Timofey Mozgov,0,1986-07-16,Khimki,Russia,7-1,275.0,10.0,21,Center,2010,2018,,,,,,,,,,
77657,Chuck Mrazovich,0,1924-02-26,Eastern Kentucky,USA,6-5,185.0,1.0,,Forward,1950,1950,1950.0,3,0.0,0,Eastern Kentucky,College/University,,,,
1626144,Emmanuel Mudiay,0,1996-03-05,Guangdong,DRC,6-3,200.0,7.0,,Guard,2015,2021,2015.0,1,7.0,7,Guangdong Southern Tigers (China),Other Team/Club,,,,
77658,Erwin Mueller,0,1944-03-12,San Francisco,USA,6-8,230.0,7.0,51,Forward,1966,1972,,,,,,,,,,
203498,Shabazz Muhammad,0,,nan,,,,,,,,,2013.0,1,14.0,14,California-Los Angeles,College/University,78.25,83.0,37.0,10.0
1628539,Mychal Mulder,1,,nan,,,,,,,,,,,,,,,,,,
77659,Joe Mullaney,0,,nan,,,,,,,,,1949.0,3,0.0,0,Holy Cross,College/University,,,,
77660,Bob Mullens,0,,nan,,,,,,,,,,,,,,,,,,
201957,Byron Mullens,0,1989-02-14,Ohio State,USA,7-0,275.0,5.0,30,Center,2009,2013,2009.0,1,24.0,24,Ohio State,College/University,85.25,85.5,32.5,10.0
904,Chris Mullin,0,1963-07-30,St. John's (NY),USA,,,16.0,17,Forward,1985,2000,1985.0,1,7.0,7,St. John's (NY),College/University,,,,
77662,Jeff Mullins,0,,nan,,,,,,,,,1964.0,1,5.0,5,Duke,College/University,,,,
942,Todd Mundt,0,,nan,,,,,,,,,,,,,,,,,,
204098,Xavier Munford,0,1992-06-01,Rhode Island,USA,6-4,173.0,2.0,0,Guard,2015,2017,,,,,,,,,,
77664,Chris Munk,0,,nan,,,,,,,,,,,,,,,,,,
77665,George Munroe,0,1922-01-05,Dartmouth,USA,5-11,170.0,2.0,6,Guard,1946,1947,,,,,,,,,,
785,Eric Murdock,0,,nan,,,,,,,,,1991.0,1,21.0,21,Providence,College/University,,,,
49,Gheorghe Muresan,0,1971-02-14,Pau Orthez,Romania,7-7,303.0,7.0,77,Center,1993,1999,1993.0,2,3.0,30,Elan Bearnais Pau-Orthez (France),Other Team/Club,,,,
1630278,Ade Murkey,0,1998-01-29,Denver,USA,6-5,200.0,1.0,,Guard,2021,2021,,,,,,,,,,
77668,Allen Murphy,0,1952-07-15,Louisville,USA,6-4,190.0,1.0,20,Guard,1976,1976,1975.0,2,17.0,35,Louisville,College/University,,,,
77669,Calvin Murphy,0,1948-05-09,Niagara,USA,5-9,165.0,13.0,23,Guard,1970,1982,1970.0,2,1.0,18,Niagara,College/University,,,,
77672,Dick Murphy,0,,nan,,,,,,,,,,,,,,,,,,
203513,Erik Murphy,0,1990-10-26,Florida,Finland,6-10,230.0,1.0,33,Forward,2013,2013,2013.0,2,19.0,49,Florida,College/University,81.5,82.5,29.5,13.0
77670,Jay Murphy,0,1962-06-26,Boston College,USA,6-9,220.0,4.0,42,Forward,1984,1987,1984.0,2,7.0,31,Boston College,College/University,,,,
77671,John Murphy,0,1924-09-13,Simon Gratz HS (PA),USA,6-2,175.0,1.0,12,Forward,1946,1946,,,,,,,,,,
203122,Kevin Murphy,0,1990-03-06,Tennessee Tech,USA,6-6,185.0,2.0,55,Guard,2012,2012,2012.0,2,17.0,47,Tennessee Tech,College/University,78.25,78.75,36.5,11.0
77673,Ronnie Murphy,0,1964-07-29,Jacksonville,USA,6-5,225.0,1.0,34,Forward,1987,1987,1987.0,1,17.0,17,Jacksonville,College/University,,,,
77674,Tod Murphy,0,1963-12-24,California-Irvine,USA,6-9,220.0,5.0,41,Center,1987,1993,1986.0,3,6.0,53,California-Irvine,College/University,,,,
2211,Troy Murphy,0,1980-05-02,Notre Dame,USA,6-11,245.0,12.0,,Forward-Center,2001,2012,2001.0,1,14.0,14,Notre Dame,College/University,,83.0,34.5,11.0
1630530,Trey Murphy III,1,2000-06-18,Virginia,USA,6-8,206.0,2.0,25,Forward,2021,2023,2021.0,1,17.0,17,Virginia,College/University,,,,
1627749,Dejounte Murray,1,1996-09-19,Washington,USA,6-5,180.0,6.0,5,Guard,2016,2023,2016.0,1,29.0,29,Washington,College/University,,,,
2436,Flip Murray,0,1979-07-29,Shaw,USA,6-3,200.0,9.0,6,Guard,2002,2009,2002.0,2,13.0,41,Shaw,College/University,,,,
1627750,Jamal Murray,1,1997-02-23,Kentucky,Canada,6-4,215.0,6.0,27,Guard,2016,2023,2016.0,1,7.0,7,Kentucky,College/University,,,,
1631099,Keegan Murray,1,2000-08-19,Iowa,USA,6-8,225.0,1.0,13,Forward,2022,2023,2022.0,1,4.0,4,Iowa,College/University,,,,
77675,Ken Murray,0,1928-04-20,St. Bonaventure,USA,6-2,190.0,3.0,4,Guard,1950,1954,1950.0,4,0.0,0,St. Bonaventure,College/University,,,,
441,Lamond Murray,0,1973-04-20,California,USA,6-7,235.0,11.0,31,Forward,1994,2005,1994.0,1,7.0,7,California,College/University,,,,
145,Tracy Murray,0,1971-07-25,UCLA,USA,6-7,230.0,13.0,,Forward,1992,2003,1992.0,1,18.0,18,California-Los Angeles,College/University,,,,
77676,Dorie Murrey,0,1943-09-07,Detroit,USA,6-8,215.0,6.0,40,Forward,1966,1971,,,,,,,,,,
203315,Toure' Murry,0,1989-11-08,Wichita State,USA,6-5,195.0,3.0,,Forward,2013,2014,,,,,,,,,,
1629058,Dzanan Musa,0,1999-05-08,Cedevita,Bosnia and Herzegovina,6-9,217.0,3.0,13,Guard-Forward,2018,2019,2018.0,1,29.0,29,KK Cedevita (Croatia),Other Team/Club,,,,
203488,Mike Muscala,1,1991-07-01,Bucknell,USA,6-11,240.0,10.0,57,Forward-Center,2013,2023,2013.0,2,14.0,44,Bucknell,College/University,83.5,85.0,33.5,5.0
77677,Angelo Musi,0,1918-07-25,Temple,USA,5-9,145.0,3.0,5,Guard,1946,1948,,,,,,,,,,
1054,Jerrod Mustaf,0,1969-10-28,Maryland,USA,6-10,238.0,4.0,0,Forward,1990,1993,1990.0,1,17.0,17,Maryland,College/University,,,,
87,Dikembe Mutombo,0,1966-06-25,Georgetown,Congo,7-2,260.0,19.0,55,Center,1991,2008,1991.0,1,4.0,4,Georgetown,College/University,,,,
982,Martin Muursepp,0,1974-09-26,Maccabi Tel Aviv,Estonia,6-9,235.0,2.0,13,Forward,1996,1997,1996.0,1,25.0,25,BC Kalev/Cramo (Estonia),Other Team/Club,,,,
939,Pete Myers,0,1963-09-15,Arkansas-Little Rock,USA,6-6,180.0,9.0,,Guard,1986,1997,1986.0,6,4.0,120,Arkansas-Little Rock,College/University,,,,
1629004,Svi Mykhailiuk,1,1997-06-10,Kansas,Ukraine,6-7,205.0,5.0,17,Guard-Forward,2018,2023,2018.0,2,17.0,47,Kansas,College/University,79.5,77.0,33.0,8.0
1823,Makhtar N'diaye,0,,nan,,,,,,,,,,,,,,,,,,
1626122,Makhtar N'diaye,0,1973-12-12,North Carolina,,6-8,245.0,1.0,40,Forward,1998,1998,,,,,,,,,,
2055,Mamadou N'diaye,0,1975-06-16,Auburn,Senegal,7-0,255.0,6.0,34,Center,2000,2004,2000.0,1,26.0,26,Auburn,College/University,,,,
77681,Bob Naber,0,1929-09-03,Louisville,USA,6-3,185.0,1.0,,Forward,1952,1952,,,,,,,,,,
77682,Boris Nachamkin,0,1933-12-06,New York University,USA,6-6,210.0,1.0,17,Forward,1954,1954,1954.0,2,7.0,16,New York University,College/University,,,,
2411,Bostjan Nachbar,0,1980-07-03,Benetton Treviso,Slovenia,6-9,221.0,7.0,7,Forward,2002,2007,2002.0,1,15.0,15,Universo Treviso Basket (Italy),Other Team/Club,,,,
1627846,Abdel Nader,0,1993-09-25,Iowa State,Egypt,6-5,225.0,5.0,,Forward,2017,2021,2016.0,2,28.0,58,Iowa State,College/University,,,,
77683,Jerry Nagel,0,1928-05-18,Loyola-Chicago,USA,6-0,190.0,1.0,9,Guard,1949,1949,1949.0,4,0.0,0,Loyola-Chicago,College/University,,,,
77684,Fred Nagy,0,1924-01-03,Akron,USA,6-1,185.0,1.0,,Guard,1948,1948,1947.0,0,0.0,0,Akron,College/University,,,,
1924,Lee Nailon,0,1975-02-22,TCU,USA,6-9,241.0,6.0,,Forward,2000,2005,1999.0,2,14.0,43,Texas Christian,College/University,,,,
2059,Eduardo Najera,0,1976-07-11,Oklahoma,Mexico,6-8,235.0,13.0,21,Forward,2000,2011,2000.0,2,9.0,38,Oklahoma,College/University,,,,
77685,Larry Nance,0,,nan,,,,,,,,,1981.0,1,20.0,20,Clemson,College/University,,,,
1626204,Larry Nance Jr.,1,1993-01-01,Wyoming,USA,6-8,245.0,8.0,22,Forward-Center,2015,2023,2015.0,1,27.0,27,Wyoming,College/University,,,,
203894,Shabazz Napier,0,,nan,,,,,,,,,,,,,,,73.0,75.25,37.5,
77686,Paul Napolitano,0,1923-02-03,San Francisco,USA,6-2,185.0,1.0,,Guard,1948,1948,1947.0,0,0.0,0,San Francisco,College/University,,,,
77688,Bob Nash,0,1950-08-24,Hawaii,USA,6-8,195.0,4.0,55,Forward,1972,1978,1972.0,1,9.0,9,Hawaii,College/University,,,,
77687,Charles Nash,0,1942-07-24,Kentucky,USA,6-5,215.0,1.0,17,Forward,1964,1964,1964.0,2,5.0,12,Kentucky,College/University,,,,
959,Steve Nash,0,1974-02-07,Santa Clara,Canada,6-3,178.0,19.0,10,Guard,1996,2013,1996.0,1,15.0,15,Santa Clara,College/University,,,,
77689,Swen Nater,0,1950-01-14,UCLA,USA,6-11,240.0,8.0,41,Center,1976,1983,1973.0,1,16.0,16,California-Los Angeles,College/University,,,,
77690,Howard Nathan,0,1972-01-21,Louisiana-Monroe,USA,5-11,175.0,1.0,14,Guard,1995,1995,,,,,,,,,,
77691,Calvin Natt,0,,nan,,,,,,,,,1979.0,1,8.0,8,Louisiana-Monroe,College/University,,,,
77692,Kenny Natt,0,1958-10-05,Louisiana-Monroe,USA,6-3,185.0,3.0,2,Guard,1980,1984,1980.0,2,7.0,30,Louisiana-Monroe,College/University,,,,
77693,Willie Naulls,0,1934-10-07,UCLA,USA,6-6,225.0,10.0,12,Forward,1956,1965,1956.0,0,0.0,0,California-Los Angeles,College/University,,,,
2434,Juan Carlos Navarro,0,,nan,,,,,,,,,2002.0,2,11.0,39,FC Barcelona Basquet (Spain),Other Team/Club,,,,
202380,Hamady Ndiaye,0,1987-01-12,Rutgers,Senegal,7-0,235.0,3.0,,Center,2010,2013,2010.0,2,26.0,56,Rutgers,College/University,,,,
101238,Boniface Ndong,0,1977-09-03,Dijon,Senegal,7-0,205.0,1.0,,Center,2005,2005,,,,,,,,,,
1626254,Maurice Ndour,0,1992-06-18,Ohio,Senegal,6-9,200.0,2.0,2,Forward,2016,2016,,,,,,,,,,
77694,Craig Neal,0,1964-02-16,Georgia Tech,USA,6-5,165.0,2.0,22,Guard,1988,1990,1988.0,3,21.0,71,Georgia Tech,College/University,,,,
202390,Gary Neal,0,1984-10-03,Towson,USA,6-4,210.0,7.0,,Guard,2010,2016,,,,,,,,,,
77695,Jim Neal,0,1930-05-21,Wofford,USA,6-11,235.0,2.0,,Center,1953,1954,1953.0,1,6.0,6,Wofford,College/University,,,,
77696,Lloyd Neal,0,,nan,,,,,,,,,1972.0,3,1.0,31,Tennessee State,College/University,,,,
77697,Ed Nealy,0,1960-02-19,Kansas State,USA,6-7,238.0,10.0,45,Forward,1982,1992,1982.0,8,5.0,166,Kansas State,College/University,,,,
203517,Nemanja Nedovic,0,,nan,,,,,,,,,2013.0,1,30.0,30,BC Lietuvos rytas (Lithuania),Other Team/Club,,,,
77698,Al Negratti,0,1921-06-12,Seton Hall,USA,6-3,200.0,1.0,,Forward,1946,1946,,,,,,,,,,
77699,Barry Nelson,0,,nan,,,,,,,,,1971.0,5,17.0,85,Duquesne,College/University,,,,
201634,DeMarcus Nelson,0,1985-11-02,Duke,USA,6-4,200.0,2.0,21,Guard,2008,2008,,,,,,,74.25,82.0,38.5,19.0
77700,Don Nelson,0,1940-05-15,Iowa,USA,6-6,210.0,14.0,19,Forward,1962,1975,1962.0,3,1.0,17,Iowa,College/University,,,,
2749,Jameer Nelson,0,1982-02-09,St. Joseph's (PA),USA,6-0,190.0,15.0,41,Guard,2004,2017,2004.0,1,20.0,20,Saint Joseph's,College/University,72.5,74.5,33.5,15.0
77701,Louie Nelson,0,1951-05-28,Washington,USA,6-3,190.0,5.0,11,Guard,1973,1977,1973.0,2,1.0,19,Washington,College/University,,,,
1629614,Andrew Nembhard,1,,nan,,,,,,,,,2022.0,2,1.0,31,Gonzaga,College/University,76.5,77.75,35.0,
1129,Ruben Nembhard,0,1972-02-20,Weber State,USA,6-3,208.0,1.0,,Guard,1996,1996,,,,,,,,,,
1630612,RJ Nembhard Jr.,1,1999-03-22,Texas Christian,USA,6-4,200.0,2.0,5,Guard,2021,2021,,,,,,,,,,
2403,Nene,0,,nan,,,,,,,,,2002.0,1,7.0,7,CR Vasco da Gama (Brazil),Other Team/Club,,,,
1838,Tyrone Nesby,0,1976-01-31,UNLV,USA,6-6,245.0,4.0,8,Forward-Guard,1998,2001,,,,,,,,,,
1630174,Aaron Nesmith,1,1999-10-16,Vanderbilt,USA,6-5,215.0,3.0,23,Guard-Forward,2020,2023,2020.0,1,14.0,14,Vanderbilt,College/University,,,,
77704,Martin Nessley,0,1965-02-16,Duke,USA,7-2,260.0,1.0,51,Forward,1987,1987,1987.0,6,2.0,116,Duke,College/University,,,,
1725,Rasho Nesterovic,0,1976-05-30,Virtus Bologna,Slovenia,7-0,255.0,13.0,12,Center,1998,2009,1998.0,1,17.0,17,Virtus Pallacanestro Bologna (Italy),Other Team/Club,,,,
203526,Raul Neto,1,1992-05-19,Murcia,Brazil,6-2,180.0,8.0,19,Guard,2015,2023,2013.0,2,17.0,47,San Sebastian Gipuzkoa BC (Spain),Other Team/Club,,,,
77705,Johnny Neumann,0,1951-09-11,Mississippi,USA,6-6,200.0,2.0,21,Guard,1976,1977,1973.0,6,12.0,98,Mississippi,College/University,,,,
77706,Paul Neumann,0,1938-01-30,Stanford,USA,6-1,175.0,6.0,15,Guard,1961,1966,1959.0,4,5.0,27,Stanford,College/University,,,,
77707,Chuck Nevitt,0,,nan,,,,,,,,,1982.0,3,17.0,63,North Carolina State,College/University,,,,
1116,Melvin Newbern,0,1967-06-11,Minnesota,USA,6-4,200.0,1.0,23,Guard,1992,1992,,,,,,,,,,
1096,Ivano Newbill,0,,nan,,,,,,,,,,,,,,,,,,
1956,Ira Newble,0,1975-01-20,Miami (Ohio),USA,6-7,220.0,9.0,14,Guard-Forward,2000,2007,,,,,,,,,,
77710,Mike Newlin,0,,nan,,,,,,,,,1971.0,2,7.0,24,Utah,College/University,,,,
271,Johnny Newman,0,1963-11-28,Richmond,USA,6-7,210.0,16.0,2,Forward,1986,2001,1986.0,2,5.0,29,Richmond,College/University,,,,
1629005,Malik Newman,0,1997-02-21,Kansas,USA,6-3,190.0,2.0,,Guard,2019,2021,,,,,,,75.25,77.5,33.5,
77712,Dave Newmark,0,1946-09-11,Columbia,USA,7-0,240.0,2.0,29,Center,1968,1969,1968.0,3,9.0,31,Columbia,College/University,,,,
1627777,Georges Niang,1,1993-06-17,Iowa State,USA,6-7,230.0,7.0,20,Forward,2016,2023,2016.0,2,20.0,50,Iowa State,College/University,,,,
201193,Demetris Nichols,0,,nan,,,,,,,,,2007.0,2,23.0,53,Syracuse,College/University,79.5,84.25,32.5,16.0
77713,Jack Nichols,0,1926-04-09,Washington,USA,6-7,222.0,9.0,16,Center,1948,1957,1948.0,1,12.0,12,Washington,College/University,,,,
203094,Andrew Nicholson,0,1989-12-08,St. Bonaventure,Canada,6-9,250.0,6.0,44,Forward,2012,2016,2012.0,1,19.0,19,St. Bonaventure,College/University,81.5,88.0,30.5,10.0
1093,Gaylon Nickerson,0,1969-02-06,Nortwestern Oklahoma State,USA,6-3,190.0,1.0,,Guard,1996,1996,1994.0,2,7.0,34,Oklahoma State,College/University,,,,
77715,Carl Nicks,0,1958-10-06,Indiana State,USA,6-1,175.0,3.0,24,Guard,1980,1982,1980.0,1,23.0,23,Indiana State,College/University,,,,
77716,Rich Niemann,0,,nan,,,,,,,,,1968.0,4,6.0,42,Saint Louis,College/University,,,,
77717,John Niemiera,0,1921-05-26,Notre Dame,USA,6-1,165.0,2.0,,Guard,1948,1949,,,,,,,,,,
77718,Mike Niles,0,1955-03-31,California State-Fullerton,USA,6-6,225.0,1.0,40,Forward,1980,1980,1979.0,4,17.0,83,Cal State-Fullerton,College/University,,,,
77719,Kurt Nimphius,0,1958-03-13,Arizona State,USA,6-10,218.0,8.0,40,Center,1981,1989,1980.0,3,1.0,47,Arizona State,College/University,,,,
1630227,Daishen Nix,1,2002-02-13,                                   ,USA,6-4,226.0,3.0,15,Guard,2021,2022,,,,,,,,,,
77720,Dyron Nix,0,1967-02-11,Tennessee,USA,6-7,210.0,1.0,23,Guard,1989,1989,1989.0,2,2.0,29,Tennessee,College/University,,,,
77721,Norm Nixon,0,1955-10-11,Duquesne,USA,6-2,170.0,10.0,10,Guard,1977,1988,1977.0,1,22.0,22,Duquesne,College/University,,,,
1630192,Zeke Nnaji,1,2001-01-09,Arizona,USA,6-9,240.0,3.0,22,Forward-Center,2020,2023,2020.0,1,22.0,22,Arizona,College/University,82.5,86.0,38.0,
201149,Joakim Noah,0,1985-02-25,Florida,USA,6-11,232.0,14.0,55,Forward-Center,2007,2019,2007.0,1,9.0,9,Florida,College/University,84.0,85.25,37.5,12.0
77722,Chuck Noble,0,1931-07-24,Louisville,USA,6-4,190.0,7.0,14,Guard,1955,1961,1954.0,4,3.0,30,Louisville,College/University,,,,
2804,Andres Nocioni,0,1979-11-30,Tau Ceramica,Argentina,,,8.0,,,2004,2016,,,,,,,,,,
200786,David Noel,0,1984-02-27,North Carolina,USA,6-6,230.0,2.0,34,Forward-Guard,2006,2006,2006.0,2,9.0,39,North Carolina,College/University,,,,
203457,Nerlens Noel,1,1994-04-10,Kentucky,USA,6-10,220.0,9.0,,Center-Forward,2013,2022,2013.0,1,6.0,6,Kentucky,College/University,83.75,87.75,,
77723,Paul Noel,0,1924-08-04,Kentucky,USA,6-4,185.0,5.0,15,Forward,1947,1951,,,,,,,,,,
203512,Lucas Nogueira,0,,nan,,,,,,,,,2013.0,1,16.0,16,CB Estudiantes (Spain),Other Team/Club,,,,
77724,Jim Nolan,0,1927-06-09,Georgia Tech,USA,6-8,210.0,1.0,19,Center,1949,1949,1949.0,2,0.0,0,Georgia Tech,College/University,,,,
77725,Paul Nolen,0,1929-09-03,Texas Tech,USA,6-10,,1.0,,Center,1953,1953,1953.0,0,0.0,0,Texas Tech,College/University,,,,
999,Jeff Nordgaard,0,1973-02-23,Wisconsin-Green Bay,USA,6-7,225.0,1.0,,Forward,1997,1997,1996.0,2,24.0,53,Wisconsin-Green Bay,College/University,,,,
77727,Robert Nordmann,0,1939-12-11,St. Louis,USA,6-10,225.0,4.0,34,Center,1961,1964,1961.0,3,2.0,25,Saint Louis,College/University,,,,
77728,Johnny Norlander,0,1921-03-05,Hamline,USA,6-3,180.0,5.0,,Forward,1946,1950,,,,,,,,,,
77729,Connie Norman,0,1953-09-24,Arizona,USA,6-3,175.0,3.0,11,Guard,1974,1978,1974.0,3,1.0,37,Arizona,College/University,,,,
80,Ken Norman,0,1964-09-05,Illinois,USA,6-8,215.0,10.0,,Forward,1987,1996,1987.0,1,19.0,19,Illinois,College/University,,,,
77731,Audie Norris,0,1960-12-18,Jackson State,USA,6-9,230.0,3.0,24,Center,1982,1984,1982.0,2,14.0,37,Jackson State,College/University,,,,
983,Moochie Norris,0,1973-07-27,West Florida,USA,6-1,185.0,9.0,25,Guard,1996,2005,1996.0,2,4.0,33,West Florida,College/University,,,,
77732,Sylvester Norris,0,1957-02-18,Jackson State,USA,6-11,220.0,1.0,40,Center,1979,1979,1979.0,3,19.0,63,Jackson State,College/University,,,,
1629668,Zach Norvell Jr.,0,,nan,,,,,,,,,,,,,,,77.5,78.0,30.0,
77733,Willie Norwood,0,,nan,,,,,,,,,1969.0,2,4.0,19,Alcorn State,College/University,,,,
77734,George Nostrand,0,1924-01-25,Wyoming,USA,6-8,195.0,4.0,,Center,1946,1949,,,,,,,,,,
77735,Stan Noszka,0,1920-09-19,Duquesne,USA,6-1,185.0,3.0,10,Guard,1946,1948,,,,,,,,,,
77736,Mike Novak,0,1915-04-23,Loyola-Chicago,USA,6-9,219.0,3.0,6,Center,1948,1953,,,,,,,,,,
200779,Steve Novak,0,1983-06-13,Marquette,USA,6-10,225.0,11.0,,Forward,2006,2016,2006.0,2,2.0,32,Marquette,College/University,,,,
1629669,Jaylen Nowell,1,1999-07-09,Washington,USA,6-4,201.0,4.0,4,Guard,2019,2023,2019.0,2,13.0,43,Washington,College/University,76.25,79.25,38.5,2.0
77737,Mel Nowell,0,1939-12-27,Ohio State,USA,6-2,170.0,1.0,20,Guard,1962,1962,1962.0,12,1.0,90,Ohio State,College/University,,,,
1717,Dirk Nowitzki,0,1978-06-19,DJK Wurzburg,Germany,7-0,245.0,22.0,41,Forward,1998,2018,1998.0,1,9.0,9,DJK Wurzburg (Germany),Other Team/Club,,,,
1628373,Frank Ntilikina,1,1998-07-28,Strasbourg IG,France,6-4,200.0,6.0,21,Guard,2017,2023,2017.0,1,8.0,8,SIG Strasbourg (France),Other Team/Club,,,,
1629134,Kendrick Nunn,1,1995-08-03,Oakland,USA,6-3,190.0,3.0,20,Guard,2018,2023,,,,,,,,,,
203263,James Nunnally,0,1990-07-14,Cal-Santa Barbara,USA,6-7,205.0,4.0,21,Forward,2013,2020,,,,,,,,,,
203994,Jusuf Nurkic,1,1994-08-23,Cedevita,Bosnia and Herzegovina,7-0,290.0,9.0,27,Center,2014,2023,,,,,,,,,,
77738,Dennis Nutt,0,1963-03-25,TCU,USA,6-2,170.0,1.0,21,Guard,1986,1986,,,,,,,,,,
1628021,David Nwaba,1,,nan,,,,,,,,,,,,,,,,,,
1629670,Jordan Nwora,1,1998-09-09,Louisville,USA,6-9,225.0,3.0,13,Forward,2020,2023,2020.0,2,15.0,45,Louisville,College/University,79.5,82.5,,
1022,Julius Nwosu,0,1971-05-01,Liberty,USA,6-10,255.0,1.0,0,Forward,1994,1994,,,,,,,,,,
1525,Charles O'Bannon,0,,nan,,,,,,,,,1997.0,2,3.0,31,California-Los Angeles,College/University,,,,
709,Ed O'Bannon,0,1972-08-14,UCLA,USA,6-8,222.0,1.0,,Forward,1995,1996,1995.0,1,9.0,9,California-Los Angeles,College/University,,,,
77742,John O'Boyle,0,1928-03-07,Colorado State,USA,6-2,185.0,1.0,3,Guard,1952,1952,,,,,,,,,,
77744,Bob O'Brien,0,1927-01-26,Pepperdine,USA,6-4,190.0,2.0,,Forward,1947,1948,,,,,,,,,,
77743,Buckshot O'Brien,0,1928-04-28,Butler,USA,,,2.0,,,1951,1952,1950.0,6,0.0,0,Butler,College/University,,,,
1626266,JJ O'Brien,0,1992-04-08,San Diego State,USA,6-7,220.0,2.0,,Forward,2015,2015,,,,,,,,,,
200753,Patrick O'Bryant,0,1986-06-20,Bradley,USA,7-0,250.0,5.0,13,Center,2006,2009,2006.0,1,9.0,9,Bradley,College/University,,,,
203948,Johnny O'Bryant III,0,,nan,,,,,,,,,,,,,,,80.5,86.25,35.5,
77745,Dermie O'Connell,0,1928-04-13,Holy Cross,USA,6-0,174.0,2.0,,Guard,1948,1949,,,,,,,,,,
77746,Andy O'Donnell,0,1925-03-10,Loyola-Maryland,USA,6-1,180.0,1.0,,Guard,1949,1949,,,,,,,,,,
77750,Francis O'Grady,0,1920-01-19,Georgetown,USA,5-11,160.0,3.0,,Guard,1946,1948,,,,,,,,,,
77752,Dick O'Keefe,0,,nan,,,,,,,,,1947.0,1,9.0,9,Santa Clara,College/University,,,,
77753,Tommy O'Keefe,0,1926-07-16,Georgetown,USA,6-2,185.0,1.0,,Guard,1950,1950,1950.0,4,0.0,0,Georgetown,College/University,,,,
77754,Mike O'Koren,0,1958-02-07,North Carolina,USA,6-7,207.0,8.0,31,Forward,1980,1987,1980.0,1,6.0,6,North Carolina,College/University,,,,
77766,Grady O'Malley,0,,nan,,,,,,,,,1969.0,19,3.0,214,Manhattan,College/University,,,,
979,Jermaine O'Neal,0,1978-10-13,Eau Claire HS (SC),USA,6-11,255.0,18.0,7,Center-Forward,1996,2013,1996.0,1,17.0,17,Eau Claire,High School,,,,
406,Shaquille O'Neal,0,1972-03-06,Louisiana State,USA,7-1,325.0,19.0,34,Center,1992,2010,1992.0,1,1.0,1,Louisiana State,College/University,,,,
1626220,Royce O'Neale,1,1993-06-05,Baylor,USA,6-6,226.0,6.0,00,Forward,2017,2023,,,,,,,,,,
77767,Mike O'Neill,0,1905-04-10,California,USA,6-3,210.0,1.0,,Forward,1952,1952,,,,,,,,,,
203124,Kyle O'Quinn,0,1990-03-26,Norfolk State,USA,6-9,250.0,9.0,9,Center-Forward,2012,2019,2012.0,2,19.0,49,Norfolk State,College/University,82.0,88.75,31.5,
77773,Kevin O'Shea,0,,nan,,,,,,,,,1950.0,1,10.0,10,Notre Dame,College/University,,,,
77774,Garland O'Shields,0,1921-05-23,Tennessee,USA,6-1,195.0,1.0,,Guard,1946,1946,,,,,,,,,,
77776,Dan O'Sullivan,0,1968-03-03,Fordham,USA,6-10,250.0,4.0,,,1990,1995,,,,,,,,,,
891,Charles Oakley,0,1963-12-18,Virginia Union,USA,6-9,245.0,19.0,33,Forward,1985,2003,1985.0,1,9.0,9,Virginia Union,College/University,,,,
101177,Fabricio Oberto,0,1975-03-21,Valencia,Argentina,6-10,245.0,6.0,,Center,2005,2010,,,,,,,,,,
1627849,Daniel Ochefu,0,1993-12-15,Villanova,USA,6-11,245.0,2.0,32,Forward,2016,2016,,,,,,,,,,
201141,Greg Oden,0,1988-01-22,Ohio State,USA,7-0,273.0,4.0,20,Center,2007,2013,2007.0,1,1.0,1,Ohio State,College/University,84.0,88.25,34.0,
1885,Lamar Odom,0,1979-11-06,Rhode Island,USA,6-10,230.0,15.0,,Forward,1999,2013,1999.0,1,4.0,4,Rhode Island,College/University,,,,
77747,Carlos Ogden,0,1946-12-29,Santa Clara,USA,6-6,215.0,2.0,28,Forward,1969,1970,1968.0,13,2.0,162,Santa Clara,College/University,,,,
77748,Ralph Ogden,0,1948-01-25,Santa Clara,USA,6-5,205.0,1.0,22,Forward,1970,1970,1970.0,4,2.0,53,Santa Clara,College/University,,,,
1628,Alan Ogg,0,1967-07-05,Alabama-Birmingham,USA,7-2,240.0,3.0,50,Center,1990,1992,,,,,,,,,,
77751,Don Ohl,0,1936-04-18,Illinois,USA,6-3,190.0,10.0,10,Guard,1960,1969,1958.0,5,5.0,36,Illinois,College/University,,,,
203317,Tim Ohlbrecht,0,1988-08-30,Skyliners Frankfurt,Germany,6-11,255.0,2.0,14,Center-Forward,2012,2012,,,,,,,,,,
1628400,Semi Ojeleye,0,1994-12-05,Southern Methodist,USA,6-6,240.0,5.0,,Forward,2017,2021,2017.0,2,7.0,37,Southern Methodist,College/University,78.75,81.75,40.5,19.0
2731,Emeka Okafor,0,1982-09-28,Connecticut,USA,6-10,255.0,11.0,50,Center,2004,2017,2004.0,1,2.0,2,Connecticut,College/University,82.0,88.0,34.0,22.0
1626143,Jahlil Okafor,0,1995-12-15,Duke,USA,6-10,270.0,7.0,13,Center-Forward,2015,2020,2015.0,1,3.0,3,Duke,College/University,,,,
1629643,Chuma Okeke,1,,nan,,,,,,,,,2019.0,1,16.0,16,Auburn,College/University,,,,
1629059,Elie Okobo,0,1997-10-23,Elan Bearnais,France,6-3,190.0,3.0,2,Forward-Guard,2018,2019,2018.0,2,1.0,31,Elan Bearnais Pau-Orthez (France),Other Team/Club,,,,
1629006,Josh Okogie,1,1998-09-01,Georgia Tech,Nigeria,6-4,213.0,5.0,2,Guard,2018,2023,2018.0,1,20.0,20,Georgia Tech,College/University,76.5,84.0,42.0,12.0
1630168,Onyeka Okongwu,1,2000-12-11,Southern California,USA,6-9,240.0,3.0,17,Forward-Center,2020,2023,2020.0,1,6.0,6,Southern California,College/University,,,,
1630171,Isaac Okoro,1,2001-01-26,Auburn,USA,6-5,225.0,3.0,35,Forward-Guard,2020,2023,2020.0,1,5.0,5,Auburn,College/University,,,,
1629644,KZ Okpala,1,1999-04-28,Stanford,USA,6-8,215.0,4.0,,Forward-Guard,2019,2022,2019.0,2,2.0,32,Stanford,College/University,81.5,85.75,37.0,9.0
2246,Mehmet Okur,0,1979-05-26,Efes Pilsen,Turkey,6-11,260.0,10.0,,Center,2002,2011,2001.0,2,9.0,37,Anadolu Efes S.K. (Turkey),Other Team/Club,,,,
203506,Victor Oladipo,1,1992-05-04,Indiana,USA,6-3,213.0,10.0,4,Guard,2013,2023,2013.0,1,2.0,2,Indiana,College/University,76.25,81.25,42.0,15.0
165,Hakeem Olajuwon,0,1963-01-21,Houston,Nigeria,7-0,255.0,19.0,34,Center,1984,2002,1984.0,1,1.0,1,Houston,College/University,,,,
77756,Mark Olberding,0,1956-04-21,Minnesota,USA,6-8,225.0,11.0,53,Forward,1976,1986,,,,,,,,,,
77757,Jawann Oldham,0,1957-07-04,Seattle,USA,7-0,215.0,10.0,22,Center,1980,1990,1980.0,2,18.0,41,Seattle,College/University,,,,
77758,Johnny Oldham,0,1923-06-22,Western Kentucky,USA,6-3,175.0,2.0,4,Guard,1949,1950,1949.0,2,0.0,0,Western Kentucky,College/University,,,,
77759,Frank Oleynick,0,1955-02-20,Seattle,USA,6-2,185.0,2.0,44,Guard,1975,1976,1975.0,1,12.0,12,Seattle,College/University,,,,
77760,John Olive,0,1955-03-01,Villanova,USA,6-7,210.0,2.0,40,Forward,1978,1979,1977.0,8,20.0,168,Villanova,College/University,,,,
1680,Brian Oliver,0,1968-06-01,Georgia Tech,USA,6-4,210.0,4.0,,Guard,1990,1997,1990.0,2,5.0,32,Georgia Tech,College/University,,,,
1628419,Cameron Oliver,0,1996-07-11,Nevada,USA,6-8,239.0,2.0,,Forward,2020,2021,,,,,,,80.25,85.25,39.5,5.0
2352,Dean Oliver,0,1978-11-05,Iowa,USA,5-11,175.0,2.0,2,Guard,2001,2002,,,,,,,,,,
1429,Jimmy Oliver,0,1969-07-12,Purdue,USA,6-5,205.0,5.0,,Guard,1991,1998,1991.0,2,12.0,39,Purdue,College/University,,,,
1563,Kevin Ollie,0,1972-12-27,Connecticut,USA,6-2,195.0,14.0,7,Guard,1997,2009,,,,,,,,,,
77764,Gene Ollrich,0,1922-06-30,Drake,USA,5-11,160.0,1.0,,Guard,1949,1949,,,,,,,,,,
1709,Michael Olowokandi,0,1975-04-03,Pacific,Nigeria,7-0,270.0,10.0,41,Center,1998,2006,1998.0,1,1.0,1,Pacific,College/University,,,,
77765,Enoch Olsen,0,1940-07-25,Louisville,USA,6-8,220.0,7.0,10,Forward,1962,1968,1962.0,2,6.0,13,Louisville,College/University,,,,
203482,Kelly Olynyk,1,1991-04-19,Gonzaga,Canada,6-11,240.0,10.0,41,Forward-Center,2013,2023,2013.0,1,13.0,13,Gonzaga,College/University,84.0,81.75,29.5,5.0
1630647,Eugene Omoruyi,1,1997-02-14,Oregon,Nigeria,6-6,235.0,3.0,97,Forward,2021,2022,,,,,,,,,,
1629671,Miye Oni,0,1997-08-04,Yale,USA,6-5,206.0,3.0,,Guard-Forward,2019,2021,2019.0,2,28.0,58,Yale,College/University,77.75,82.75,38.5,19.0
202620,Arinze Onuaku,0,1987-07-13,Syracuse,USA,6-9,255.0,3.0,,Forward-Center,2013,2016,,,,,,,,,,
1627778,Chinanu Onuaku,0,1996-11-01,Louisville,USA,6-10,245.0,3.0,21,Center,2016,2017,2016.0,2,7.0,37,Louisville,College/University,,,,
77768,Barry Orms,0,1946-05-01,St. Louis,USA,6-3,190.0,1.0,33,Guard,1968,1968,1968.0,8,4.0,96,Saint Louis,College/University,,,,
77769,Johnny Orr,0,,nan,,,,,,,,,1948.0,0,0.0,0,Beloit,College/University,,,,
77770,Louis Orr,0,1958-05-07,Syracuse,USA,6-8,175.0,8.0,55,Forward,1980,1987,1980.0,2,6.0,29,Syracuse,College/University,,,,
77771,Jose Ortiz,0,1963-10-25,Oregon State,USA,6-10,225.0,2.0,44,Forward,1988,1989,1987.0,1,15.0,15,Oregon State,College/University,,,,
202350,Daniel Orton,0,1990-08-06,Kentucky,USA,6-10,275.0,3.0,,Center,2010,2013,2010.0,1,29.0,29,Kentucky,College/University,81.5,88.25,30.5,13.0
77772,Chuck Osborne,0,1939-01-21,Western Kentucky,USA,6-6,210.0,1.0,23,Forward,1961,1961,1961.0,3,5.0,28,Western Kentucky,College/University,,,,
1626224,Cedi Osman,1,1995-04-08,Anadolu Efes,Turkey,6-7,230.0,6.0,16,Forward,2017,2023,2015.0,2,1.0,31,Anadolu Efes S.K. (Turkey),Other Team/Club,,,,
77775,Wally Osterkorn,0,1928-07-06,Illinois,USA,6-5,215.0,4.0,8,Forward,1951,1954,1950.0,2,0.0,0,Illinois,College/University,,,,
731,Greg Ostertag,0,1973-03-06,Kansas,USA,7-2,280.0,11.0,,Center,1995,2005,1995.0,1,28.0,28,Kansas,College/University,,,,
77777,Matt Othick,0,1969-03-16,Arizona,USA,6-2,165.0,1.0,12,Guard,1992,1992,,,,,,,,,,
77778,Don Otten,0,1921-04-18,Bowling Green,USA,6-10,240.0,4.0,14,Center,1949,1952,,,,,,,,,,
77779,Mac Otten,0,1925-12-16,Bowling Green,USA,6-7,220.0,1.0,,Forward,1949,1949,1949.0,3,0.0,0,Bowling Green,College/University,,,,
1630187,Daniel Oturu,0,1999-09-20,Minnesota,USA,6-8,240.0,2.0,,Center,2020,2021,2020.0,2,3.0,33,Minnesota,College/University,,,,
1626162,Kelly Oubre Jr.,1,1995-12-09,Kansas,USA,6-6,203.0,8.0,12,Forward-Guard,2015,2023,2015.0,1,15.0,15,Kansas,College/University,78.75,86.25,37.0,7.0
448,Bo Outlaw,0,1971-04-13,Houston,USA,6-8,220.0,15.0,,Forward,1993,2007,,,,,,,,,,
2566,Travis Outlaw,0,,nan,,,,,,,,,2003.0,1,23.0,23,Starkville,High School,,,,
77780,Claude Overton,0,1927-12-16,East Central,USA,6-2,195.0,1.0,14,Guard,1952,1952,1950.0,5,0.0,0,East Central,College/University,,,,
77,Doug Overton,0,1969-08-03,La Salle,USA,6-3,190.0,12.0,24,Guard,1992,2003,1991.0,2,13.0,40,La Salle,College/University,,,,
101261,Andre Owens,0,1980-10-31,Houston,USA,6-4,200.0,3.0,20,Guard,2005,2007,,,,,,,,,,
182,Billy Owens,0,1969-05-01,Syracuse,USA,6-9,225.0,11.0,2,Forward-Guard,1991,2002,1991.0,1,3.0,3,Syracuse,College/University,,,,
2442,Chris Owens,0,1979-03-01,Texas-Austin,USA,6-7,245.0,2.0,20,Forward,2002,2002,2002.0,2,19.0,47,Texas,College/University,,,,
77782,Eddie Owens,0,1953-12-26,UNLV,USA,6-7,210.0,1.0,40,Forward,1977,1977,1977.0,2,9.0,31,Nevada-Las Vegas,College/University,,,,
77783,James Owens,0,1925-09-02,Baylor,USA,6-3,185.0,2.0,,Guard,1949,1951,,,,,,,,,,
77784,Jim Owens,0,1950-05-01,Arizona State,USA,6-5,200.0,2.0,45,Forward,1973,1974,1973.0,8,8.0,128,Arizona State,College/University,,,,
77785,Keith Owens,0,1969-05-31,UCLA,USA,6-7,225.0,1.0,25,Forward,1991,1991,,,,,,,,,,
202082,Larry Owens,0,1983-01-08,Oral Roberts,USA,6-7,210.0,2.0,,Forward-Guard,2010,2011,,,,,,,,,,
1629745,Tariq Owens,0,,nan,,,,,,,,,,,,,,,,,,
77786,Tom Owens,0,1949-06-28,South Carolina,USA,6-10,215.0,7.0,44,Center,1976,1982,1971.0,4,7.0,58,South Carolina,College/University,,,,
1077,Ray Owes,0,1972-12-12,Arizona,USA,6-9,224.0,1.0,35,Forward,1996,1996,,,,,,,,,,
2071,Olumide Oyedeji,0,,nan,,,,,,,,,2000.0,2,13.0,42,DJK Wurzburg (Germany),Other Team/Club,,,,
77788,Joe Pace,0,1953-12-18,Coppin State,USA,6-10,220.0,2.0,44,Center,1976,1977,1975.0,5,4.0,76,Coppin State,College/University,,,,
2585,Zaza Pachulia,0,1984-02-10,Ulkerspor,Georgia,6-11,270.0,17.0,27,Center,2003,2018,2003.0,2,13.0,42,Ulkerspor (Turkey),Other Team/Club,,,,
123,Robert Pack,0,1969-02-03,Southern California,USA,6-2,190.0,13.0,,Guard,1991,2003,,,,,,,,,,
77789,Gerald Paddio,0,1965-04-21,UNLV,USA,6-7,205.0,3.0,4,Forward,1990,1993,1988.0,3,24.0,74,Nevada-Las Vegas,College/University,,,,
1909,Scott Padgett,0,1976-04-19,Kentucky,USA,6-9,240.0,8.0,,Forward,1999,2006,1999.0,1,28.0,28,Kentucky,College/University,,,,
1629873,Jaysean Paige,0,1994-07-30,West Virginia,USA,6-2,200.0,1.0,,Guard,2021,2021,,,,,,,,,,
1627779,Marcus Paige,0,1993-09-11,North Carolina,USA,6-0,164.0,2.0,4,Guard,2017,2017,2016.0,2,25.0,55,North Carolina,College/University,,,,
77790,Fred Paine,0,1925-12-07,Westminster,USA,6-5,210.0,1.0,,Forward,1948,1948,,,,,,,,,,
1960,Milt Palacio,0,1978-02-07,Colorado State,Belize,6-4,210.0,7.0,3,Guard,1999,2005,,,,,,,,,,
77791,Togo Palazzi,0,1932-08-08,Holy Cross,USA,6-4,205.0,6.0,17,Forward,1954,1959,1954.0,1,5.0,5,Holy Cross,College/University,,,,
77792,Jim Palmer,0,1933-06-08,Dayton,USA,6-8,224.0,3.0,19,Forward,1958,1960,1957.0,2,4.0,12,Dayton,College/University,,,,
77793,John Palmer,0,1921-09-14,Princeton,USA,6-4,180.0,3.0,16,Forward,1946,1948,,,,,,,,,,
1629309,Trayvon Palmer,0,1994-11-13,Chicago State,USA,6-6,200.0,1.0,,Guard,2021,2021,,,,,,,,,,
77794,Walter Palmer,0,1968-10-23,Dartmouth,USA,7-1,215.0,2.0,31,Center,1990,1992,1990.0,2,6.0,33,Dartmouth,College/University,,,,
1630698,Kevin Pangos,0,1993-01-26,Gonzaga,Canada,6-1,179.0,1.0,,Guard,2021,2021,,,,,,,,,,
1950,Andy Panko,0,1977-11-29,Lebanon Valley,USA,6-9,245.0,1.0,,Forward,2000,2000,,,,,,,,,,
1627834,Georgios Papagiannis,0,1997-07-03,Panathinaikos,Greece,7-1,240.0,2.0,19,Center,2016,2017,2016.0,1,13.0,13,Panathinaikos B.C. (Greece),Other Team/Club,,,,
203123,Kostas Papanikolaou,0,1990-07-31,FC Barcelona,Greece,6-8,235.0,2.0,,Forward,2014,2015,2012.0,2,18.0,48,Olympiacos B.C. (Greece),Other Team/Club,,,,
2457,Jannero Pargo,0,1979-10-22,Arkansas,USA,6-1,185.0,11.0,,Guard,2002,2014,,,,,,,,,,
202951,Jeremy Pargo,0,,nan,,,,,,,,,,,,,,,,,,
77797,Estes Parham,0,1921-12-27,Texas Wesleyan,USA,6-3,200.0,3.0,14,Forward,1948,1950,1948.0,0,0.0,0,Texas Wesleyan,College/University,,,,
305,Robert Parish,0,1953-08-30,Centenary-Louisiana,USA,7-1,244.0,21.0,00,Center,1976,1996,1976.0,1,8.0,8,Centenary (LA),College/University,,,,
77799,Medford Park,0,1933-04-11,Missouri,USA,6-2,205.0,5.0,14,Guard,1955,1959,,,,,,,,,,
1515,Anthony Parker,0,1975-06-19,Bradley,USA,6-6,210.0,10.0,18,Guard,1997,2011,1997.0,1,21.0,21,Bradley,College/University,,,,
203953,Jabari Parker,0,1995-03-15,Duke,USA,6-7,245.0,8.0,,Forward,2014,2021,,,,,,,,,,
2470,Smush Parker,0,1981-06-01,Fordham,USA,6-4,190.0,6.0,1,Guard,2002,2007,,,,,,,,,,
77800,Sonny Parker,0,1955-03-22,Texas A&M,USA,6-6,200.0,6.0,22,Forward,1976,1981,1976.0,1,17.0,17,Texas A&M,College/University,,,,
2225,Tony Parker,0,1982-05-17,Paris Basket Racing,France,6-2,185.0,19.0,9,Guard,2001,2018,2001.0,1,28.0,28,Paris Basket Racing (France),Other Team/Club,,,,
77801,Jack Parkinson,0,1924-03-04,Kentucky,USA,6-0,174.0,1.0,,Guard,1949,1949,1948.0,0,0.0,0,Kentucky,College/University,,,,
685,Cherokee Parks,0,1972-10-11,Duke,USA,6-11,240.0,9.0,,Forward-Center,1995,2003,1995.0,1,12.0,12,Duke,College/University,,,,
77802,Jack Parr,0,1936-03-13,Kansas State,USA,6-9,220.0,1.0,16,Center,1958,1958,1958.0,10,2.0,70,Kansas State,College/University,,,,
77803,Doyle Parrack,0,1921-12-06,Oklahoma State,USA,6-0,165.0,1.0,,Forward,1946,1946,,,,,,,,,,
77804,Charlie Parsley,0,1925-10-13,Western Kentucky,USA,6-2,175.0,1.0,7,Guard,1949,1949,,,,,,,,,,
202718,Chandler Parsons,0,1988-10-25,Florida,USA,6-9,230.0,9.0,,Forward,2011,2019,2011.0,2,8.0,38,Florida,College/University,81.75,81.5,31.5,4.0
1629672,Eric Paschall,1,1996-11-04,Villanova,USA,6-6,255.0,4.0,0,Forward,2019,2021,2019.0,2,11.0,41,Villanova,College/University,79.25,87.75,38.0,18.0
1628394,Anzejs Pasecniks,0,1995-12-20,Gran Canaria,Latvia,7-1,229.0,2.0,,Center-Forward,2019,2020,2017.0,1,25.0,25,CB Gran Canaria (Spain),Other Team/Club,,,,
1097,Zarko Paspalj,0,1966-03-27,Partizan,Serbia,6-9,215.0,1.0,14,Forward,1989,1989,,,,,,,,,,
77806,Marty Passaglia,0,1919-04-22,Santa Clara,USA,6-0,170.0,2.0,,Guard,1946,1948,,,,,,,,,,
77807,George A. Pastushok,0,1905-04-06,St. John's (NY),USA,,,1.0,,,1946,1946,,,,,,,,,,
77808,Myles Patrick,0,1954-11-16,Auburn,USA,6-8,220.0,1.0,34,Forward,1980,1980,,,,,,,,,,
77809,Stan Patrick,0,1922-05-05,Illinois,USA,6-2,185.0,1.0,,Forward,1949,1949,,,,,,,,,,
1754,Andrae Patterson,0,1975-11-12,Indiana,USA,6-9,238.0,2.0,,Forward,1998,1999,1998.0,2,17.0,46,Indiana,College/University,,,,
77811,George Patterson,0,1939-11-26,Toledo,USA,6-7,230.0,1.0,20,Center,1967,1967,1961.0,12,2.0,100,Toledo,College/University,,,,
203934,Lamar Patterson,0,1991-08-12,Pittsburgh,USA,6-5,225.0,2.0,,Guard-Forward,2015,2016,,,,,,,77.25,83.0,32.5,
202335,Patrick Patterson,0,1989-03-14,Kentucky,USA,6-8,235.0,12.0,54,Forward,2010,2020,2010.0,1,14.0,14,Kentucky,College/University,81.25,85.25,33.5,17.0
1739,Ruben Patterson,0,1975-07-31,Cincinnati,USA,6-5,223.0,11.0,,Forward,1998,2007,1998.0,2,2.0,31,Cincinnati,College/University,,,,
77812,Steve Patterson,0,,nan,,,,,,,,,1970.0,8,10.0,129,California-Los Angeles,College/University,,,,
77813,Tommy Patterson,0,1948-10-15,Ouachita Baptist,USA,6-6,220.0,2.0,30,Forward,1972,1973,1972.0,2,12.0,25,Ouachita Baptist,College/University,,,,
77814,Worthy Patterson,0,1931-06-17,Connecticut,USA,6-2,175.0,1.0,17,Guard,1957,1957,,,,,,,,,,
1628383,Justin Patton,0,1997-06-14,Creighton,USA,6-11,241.0,4.0,,Center,2017,2020,2017.0,1,16.0,16,Creighton,College/University,83.25,87.0,30.5,
203464,Brandon Paul,0,1991-04-30,Illinois,USA,6-4,200.0,1.0,3,Guard,2017,2017,,,,,,,76.0,82.25,39.5,15.0
101108,Chris Paul,1,1985-05-06,Wake Forest,USA,6-0,175.0,18.0,3,Guard,2005,2023,2005.0,1,4.0,4,Wake Forest,College/University,73.0,76.25,38.0,10.0
77815,Charlie Paulk,0,1946-06-14,Northeastern State,USA,6-8,219.0,3.0,42,Forward,1968,1971,1968.0,1,7.0,7,Northeastern State,College/University,,,,
77816,Jerry Paulson,0,1935-07-21,Manhattan,USA,6-2,185.0,1.0,15,Guard,1957,1957,1957.0,3,1.0,17,Manhattan,College/University,,,,
77817,Billy Paultz,0,1948-07-30,St. John's (NY),USA,6-11,235.0,9.0,5,Center,1976,1984,1970.0,7,1.0,103,St. John's (NY),College/University,,,,
2562,Sasha Pavlovic,0,,nan,,,,,,,,,2003.0,1,19.0,19,KK Buducnost Podgorica (Montenegro),Other Team/Club,,,,
77818,Jim Paxson,0,1932-12-19,Dayton,USA,6-6,200.0,2.0,11,Guard,1956,1957,1954.0,11,6.0,95,Dayton,College/University,,,,
77819,Jim Paxson,0,1957-07-09,Dayton,USA,6-6,200.0,11.0,,Guard,1979,1989,1979.0,1,12.0,12,Dayton,College/University,,,,
77820,John Paxson,0,1960-09-29,Notre Dame,USA,6-2,185.0,11.0,5,Guard,1983,1993,1983.0,1,19.0,19,Notre Dame,College/University,,,,
77821,Johnny Payak,0,1926-11-20,Bowling Green,USA,6-4,174.0,2.0,6,Guard,1949,1952,,,,,,,,,,
203940,Adreian Payne,0,1991-02-19,Michigan State,USA,6-10,237.0,4.0,,Forward,2014,2017,,,,,,,81.75,88.0,,
1626166,Cameron Payne,1,1994-08-08,Murray State,USA,6-1,183.0,8.0,15,Guard,2015,2023,2015.0,1,14.0,14,Murray State,College/University,73.5,79.25,35.5,0.0
77822,Kenny Payne,0,1966-11-25,Louisville,USA,6-8,195.0,4.0,21,Forward,1989,1992,1989.0,1,19.0,19,Louisville,College/University,,,,
77823,Tom Payne,0,1950-11-19,Kentucky,USA,7-2,240.0,1.0,54,Center,1971,1971,,,,,,,,,,
203901,Elfrid Payton,0,1994-02-22,Louisana-Lafayette,USA,6-3,195.0,9.0,2,Guard,2014,2021,,,,,,,75.75,80.0,35.5,
56,Gary Payton,0,1968-07-23,Oregon State,USA,6-4,190.0,18.0,20,Guard,1990,2006,1990.0,1,2.0,2,Oregon State,College/University,,,,
77824,Mel Payton,0,1926-07-16,Tulane,USA,6-4,185.0,2.0,,Guard,1951,1952,1951.0,2,9.0,18,Tulane,College/University,,,,
1627780,Gary Payton II,1,1992-12-01,Oregon State,USA,6-2,195.0,7.0,8,Guard,2016,2023,,,,,,,,,,
77825,George Pearcy,0,1919-07-02,Indiana State,USA,6-1,165.0,1.0,,Guard,1946,1946,,,,,,,,,,
77826,Henry Pearcy,0,1922-07-21,Indiana State,USA,6-1,170.0,1.0,,Guard,1946,1946,,,,,,,,,,
200762,Oleksiy Pecherov,0,,nan,,,,,,,,,2006.0,1,18.0,18,Paris Basket Racing (France),Other Team/Club,,,,
77827,Wiley Peck,0,1957-09-15,Mississippi State,USA,6-7,220.0,1.0,54,Guard,1979,1979,1979.0,1,19.0,19,Mississippi State,College/University,,,,
324,Anthony Peeler,0,1969-11-25,Missouri,USA,6-4,208.0,14.0,8,Guard,1992,2004,1992.0,1,15.0,15,Missouri,College/University,,,,
201593,Nikola Pekovic,0,1986-01-03,Panathinaikos,Montenegro,6-11,307.0,7.0,14,Center,2010,2016,2008.0,2,1.0,31,KK Partizan (Serbia),Other Team/Club,,,,
77828,Jake Pelkington,0,1916-01-03,Manhattan,USA,6-6,220.0,1.0,30,Center,1948,1948,,,,,,,,,,
203658,Norvel Pelle,0,1993-02-03,Iona,Antigua and Barbuda,6-10,231.0,4.0,,Center,2019,2021,,,,,,,82.5,86.5,34.5,0.0
77829,Sam Pellom,0,1951-10-02,Buffalo State,USA,6-9,225.0,4.0,41,Forward,1979,1982,,,,,,,,,,
2130,Mike Penberthy,0,1974-11-29,The Master's College,USA,6-3,180.0,2.0,,,2000,2001,,,,,,,,,,
2667,Desmond Penigar,0,1981-07-16,Utah State,USA,6-7,245.0,2.0,,Forward,2003,2003,,,,,,,,,,
2632,Kirk Penney,0,1980-11-23,Wisconsin,USA,6-5,220.0,3.0,,Guard,2003,2004,,,,,,,,,,
46,Mike Peplowski,0,1970-10-15,Michigan State,USA,6-10,270.0,3.0,54,Center,1993,1995,1993.0,2,25.0,52,Michigan State,College/University,,,,
781,Will Perdue,0,,nan,,,,,,,,,1988.0,1,11.0,11,Vanderbilt,College/University,,,,
2570,Kendrick Perkins,0,1984-11-10,Clifton J. Ozen HS (TX),USA,6-10,270.0,14.0,21,Center,2003,2017,2003.0,1,27.0,27,Clifton J. Ozen,High School,,,,
64,Sam Perkins,0,,nan,,,,,,,,,1984.0,1,4.0,4,North Carolina,College/University,,,,
77834,Warren Perkins,0,1924-02-02,Tulane,USA,6-3,190.0,2.0,11,Guard,1949,1950,1949.0,4,0.0,0,Tulane,College/University,,,,
200785,Kosta Perovic,0,1985-02-19,Partizan,Serbia,7-2,240.0,2.0,19,Center,2007,2007,2006.0,2,8.0,38,KK Partizan (Serbia),Other Team/Club,,,,
1628506,London Perrantes,0,1994-10-03,Virginia,USA,6-2,190.0,2.0,,Guard,2017,2017,,,,,,,,,,
77835,Curtis Perry,0,,nan,,,,,,,,,1970.0,3,1.0,35,Missouri State,College/University,,,,
386,Elliot Perry,0,1969-03-28,Memphis,USA,,,10.0,,Guard,1991,2001,1991.0,2,10.0,37,Memphis,College/University,,,,
1629617,Reggie Perry,0,2000-03-21,Changwon LG Sakers (Korea),USA,6-8,250.0,3.0,,Forward-Center,2020,2021,2020.0,2,27.0,57,Mississippi State,College/University,81.25,84.5,31.5,15.0
897,Tim Perry,0,1965-06-04,Temple,USA,6-9,200.0,8.0,,Forward,1988,1995,1988.0,1,7.0,7,Temple,College/University,,,,
456,Chuck Person,0,1964-06-27,Auburn,USA,6-8,241.0,13.0,45,Forward,1986,1999,1986.0,1,4.0,4,Auburn,College/University,,,,
445,Wesley Person,0,1971-03-28,Auburn,USA,6-6,200.0,12.0,10,Guard-Forward,1994,2004,1994.0,1,23.0,23,Auburn,College/University,,,,
1628409,Alec Peters,0,1995-04-13,Valparaiso,USA,6-9,235.0,1.0,25,Forward,2017,2017,2017.0,2,24.0,54,Valparaiso,College/University,80.75,82.75,,
77839,Jim Petersen,0,1962-02-22,Minnesota,USA,6-10,235.0,8.0,43,Forward,1984,1991,1984.0,3,4.0,51,Minnesota,College/University,,,,
77840,Loy Petersen,0,,nan,,,,,,,,,1968.0,2,3.0,17,Oregon State,College/University,,,,
77843,Bob Peterson,0,1932-01-25,Oregon,USA,6-5,210.0,3.0,9,Forward,1953,1955,1952.0,0,0.0,0,Oregon,College/University,,,,
77841,Ed Peterson,0,1924-06-27,Cornell,USA,6-9,220.0,2.0,20,Center,1949,1950,1948.0,0,0.0,0,Cornell,College/University,,,,
77842,Mel Peterson,0,1938-03-23,Wheaton,USA,6-4,185.0,1.0,16,Guard,1963,1963,1960.0,11,4.0,78,Wheaton (IL),College/University,,,,
2050,Morris Peterson,0,,nan,,,,,,,,,2000.0,1,21.0,21,Michigan State,College/University,,,,
77844,Geoff Petrie,0,1948-04-17,Princeton,USA,6-4,190.0,6.0,45,Guard,1970,1975,1970.0,1,8.0,8,Princeton,College/University,,,,
101130,Johan Petro,0,1986-01-27,Pau Orthez,France,7-0,247.0,9.0,10,Center,2005,2012,2005.0,1,25.0,25,Elan Bearnais Pau-Orthez (France),Other Team/Club,,,,
77845,Drazen Petrovic,0,1964-10-22,Real Madrid,Croatia,6-5,195.0,4.0,3,Guard,1989,1992,1986.0,3,13.0,60,KK Cibona (Croatia),Other Team/Club,,,,
77846,Richard Petruska,0,1969-01-25,UCLA,USA,6-10,260.0,1.0,3,Center,1993,1993,1993.0,2,19.0,46,California-Los Angeles,College/University,,,,
77847,Bob Pettit,0,1932-12-12,Louisiana State,USA,6-9,205.0,11.0,9,Forward,1954,1964,1954.0,1,2.0,2,Louisiana State,College/University,,,,
77848,Roger Phegley,0,1956-10-16,Bradley,USA,6-6,205.0,6.0,21,Guard,1978,1983,1978.0,1,14.0,14,Bradley,College/University,,,,
77850,Jack Phelan,0,1925-11-06,DePaul,USA,6-5,195.0,1.0,,Forward,1949,1949,,,,,,,,,,
77849,Jim Phelan,0,1929-03-19,La Salle,USA,6-1,175.0,1.0,,Guard,1953,1953,1951.0,8,8.0,77,La Salle,College/University,,,,
74,Derrick Phelps,0,1972-07-31,North Carolina,USA,6-4,181.0,1.0,5,Forward,1994,1994,,,,,,,,,,
77852,Mike Phelps,0,1961-10-03,Alcorn State,USA,6-4,180.0,3.0,14,Guard,1985,1987,1985.0,7,5.0,144,Alcorn State,College/University,,,,
77853,Andy Phillip,0,,nan,,,,,,,,,1947.0,0,0.0,0,Illinois,College/University,,,,
1629341,Tarik Phillip,0,1993-08-10,West Virginia,USA,6-3,195.0,2.0,22,Guard,2018,2018,,,,,,,,,,
77854,Eddie Phillips,0,1961-09-29,Alabama,USA,6-7,225.0,1.0,51,Forward,1982,1982,1982.0,1,21.0,21,Alabama,College/University,,,,
77855,Gary Phillips,0,1939-12-07,Houston,USA,6-3,189.0,5.0,7,Guard,1961,1965,1961.0,1,9.0,9,Houston,College/University,,,,
184,Bobby Phills,0,,nan,,,,,,,,,1991.0,2,18.0,45,Southern University,College/University,,,,
15,Eric Piatkowski,0,1970-09-30,Nebraska,USA,6-7,215.0,15.0,52,Guard-Forward,1994,2007,1994.0,1,15.0,15,Nebraska,College/University,,,,
1630691,Jamorko Pickett,1,1997-12-24,Georgetown,USA,6-9,206.0,2.0,24,Forward,2021,2021,,,,,,,,,,
1718,Paul Pierce,0,1977-10-13,Kansas,USA,6-7,235.0,20.0,34,Forward,1998,2016,1998.0,1,10.0,10,Kansas,College/University,,,,
894,Ricky Pierce,0,1959-08-19,Rice,USA,6-4,215.0,16.0,22,Guard,1982,1997,1982.0,1,18.0,18,Rice,College/University,,,,
1630321,Nate Pierre-Louis,1,1998-12-23,Temple,USA,,,0.0,,,,,,,,,,,,,,
77858,Stan Pietkiewicz,0,1956-07-14,Auburn,USA,6-5,200.0,3.0,43,Guard,1978,1980,1978.0,7,2.0,133,Auburn,College/University,,,,
2554,Mickael Pietrus,0,1982-02-07,Pau Orthez,France,6-6,215.0,11.0,20,Forward,2003,2012,2003.0,1,11.0,11,Elan Bearnais Pau-Orthez (France),Other Team/Club,,,,
77859,John Pilch,0,1925-07-11,Wyoming,USA,6-3,185.0,1.0,,Forward,1951,1951,1950.0,2,0.0,0,Wyoming,College/University,,,,
291,Ed Pinckney,0,1963-03-27,Villanova,USA,6-9,240.0,12.0,54,Forward,1985,1996,1985.0,1,10.0,10,Villanova,College/University,,,,
200838,Kevinn Pinkney,0,1983-10-20,Nevada-Reno,USA,6-10,245.0,1.0,,Forward,2006,2006,,,,,,,,,,
77861,John Pinone,0,,nan,,,,,,,,,1983.0,3,11.0,58,Villanova,College/University,,,,
1629033,Theo Pinson,1,1995-11-05,North Carolina,USA,6-7,212.0,5.0,1,Guard-Forward,2018,2023,,,,,,,78.75,82.75,34.0,7.0
77862,Dave Piontek,0,1934-08-27,Xavier,USA,6-6,230.0,7.0,61,Forward,1956,1962,1956.0,0,0.0,0,Xavier,College/University,,,,
77863,Tom Piotrowski,0,1960-10-17,La Salle,USA,7-1,240.0,1.0,54,Center,1983,1983,1983.0,3,15.0,62,La Salle,College/University,,,,
937,Scottie Pippen,0,1965-09-25,Central Arkansas,USA,6-8,228.0,18.0,33,Forward-Guard,1987,2003,1987.0,1,5.0,5,Central Arkansas,College/University,,,,
1630590,Scotty Pippen Jr.,1,,nan,,,,,,,,,,,,,,,73.5,77.75,37.5,
77864,Charlie Pittman,0,1958-03-23,Maryland,USA,6-8,220.0,4.0,32,Forward,1982,1985,1982.0,3,15.0,61,Maryland,College/University,,,,
202354,Dexter Pittman,0,1988-03-02,Texas-Austin,USA,6-11,285.0,4.0,,Center,2010,2013,2010.0,2,2.0,32,Texas,College/University,83.5,90.0,,
2565,Zoran Planinic,0,1982-09-12,Cibona,Croatia,,,3.0,,,2003,2008,2003.0,1,22.0,22,KK Cibona (Croatia),Other Team/Club,,,,
202353,Tibor Pleiss,0,,nan,,,,,,,,,2010.0,2,1.0,31,Brose Baskets (Germany),Other Team/Club,,,,
1631342,Daeqwon Plowden,1,1998-08-29,Bowling Green,USA,,,0.0,,,,,,,,,,,,,,
1627850,Marshall Plumlee,0,1992-07-14,Duke,USA,7-0,250.0,2.0,40,Center,2016,2017,,,,,,,,,,
203486,Mason Plumlee,1,1990-03-05,Duke,USA,7-0,254.0,10.0,44,Forward-Center,2013,2023,2013.0,1,22.0,22,Duke,College/University,84.5,83.0,36.0,14.0
203101,Miles Plumlee,0,1988-09-01,Duke,USA,6-11,249.0,8.0,18,Center,2012,2018,2012.0,1,26.0,26,Duke,College/University,83.75,84.75,40.5,15.0
77865,Gary Plummer,0,1962-02-21,Boston University,USA,6-9,215.0,2.0,45,Forward,1984,1992,1984.0,2,21.0,45,Boston University,College/University,,,,
2750,Pavel Podkolzin,0,1985-01-15,Metis Varese,Russia,7-5,260.0,2.0,,Center,2004,2005,2004.0,1,21.0,21,Pallacanestro Varese (Italy),Other Team/Club,,,,
1627751,Jakob Poeltl,1,1995-10-15,Utah,Austria,7-1,245.0,7.0,19,Center,2016,2023,2016.0,1,9.0,9,Utah,College/University,,,,
1629738,Vincent Poirier,0,1993-10-17,Baskonia,France,7-0,235.0,2.0,,Center-Forward,2019,2020,,,,,,,,,,
1630197,Aleksej Pokusevski,1,2001-12-26,Olympiacos,Serbia,7-0,210.0,3.0,17,Forward,2020,2023,2020.0,1,17.0,17,Olympiacos B.C. (Greece),Other Team/Club,,,,
77866,Dwayne Polee,0,1963-03-02,Pepperdine,USA,6-5,180.0,1.0,12,Forward,1986,1986,1986.0,3,7.0,54,Pepperdine,College/University,,,,
77867,Jim Pollard,0,,nan,,,,,,,,,1947.0,0,0.0,0,Stanford,College/University,,,,
1513,Scot Pollard,0,1975-02-12,Kansas,USA,6-11,278.0,12.0,66,Center-Forward,1997,2007,1997.0,1,19.0,19,Kansas,College/University,,,,
77868,Ralph Polson,0,,nan,,,,,,,,,1952.0,1,0.0,5,Whitworth,College/University,,,,
178,Olden Polynice,0,,nan,,,,,,,,,1987.0,1,8.0,8,Virginia,College/University,,,,
77869,Cliff Pondexter,0,1954-09-15,Long Beach State,USA,6-9,233.0,3.0,41,Forward,1975,1977,1974.0,1,16.0,16,Long Beach State,College/University,,,,
202347,Quincy Pondexter,0,,nan,,,,,,,,,2010.0,1,26.0,26,Washington,College/University,,,,
1629044,Shamorie Ponds,0,1998-06-29,St. John's - N.Y.,USA,6-0,175.0,1.0,,Guard,2019,2019,,,,,,,72.5,75.5,37.0,0.0
1630582,Yves Pons,0,1999-05-07,Tennessee,France,6-5,206.0,2.0,5,Forward,2021,2021,,,,,,,,,,
1629673,Jordan Poole,1,1999-06-19,Michigan,USA,6-4,194.0,4.0,3,Guard,2019,2023,2019.0,1,28.0,28,Michigan,College/University,77.5,78.75,35.5,
77870,David Pope,0,1962-04-15,Norfolk State,USA,6-7,220.0,2.0,51,Forward,1984,1985,1984.0,3,15.0,62,Norfolk State,College/University,,,,
998,Mark Pope,0,,nan,,,,,,,,,1996.0,2,23.0,52,Kentucky,College/University,,,,
77872,Dave Popson,0,1964-05-17,North Carolina,USA,6-10,220.0,3.0,50,Center,1988,1991,1987.0,4,19.0,88,North Carolina,College/University,,,,
77873,Ben Poquette,0,1955-05-07,Central Michigan,USA,6-9,235.0,10.0,50,Forward,1977,1986,1977.0,2,14.0,36,Central Michigan,College/University,,,,
2084,Chris Porter,0,1978-05-09,Auburn,USA,6-7,218.0,1.0,4,Forward,2000,2000,2000.0,2,26.0,55,Auburn,College/University,,,,
77875,Howard Porter,0,1948-08-31,Villanova,USA,6-8,220.0,7.0,54,Forward,1971,1977,1971.0,2,15.0,32,Villanova,College/University,,,,
1629007,Jontay Porter,0,1999-11-15,Missouri,USA,6-11,240.0,2.0,4,Center-Forward,2019,2020,,,,,,,83.5,84.25,31.0,9.0
77876,Kevin Porter,0,1950-04-17,St. Francis (PA),USA,6-0,170.0,10.0,1,Guard,1972,1982,1972.0,3,9.0,39,Saint Francis (PA),College/University,,,,
345,Terry Porter,0,1963-04-08,Wisconsin-Stevens Point,USA,6-3,205.0,17.0,30,Guard,1985,2001,1985.0,1,24.0,24,Wisconsin-Stevens Point,College/University,,,,
1629645,Kevin Porter Jr.,1,2000-05-04,Southern California,USA,6-4,203.0,4.0,3,Guard-Forward,2019,2023,2019.0,1,30.0,30,Southern California,College/University,77.5,81.0,34.0,2.0
1629008,Michael Porter Jr.,1,,nan,,,,,,,,,2018.0,1,14.0,14,Missouri,College/University,82.75,84.25,,
203490,Otto Porter Jr.,1,1993-06-03,Georgetown,USA,6-8,198.0,10.0,32,Forward,2013,2023,2013.0,1,3.0,3,Georgetown,College/University,80.5,85.5,36.0,9.0
1626171,Bobby Portis,1,1995-02-10,Arkansas,USA,6-11,250.0,8.0,9,Forward,2015,2023,2015.0,1,22.0,22,Arkansas,College/University,82.5,86.0,31.5,5.0
77878,Bob Portman,0,1947-03-22,Creighton,USA,6-5,200.0,4.0,33,Forward,1969,1972,1969.0,1,7.0,7,Creighton,College/University,,,,
204001,Kristaps Porzingis,1,1995-08-02,Cajasol Sevilla,Latvia,7-3,240.0,7.0,6,Forward-Center,2015,2023,2015.0,1,4.0,4,CB Sevilla (Spain),Other Team/Club,,,,
1899,James Posey,0,1977-01-13,Xavier,USA,6-8,217.0,13.0,41,Forward,1999,2010,1999.0,1,18.0,18,Xavier,College/University,,,,
2068,Lavor Postell,0,1978-02-26,St. John's (NY),USA,6-5,215.0,4.0,7,Guard-Forward,2000,2002,2000.0,2,10.0,39,St. John's (NY),College/University,,,,
958,Vitaly Potapenko,0,1975-03-21,Wright State,Ukraine,6-10,285.0,12.0,20,Center-Forward,1996,2006,1996.0,1,12.0,12,Wright State,College/University,,,,
1630695,Micah Potter,0,1998-04-06,Wisconsin,USA,6-8,248.0,2.0,25,Center,2021,2023,,,,,,,,,,
200796,Leon Powe,0,1984-01-22,California,USA,6-8,240.0,6.0,7,Forward,2006,2010,2006.0,2,19.0,49,California,College/University,,,,
203939,Dwight Powell,1,,nan,,,,,,,,,,,,,,,83.0,84.5,35.0,
2694,Josh Powell,0,1983-01-25,North Carolina State,USA,6-9,240.0,8.0,21,Forward,2005,2013,,,,,,,,,,
2867,Kasib Powell,0,1981-03-18,Texas Tech,USA,6-7,215.0,2.0,12,Forward,2007,2007,,,,,,,,,,
1629619,Myles Powell,0,1997-07-07,Seton Hall,USA,6-2,195.0,2.0,5,Guard,2021,2021,,,,,,,73.5,79.0,,
1626181,Norman Powell,1,1993-05-25,UCLA,USA,6-4,215.0,8.0,24,Guard,2015,2023,2015.0,2,16.0,46,California-Los Angeles,College/University,76.25,82.75,40.5,5.0
101232,Roger Powell,0,,nan,,,,,,,,,,,,,,,78.0,83.5,,
1627816,Alex Poythress,0,1993-09-06,Kentucky,USA,6-9,235.0,4.0,22,Forward,2016,2018,,,,,,,,,,
77879,Paul Pressey,0,1958-12-24,Tulsa,USA,6-5,185.0,12.0,5,Guard,1982,1992,1982.0,1,20.0,20,Tulsa,College/University,,,,
203515,Phil Pressey,0,1991-02-17,Missouri,USA,5-11,175.0,4.0,,Guard,2013,2015,,,,,,,71.5,74.25,38.5,7.0
77880,Dominic Pressley,0,,nan,,,,,,,,,1986.0,5,6.0,99,Boston College,College/University,,,,
77881,Harold Pressley,0,1963-07-14,Villanova,USA,6-7,210.0,4.0,21,Forward,1986,1989,1986.0,1,17.0,17,Villanova,College/University,,,,
1630554,Jason Preston,1,1999-08-10,Ohio,USA,6-3,181.0,1.0,17,Guard,2021,2023,2021.0,2,3.0,33,Ohio,College/University,,,,
201985,AJ Price,0,1986-10-07,Connecticut,USA,6-2,195.0,6.0,,Guard,2009,2014,2009.0,2,22.0,52,Connecticut,College/University,74.0,75.75,31.0,11.0
85,Brent Price,0,,nan,,,,,,,,,1992.0,2,5.0,32,Oklahoma,College/University,,,,
77883,Jim Price,0,,nan,,,,,,,,,1972.0,2,3.0,16,Louisville,College/University,,,,
899,Mark Price,0,1964-02-15,Georgia Tech,USA,6-0,180.0,12.0,25,Guard,1986,1997,1986.0,2,1.0,25,Georgia Tech,College/University,,,,
77884,Mike Price,0,,nan,,,,,,,,,1970.0,1,17.0,17,Illinois,College/University,,,,
101179,Ronnie Price,0,1983-06-21,Utah Valley,USA,6-2,190.0,13.0,14,Guard,2005,2016,,,,,,,74.25,77.5,39.0,11.0
77882,Tony Price,0,1957-01-05,Pennsylvania,USA,6-6,190.0,1.0,34,Guard,1980,1980,1979.0,2,7.0,29,Pennsylvania,College/University,,,,
77886,Bob Priddy,0,,nan,,,,,,,,,1952.0,0,0.0,0,New Mexico State,College/University,,,,
203143,Pablo Prigioni,0,,nan,,,,,,,,,,,,,,,,,,
1630563,Joshua Primo,1,2002-12-24,Alabama,Canada,6-6,189.0,2.0,,Guard,2021,2022,2021.0,1,12.0,12,Alabama,College/University,,,,
1627752,Taurean Prince,1,,nan,,,,,,,,,2016.0,1,12.0,12,Baylor,College/University,,,,
2419,Tayshaun Prince,0,1980-02-28,Kentucky,USA,6-9,212.0,15.0,12,Forward,2002,2015,2002.0,1,23.0,23,Kentucky,College/University,,,,
77887,John Pritchard,0,1927-01-23,Drake,USA,6-9,220.0,1.0,,Center,1949,1949,1949.0,7,0.0,0,Drake,College/University,,,,
340,Kevin Pritchard,0,1967-07-17,Kansas,USA,6-3,180.0,4.0,12,Guard,1990,1995,1990.0,2,7.0,34,Kansas,College/University,,,,
1630202,Payton Pritchard,1,1998-01-28,Oregon,USA,6-1,195.0,3.0,11,Guard,2020,2023,2020.0,1,26.0,26,Oregon,College/University,,,,
1919,Laron Profit,0,1977-08-05,Maryland,USA,6-5,204.0,4.0,,Guard-Forward,1999,2005,1999.0,2,9.0,38,Maryland,College/University,,,,
201172,Gabe Pruitt,0,1986-04-19,Southern California,USA,6-4,170.0,3.0,13,Guard,2007,2008,2007.0,2,2.0,32,Southern California,College/University,,,,
2038,Joel Przybilla,0,1979-10-10,Minnesota,USA,7-1,245.0,14.0,10,Center,2000,2012,2000.0,1,9.0,9,Minnesota,College/University,,,,
77888,Les Pugh,0,1923-09-18,Ohio State,USA,6-7,190.0,2.0,,Center,1948,1949,,,,,,,,,,
77889,Roy Pugh,0,1923-03-21,Southern Methodist,USA,,,1.0,,,1948,1948,1948.0,0,0.0,0,Southern Methodist,College/University,,,,
77890,Anthony Pullard,0,1966-06-23,McNeese State,USA,6-10,245.0,1.0,23,Forward,1992,1992,,,,,,,,,,
1626643,Jacob Pullen,0,,nan,,,,,,,,,,,,,,,,,,
1628681,Rodney Purvis,0,,nan,,,,,,,,,,,,,,,,,,
77891,Don Putman,0,,nan,,,,,,,,,,,,,,,,,,
1627817,Tim Quarterman,0,,nan,,,,,,,,,,,,,,,,,,
1630243,Trevelin Queen,0,1997-02-25,New Mexico State,USA,6-6,190.0,2.0,,Guard,2021,2022,,,,,,,,,,
1629674,Neemias Queta,1,1999-07-13,Utah State,Portugal,7-0,248.0,2.0,88,Center,2021,2023,2021.0,2,9.0,39,Utah State,College/University,84.25,88.25,32.5,1.0
77892,Bob Quick,0,,nan,,,,,,,,,1968.0,2,4.0,18,Xavier,College/University,,,,
1630193,Immanuel Quickley,1,1999-06-17,Kentucky,USA,6-2,190.0,3.0,5,Guard,2020,2023,2020.0,1,25.0,25,Kentucky,College/University,75.0,80.25,35.5,
200809,Chris Quinn,0,,nan,,,,,,,,,,,,,,,,,,
77893,Brian Quinnett,0,1966-05-30,Washington State,USA,6-8,235.0,3.0,23,Guard,1989,1991,1989.0,2,23.0,50,Washington State,College/University,,,,
1631311,Lester Quinones,1,2000-11-16,Memphis,USA,6-4,208.0,1.0,25,Guard,2022,2023,,,,,,,,,,
1628397,Ivan Rabb,0,,nan,,,,,,,,,2017.0,2,5.0,35,California,College/University,82.0,85.5,32.5,3.0
77894,Luke Rackley,0,1946-06-11,Xavier,USA,6-10,220.0,5.0,42,Center,1969,1973,1969.0,3,8.0,37,Xavier,College/University,,,,
77895,Howie Rader,0,1921-03-29,Long Island-Brooklyn,USA,6-1,190.0,1.0,,Guard,1948,1948,,,,,,,,,,
77896,Mark Radford,0,1959-07-05,Oregon State,USA,6-4,190.0,2.0,30,Guard,1981,1982,1981.0,3,7.0,53,Oregon State,College/University,,,,
77897,Wayne Radford,0,1956-05-29,Indiana,USA,6-3,205.0,1.0,21,Guard,1978,1978,1978.0,2,5.0,27,Indiana,College/University,,,,
129,Dino Radja,0,1967-04-24,Virtus Roma,Croatia,6-11,225.0,4.0,,Center,1993,1996,1989.0,2,13.0,40,KK Split (Croatia),Other Team/Club,,,,
2209,Vladimir Radmanovic,0,1980-11-19,FMP,Serbia,6-10,235.0,13.0,77,Forward,2001,2012,2001.0,1,12.0,12,KK FMP (Serbia),Other Team/Club,,,,
1893,Aleksandar Radojevic,0,1976-08-08,Buducnost,Bosnia and Herzegovina,7-3,250.0,2.0,,Center,1999,2004,1999.0,1,12.0,12,Barton Community College,College/University,,,,
77899,Frank Radovich,0,1938-03-03,Indiana,USA,6-8,235.0,1.0,9,Forward,1961,1961,1960.0,2,6.0,14,Indiana,College/University,,,,
77900,Moe Radovich,0,1929-05-05,Wyoming,USA,6-0,160.0,1.0,4,Guard,1952,1952,1952.0,0,0.0,0,Wyoming,College/University,,,,
203545,Miroslav Raduljica,0,1988-01-05,Efes Pilsen,Serbia,7-0,250.0,2.0,,Center,2013,2014,,,,,,,,,,
77901,Ray Radziszewski,0,,nan,,,,,,,,,1957.0,4,6.0,30,Saint Joseph's,College/University,,,,
77902,Ray Ragelis,0,1928-12-10,Northwestern,USA,6-4,205.0,1.0,18,Forward,1951,1951,1951.0,2,8.0,17,Northwestern,College/University,,,,
77903,Sherwin Raiken,0,1928-10-29,Villanova,USA,6-2,185.0,1.0,5,Guard,1952,1952,,,,,,,,,,
77904,Ed Rains,0,1956-12-24,South Alabama,USA,6-7,190.0,2.0,15,Forward,1981,1982,1981.0,2,7.0,30,South Alabama,College/University,,,,
2080,Igor Rakocevic,0,1978-03-29,Buducnost,Serbia,6-2,184.0,2.0,36,Guard,2002,2002,2000.0,2,22.0,51,Red Star Belgrade (Serbia),Other Team/Club,,,,
77905,Kurt Rambis,0,1958-02-25,Santa Clara,USA,6-8,213.0,14.0,18,Forward,1981,1994,1980.0,3,12.0,58,Santa Clara,College/University,,,,
2762,Peter John Ramos,0,1985-05-23,Caguas,Puerto Rico,7-3,275.0,2.0,,Center,2004,2004,2004.0,2,3.0,32,Criollos de Caguas (Puerto Rico),Other Team/Club,87.25,89.5,26.5,2.0
77906,Cal Ramsey,0,1937-07-13,New York University,USA,6-4,200.0,2.0,3,Forward,1959,1960,1959.0,2,7.0,13,New York University,College/University,,,,
77907,Frank Ramsey,0,1931-07-13,Kentucky,USA,6-3,190.0,9.0,23,Forward,1954,1963,1953.0,1,5.0,5,Kentucky,College/University,,,,
1630186,Jahmi'us Ramsey,0,2001-06-09,Texas Tech,USA,6-3,190.0,3.0,,Guard,2020,2021,2020.0,2,13.0,43,Texas Tech,College/University,75.7,78.0,,
77908,Ray Ramsey,0,1921-07-18,Bradley,USA,6-2,165.0,1.0,,Guard,1948,1948,,,,,,,,,,
1821,Mark Randall,0,1967-09-30,Kansas,USA,6-8,235.0,4.0,42,Forward,1991,1994,1991.0,1,26.0,26,Kansas,College/University,,,,
1626184,Chasson Randle,1,,nan,,,,,,,,,,,,,,,73.5,79.0,39.5,6.0
203944,Julius Randle,1,,nan,,,,,,,,,,,,,,,81.0,84.0,35.5,
201576,Anthony Randolph,0,1989-07-15,Louisiana State,USA,,,6.0,,,2008,2016,2008.0,1,14.0,14,Louisiana State,College/University,82.25,87.0,35.0,7.0
101183,Shavlik Randolph,0,1983-11-24,Duke,USA,6-10,236.0,8.0,,Forward,2005,2014,,,,,,,,,,
2216,Zach Randolph,0,1981-07-16,Michigan State,USA,6-9,250.0,18.0,50,Forward,2001,2017,2001.0,1,19.0,19,Michigan State,College/University,,,,
77910,Wally Rank,0,1958-03-01,San Jose State,USA,6-6,220.0,1.0,30,Forward,1980,1980,1980.0,5,7.0,99,San Jose State,College/University,,,,
77911,Kelvin Ransey,0,1958-05-03,Ohio State,USA,6-2,170.0,6.0,14,Guard,1980,1985,1980.0,1,4.0,4,Ohio State,College/University,,,,
77912,Sam Ranzino,0,1927-06-21,North Carolina State,USA,6-1,185.0,1.0,3,Guard,1951,1951,1951.0,1,8.0,8,North Carolina State,College/University,,,,
78656,Blair Rasmussen,0,1962-11-13,Oregon,USA,6-4,172.0,8.0,41,Forward,1985,1992,1985.0,1,15.0,15,Oregon,College/University,,,,
1628504,Xavier Rathan-Mayes,0,1994-04-29,Florida State,Canada,6-4,208.0,1.0,,Guard,2017,2017,,,,,,,,,,
77913,George Ratkovicz,0,,nan,,,,,,,,,,,,,,,,,,
77914,Ed Ratleff,0,1950-03-29,Long Beach State,USA,6-6,195.0,5.0,42,Guard,1973,1977,1973.0,1,6.0,6,Long Beach State,College/University,,,,
77915,Mike Ratliff,0,1951-06-07,Wisconsin-Eau Claire,USA,6-10,230.0,2.0,43,Center,1972,1973,1972.0,2,15.0,28,Wisconsin-Eau Claire,College/University,,,,
689,Theo Ratliff,0,1973-04-17,Wyoming,USA,6-10,235.0,17.0,50,Center,1995,2010,1995.0,1,18.0,18,Wyoming,College/University,,,,
202360,Andy Rautins,0,1986-11-02,Syracuse,USA,6-4,190.0,2.0,11,Guard,2010,2010,2010.0,2,8.0,38,Syracuse,College/University,77.0,79.0,30.5,8.0
77916,Leo Rautins,0,1960-03-20,Syracuse,USA,6-8,215.0,2.0,7,Forward,1983,1984,1983.0,1,17.0,17,Syracuse,College/University,,,,
200810,Allan Ray,0,1984-06-17,Villanova,USA,,,1.0,,,2006,2007,,,,,,,,,,
77917,Clifford Ray,0,1949-01-21,Oklahoma,USA,6-9,230.0,10.0,44,Center,1971,1980,1971.0,3,5.0,40,Oklahoma,College/University,,,,
77918,Don Ray,0,1921-07-08,Western Kentucky,USA,6-5,190.0,1.0,96,Forward,1949,1949,1948.0,1,11.0,11,Western Kentucky,College/University,,,,
77920,Jamesearl Ray,0,1957-07-27,Jacksonville,USA,6-8,215.0,3.0,43,Forward,1980,1982,1980.0,1,5.0,5,Jacksonville,College/University,,,,
77919,Jim Ray,0,1934-01-12,Toledo,USA,6-0,180.0,2.0,3,Guard,1956,1959,1956.0,0,0.0,0,Toledo,College/University,,,,
77921,Craig Raymond,0,1945-04-05,Brigham Young,USA,6-11,235.0,1.0,20,Center,1968,1968,1967.0,1,12.0,12,Brigham Young,College/University,,,,
77922,Connie Rea,0,1935-01-27,Centenary-Louisiana,USA,6-3,175.0,1.0,,Guard,1953,1953,1953.0,0,0.0,0,Centenary (LA),College/University,,,,
1630559,Austin Reaves,1,1998-05-29,Oklahoma,USA,6-5,197.0,2.0,15,Guard,2021,2023,,,,,,,,,,
77923,Joe Reaves,0,1950-05-27,Bethel,USA,6-5,210.0,1.0,24,Forward,1973,1973,1973.0,3,7.0,42,Bethel (TN),College/University,,,,
1629729,Josh Reaves,0,,nan,,,,,,,,,,,,,,,,,,
1442,Zeljko Rebraca,0,1972-04-09,Panathinaikos,Serbia,7-0,265.0,6.0,11,Center,2001,2005,1994.0,2,27.0,54,KK Partizan (Serbia),Other Team/Club,,,,
695,Eldridge Recasner,0,,nan,,,,,,,,,,,,,,,,,,
2072,Michael Redd,0,1979-08-24,Ohio State,USA,6-6,215.0,13.0,22,Guard,2000,2011,2000.0,2,14.0,43,Ohio State,College/University,,,,
1629629,Cam Reddish,1,1999-09-01,Duke,USA,6-7,217.0,4.0,5,Forward-Guard,2019,2023,2019.0,1,10.0,10,Duke,College/University,80.0,84.5,,
77925,Frank Reddout,0,1905-04-14,Syracuse,USA,6-5,195.0,1.0,21,Forward,1953,1953,1953.0,0,0.0,0,Syracuse,College/University,,,,
200755,JJ Redick,0,,nan,,,,,,,,,2006.0,1,11.0,11,Duke,College/University,,,,
77926,Marlon Redmond,0,1955-04-15,San Francisco,USA,6-6,188.0,2.0,4,Guard,1978,1979,1977.0,3,16.0,60,San Francisco,College/University,,,,
1628432,Davon Reed,1,1995-06-11,Miami,USA,6-5,206.0,4.0,,Guard,2017,2022,2017.0,2,2.0,32,Miami (FL),College/University,77.5,84.0,36.0,12.0
77927,Hub Reed,0,,nan,,,,,,,,,1958.0,2,7.0,14,Oklahoma City,College/University,,,,
2770,Justin Reed,0,1982-01-16,Mississippi,USA,6-8,240.0,4.0,,Forward,2004,2006,2004.0,2,11.0,40,Mississippi,College/University,,,,
1630194,Paul Reed,1,,nan,,,,,,,,,2020.0,2,28.0,58,DePaul,College/University,81.2,86.0,37.5,
77928,Ron Reed,0,1942-11-02,Notre Dame,USA,6-5,205.0,2.0,20,Forward,1965,1966,1965.0,3,3.0,20,Notre Dame,College/University,,,,
203186,Willie Reed,0,1990-05-16,St. Louis,USA,6-11,245.0,3.0,,Center,2012,2017,,,,,,,,,,
77929,Willis Reed,0,1942-06-25,Grambling,USA,6-10,235.0,10.0,19,Center,1964,1973,1964.0,2,1.0,8,Grambling,College/University,,,,
735,Bryant Reeves,0,1973-06-08,Oklahoma State,USA,7-0,290.0,6.0,50,Center,1995,2000,1995.0,1,6.0,6,Oklahoma State,College/University,,,,
234,Khalid Reeves,0,1972-07-15,Arizona,USA,6-3,199.0,6.0,,Guard,1994,1999,1994.0,1,12.0,12,Arizona,College/University,,,,
77932,Richie Regan,0,,nan,,,,,,,,,1953.0,1,4.0,4,Seton Hall,College/University,,,,
77933,Don Rehfeldt,0,1927-01-07,Wisconsin,USA,6-6,210.0,2.0,15,Forward,1950,1951,1950.0,1,2.0,2,Wisconsin,College/University,,,,
77937,Billy Reid,0,1957-09-10,San Francisco,USA,6-5,190.0,1.0,31,Guard,1980,1980,1979.0,5,10.0,98,San Francisco,College/University,,,,
690,Don Reid,0,1973-12-30,Georgetown,USA,6-8,250.0,9.0,52,Forward,1995,2002,1995.0,2,29.0,58,Georgetown,College/University,,,,
462,J.R. Reid,0,1968-03-31,North Carolina,USA,,,11.0,,Forward,1989,2000,1989.0,1,5.0,5,North Carolina,College/University,,,,
77935,Jim Reid,0,,nan,,,,,,,,,,,,,,,,,,
1629675,Naz Reid,1,1999-08-26,Louisiana State,USA,6-9,264.0,4.0,11,Center-Forward,2019,2023,,,,,,,81.5,87.25,32.5,3.0
77936,Robert Reid,0,1955-08-30,St. Mary's (TX),USA,6-8,205.0,13.0,50,Forward,1977,1990,1977.0,2,18.0,40,St. Mary's (TX),College/University,,,,
202385,Ryan Reid,0,1986-10-30,Florida State,USA,6-8,235.0,1.0,,Forward,2011,2011,2010.0,2,27.0,57,Florida State,College/University,,,,
2876,Jared Reiner,0,,nan,,,,,,,,,,,,,,,83.75,84.5,26.0,15.0
77938,Joseph Reiser,0,1914-12-17,New York University,USA,5-11,165.0,3.0,,Guard,1947,1949,1947.0,0,0.0,0,New York University,College/University,,,,
77939,Richard Rellford,0,1964-02-16,Michigan,USA,6-6,230.0,1.0,42,Forward,1987,1987,1986.0,5,2.0,95,Michigan,College/University,,,,
720,Terrence Rencher,0,1973-02-19,Texas-Austin,USA,6-3,185.0,1.0,,Guard,1995,1995,1995.0,2,3.0,32,Texas,College/University,,,,
77941,John Rennicke,0,1929-08-11,Drake,USA,6-2,185.0,1.0,,Guard,1951,1951,1951.0,6,2.0,51,Drake,College/University,,,,
77942,Rob Rensberger,0,,nan,,,,,,,,,,,,,,,,,,
981,Efthimios Rentzias,0,1976-01-11,FC Barcelona,Greece,6-11,250.0,2.0,14,Center,2002,2002,1996.0,1,23.0,23,P.A.O.K. B.C. (Greece),Other Team/Club,,,,
704,Shawn Respert,0,1972-02-06,Michigan State,USA,6-1,195.0,4.0,,Guard,1995,1998,1995.0,1,8.0,8,Michigan State,College/University,,,,
77944,Kevin Restani,0,1951-12-23,San Francisco,USA,6-9,225.0,8.0,24,Forward,1974,1981,1974.0,3,3.0,39,San Francisco,College/University,,,,
1629244,Cam Reynolds,0,1995-02-07,Tulane,USA,6-7,225.0,2.0,,Forward,2018,2020,,,,,,,,,,
77945,George Reynolds,0,1947-11-23,Houston,USA,6-4,195.0,1.0,10,Guard,1969,1969,1969.0,9,4.0,117,Houston,College/University,,,,
77946,Jerry Reynolds,0,1962-12-23,Louisiana State,USA,6-8,200.0,8.0,44,Guard,1985,1995,1985.0,1,22.0,22,Louisiana State,College/University,,,,
1631197,Jared Rhoden,1,,nan,,,,,,,,,,,,,,,,,,
77947,Gene Rhodes,0,,nan,,,,,,,,,1952.0,0,0.0,0,Western Kentucky,College/University,,,,
1518,Rodrick Rhodes,0,1973-09-24,Southern California,USA,6-6,225.0,3.0,,Guard,1997,1999,1997.0,1,24.0,24,Southern California,College/University,,,,
779,Glen Rice,0,1967-05-28,Michigan,USA,6-8,228.0,15.0,,Forward-Guard,1989,2003,1989.0,1,4.0,4,Michigan,College/University,,,,
203318,Glen Rice,0,1991-01-01,Georgia Tech,USA,6-6,206.0,2.0,,Guard-Forward,2013,2014,2013.0,2,5.0,35,Michigan,College/University,77.75,81.25,40.5,10.0
201181,Chris Richard,0,1984-12-25,Florida,USA,6-9,256.0,3.0,35,Forward,2007,2009,2007.0,2,11.0,41,Florida,College/University,80.75,88.5,30.5,15.0
1630208,Nick Richards,1,1997-11-29,Kentucky,Jamaica,7-0,245.0,3.0,4,Center,2020,2023,2020.0,2,12.0,42,Kentucky,College/University,83.5,86.25,34.0,
77950,Clint Richardson,0,,nan,,,,,,,,,1979.0,2,14.0,36,Seattle,College/University,,,,
2202,Jason Richardson,0,1981-01-20,Michigan State,USA,6-6,225.0,14.0,23,Guard,2001,2014,2001.0,1,5.0,5,Michigan State,College/University,,83.5,39.5,15.0
200978,Jeremy Richardson,0,1984-03-01,Delta State,USA,6-7,195.0,4.0,32,Guard-Forward,2006,2008,,,,,,,,,,
1626196,Josh Richardson,1,1993-09-15,Tennessee,USA,6-6,200.0,8.0,2,Guard,2015,2023,2015.0,2,10.0,40,Tennessee,College/University,,,,
1627781,Malachi Richardson,0,1996-01-05,Syracuse,USA,6-6,205.0,3.0,,Guard,2016,2018,2016.0,1,22.0,22,Syracuse,College/University,,,,
77952,Micheal Ray Richardson,0,1955-04-11,Montana,USA,6-5,189.0,8.0,20,Guard,1978,1985,1978.0,1,4.0,4,Montana,College/University,,,,
2369,Norman Richardson,0,,nan,,,,,,,,,,,,,,,,76.5,35.5,2.0
71,Pooh Richardson,0,1966-05-14,UCLA,USA,6-1,180.0,10.0,,Guard,1989,1998,1989.0,1,10.0,10,California-Los Angeles,College/University,,,,
2047,Quentin Richardson,0,1980-04-13,DePaul,USA,6-6,228.0,14.0,55,Forward,2000,2012,2000.0,1,18.0,18,DePaul,College/University,,,,
782,Mitch Richmond,0,1965-06-30,Kansas State,USA,6-5,220.0,14.0,2,Guard,1988,2001,1988.0,1,5.0,5,Kansas State,College/University,,,,
77954,John Richter,0,1937-03-12,North Carolina State,USA,6-9,225.0,1.0,16,Forward,1959,1959,1959.0,1,6.0,6,North Carolina State,College/University,,,,
77955,Dick Ricketts,0,1933-12-04,Duquesne,USA,6-7,215.0,3.0,24,Forward,1955,1957,,,,,,,,,,
375,Isaiah Rider,0,1971-03-12,UNLV,USA,,,9.0,,Guard,1993,2001,1993.0,1,5.0,5,Nevada-Las Vegas,College/University,,,,
77957,Jackie Ridgle,0,1948-02-13,California,USA,6-4,195.0,1.0,23,Guard,1971,1971,1971.0,3,6.0,41,California,College/University,,,,
2557,Luke Ridnour,0,1981-02-13,Oregon,USA,6-2,175.0,12.0,13,Guard,2003,2014,2003.0,1,14.0,14,Oregon,College/University,,,,
77958,Mel Riebe,0,,nan,,,,,,,,,,,,,,,,,,
77959,Jim Riffey,0,,nan,,,,,,,,,1950.0,2,0.0,0,Tulane,College/University,,,,
2541,Antoine Rigaudeau,0,1971-12-17,Virtus Bologna,France,6-7,210.0,2.0,,Guard,2002,2002,,,,,,,,,,
77960,Tom Riker,0,1950-02-28,South Carolina,USA,6-10,225.0,3.0,6,Forward,1972,1974,1972.0,1,8.0,8,South Carolina,College/University,,,,
77963,Bob Riley,0,1948-07-06,Mount St. Mary's,USA,6-9,235.0,1.0,12,Forward,1970,1970,1970.0,5,14.0,82,Mount St. Mary's,College/University,,,,
35,Eric Riley,0,1970-06-02,Michigan,USA,7-0,245.0,4.0,44,Center,1993,1998,1993.0,2,6.0,33,Michigan,College/University,,,,
77962,Pat Riley,0,1945-03-20,Kentucky,USA,6-4,205.0,9.0,12,Guard,1967,1975,1967.0,1,7.0,7,Kentucky,College/University,,,,
77964,Ron Riley,0,1950-11-11,Southern California,USA,6-8,195.0,4.0,31,Forward,1972,1975,1972.0,3,8.0,38,Southern California,College/University,,,,
1630203,Grant Riller,0,1997-02-08,College of Charleston,USA,6-2,190.0,2.0,7,Guard,2020,2020,2020.0,2,26.0,56,College of Charleston,College/University,73.0,77.25,39.5,
77965,Rich Rinaldi,0,,nan,,,,,,,,,1971.0,3,8.0,43,St. Peter's,College/University,,,,
77966,Mike Riordan,0,1945-07-09,Providence,USA,6-4,200.0,9.0,6,Forward,1968,1976,1967.0,12,5.0,128,Providence,College/University,,,,
77967,Arnie Risen,0,1924-10-09,Ohio State,USA,6-9,200.0,10.0,19,Center,1948,1957,,,,,,,,,,
77968,Goebel Ritter,0,,nan,,,,,,,,,1948.0,0,0.0,0,Eastern Kentucky,College/University,,,,
77969,Ramon Rivas,0,1966-06-03,Temple,Puerto Rico,6-10,260.0,1.0,45,Forward,1988,1988,,,,,,,,,,
203085,Austin Rivers,1,1992-08-01,Duke,USA,6-4,200.0,11.0,25,Guard,2012,2023,2012.0,1,10.0,10,Duke,College/University,77.0,79.25,37.5,1.0
77970,David Rivers,0,,nan,,,,,,,,,1988.0,1,25.0,25,Notre Dame,College/University,,,,
470,Doc Rivers,0,1961-10-13,Marquette,USA,6-4,210.0,13.0,25,Guard,1983,1995,1983.0,2,7.0,31,Marquette,College/University,,,,
77972,Lee Robbins,0,1922-02-11,Colorado,USA,6-3,175.0,2.0,,Forward,1947,1948,,,,,,,,,,
203460,Andre Roberson,0,1991-12-04,Colorado,USA,6-7,210.0,7.0,,Guard-Forward,2013,2020,2013.0,1,26.0,26,Colorado,College/University,79.0,83.0,36.5,10.0
101194,Anthony Roberson,0,,nan,,,,,,,,,,,,,,,74.5,74.75,37.0,14.0
77973,Rick Roberson,0,1947-07-07,Cincinnati,USA,6-9,231.0,7.0,50,Center,1969,1975,1969.0,1,15.0,15,Cincinnati,College/University,,,,
2121,Terrance Roberson,0,1976-12-30,Fresno State,USA,,,1.0,,,2000,2000,,,,,,,,,,
77975,Anthony Roberts,0,1955-04-15,Oral Roberts,USA,6-5,185.0,5.0,30,Forward,1977,1983,1977.0,1,21.0,21,Oral Roberts,College/University,,,,
77979,Bill Roberts,0,1905-04-08,Wyoming,USA,,,2.0,,,1948,1949,,,,,,,,,,
203148,Brian Roberts,0,1985-12-03,Dayton,USA,6-1,173.0,6.0,22,Guard,2012,2016,,,,,,,,,,
122,Fred Roberts,0,1960-08-14,Brigham Young,USA,6-10,218.0,13.0,,Forward,1983,1996,1982.0,2,4.0,27,Brigham Young,College/University,,,,
77977,Joe Roberts,0,1936-05-18,Ohio State,USA,6-6,214.0,3.0,12,Forward,1960,1962,1960.0,3,5.0,21,Ohio State,College/University,,,,
101160,Lawrence Roberts,0,1982-10-20,Mississippi State,USA,6-9,240.0,3.0,44,Forward,2005,2006,2005.0,2,25.0,55,Mississippi,College/University,81.0,81.5,33.0,18.0
77978,Marv Roberts,0,1950-01-29,Utah State,USA,6-8,200.0,1.0,30,Forward,1976,1976,1971.0,3,10.0,45,Utah State,College/University,,,,
914,Stanley Roberts,0,1970-02-07,Louisiana State,USA,7-0,290.0,9.0,,Center,1991,1999,1991.0,1,23.0,23,Louisiana State,College/University,,,,
926,Alvin Robertson,0,1962-07-22,Arkansas,USA,6-4,208.0,10.0,7,Guard,1984,1995,1984.0,1,7.0,7,Arkansas,College/University,,,,
600015,Oscar Robertson,0,1938-11-24,Cincinnati,USA,6-5,205.0,14.0,14,Guard,1960,1973,1960.0,1,1.0,1,Cincinnati,College/University,,,,
1926,Ryan Robertson,0,1976-10-02,Kansas,USA,6-5,190.0,1.0,,Guard,1999,1999,1999.0,2,16.0,45,Kansas,College/University,,,,
77983,Tony Robertson,0,1956-01-01,West Virginia,USA,6-4,195.0,2.0,25,Guard,1977,1978,1977.0,4,22.0,88,West Virginia,College/University,,,,
77984,Rick Robey,0,1956-01-30,Kentucky,USA,6-11,230.0,8.0,8,Center,1978,1985,1978.0,1,3.0,3,Kentucky,College/University,,,,
2774,Bernard Robinson,0,1980-12-26,Michigan,USA,6-6,210.0,4.0,22,Guard-Forward,2004,2006,2004.0,2,16.0,45,Michigan,College/University,78.5,82.0,34.5,14.0
997,Chris Robinson,0,1974-04-02,Western Kentucky,USA,6-5,200.0,2.0,5,Guard,1996,1997,1996.0,2,22.0,51,Western Kentucky,College/University,,,,
77986,Cliff T. Robinson,0,1960-03-13,Southern California,USA,6-9,220.0,11.0,43,Forward,1979,1991,1979.0,1,11.0,11,Southern California,College/University,,,,
361,Clifford Robinson,0,1966-12-16,Connecticut,USA,6-10,245.0,18.0,30,Forward-Center,1989,2006,1989.0,2,9.0,36,Connecticut,College/University,,,,
764,David Robinson,0,1965-08-06,Navy,USA,7-1,250.0,14.0,50,Center,1989,2002,1987.0,1,1.0,1,Navy,College/University,,,,
1628421,Devin Robinson,0,1995-03-07,Florida,USA,6-8,200.0,3.0,7,Forward,2017,2018,,,,,,,80.25,84.75,41.5,10.0
1629130,Duncan Robinson,1,1994-04-22,Michigan,USA,6-7,215.0,5.0,55,Forward,2018,2023,,,,,,,,,,
1944,Eddie Robinson,0,,nan,,,,,,,,,,,,,,,,,,
77988,Flynn Robinson,0,1941-04-28,Wyoming,USA,6-1,185.0,7.0,21,Guard,1966,1972,1965.0,2,7.0,15,Wyoming,College/University,,,,
299,Glenn Robinson,0,1973-01-10,Purdue,USA,6-7,240.0,12.0,3,Forward,1994,2004,1994.0,1,1.0,1,Purdue,College/University,,,,
77989,Jackie Robinson,0,1955-05-20,UNLV,USA,6-6,210.0,3.0,8,Forward,1978,1981,1978.0,4,1.0,67,Nevada-Las Vegas,College/University,,,,
1554,Jamal Robinson,0,1973-12-27,Virginia,USA,,,1.0,,,2000,2000,,,,,,,,,,
381,James Robinson,0,1970-08-31,Alabama,USA,,,7.0,,Guard,1993,2000,1993.0,1,21.0,21,Alabama,College/University,,,,
1629010,Jerome Robinson,1,,nan,,,,,,,,,2018.0,1,13.0,13,Boston College,College/University,77.0,79.25,,
1629620,Justin Robinson,0,1997-10-12,Virginia Tech,USA,6-1,195.0,3.0,,Guard,2019,2021,,,,,,,,,,
1683,Larry Robinson,0,1968-01-11,Centenary-Louisiana,USA,6-3,180.0,7.0,25,Guard,1990,2001,,,,,,,,,,
1629011,Mitchell Robinson,1,1998-04-01,Western Kentucky,USA,7-0,240.0,5.0,23,Center-Forward,2018,2023,2018.0,2,6.0,36,,,,,,
101126,Nate Robinson,0,1984-05-31,Washington,USA,5-9,180.0,11.0,,Guard,2005,2015,2005.0,1,21.0,21,Washington,College/University,69.0,73.0,43.5,13.0
77994,Oliver Robinson,0,1960-03-13,Alabama-Birmingham,USA,6-4,180.0,1.0,1,Guard,1982,1982,1982.0,2,1.0,24,Alabama-Birmingham,College/University,,,,
1631115,Orlando Robinson,1,2000-07-10,Fresno State,USA,6-10,235.0,1.0,25,Center,2022,2023,,,,,,,83.0,88.0,27.5,
716,Rumeal Robinson,0,1966-11-13,Michigan,USA,6-2,195.0,6.0,20,Guard,1990,1996,1990.0,1,10.0,10,Michigan,College/University,,,,
203080,Thomas Robinson,0,1991-03-17,Kansas,USA,6-10,237.0,6.0,15,Forward,2012,2016,2012.0,1,5.0,5,Kansas,College/University,80.75,87.25,35.5,15.0
77993,Truck Robinson,0,1951-10-04,Tennessee State,USA,6-7,225.0,11.0,21,Forward,1974,1984,1974.0,2,4.0,22,Tennessee State,College/University,,,,
77996,Wayne Robinson,0,1958-04-19,Virginia Tech,USA,6-8,217.0,1.0,,Forward,1980,1980,1980.0,2,8.0,31,Virginia Tech,College/University,,,,
203922,Glenn Robinson III,0,1994-01-08,Michigan,USA,6-6,222.0,7.0,,Forward,2014,2020,,,,,,,78.75,82.0,41.5,
1630526,Jeremiah Robinson-Earl,1,2000-11-03,Villanova,USA,6-8,240.0,2.0,50,Forward,2021,2023,2021.0,2,2.0,32,Villanova,College/University,,,,
77997,Bill Robinzine,0,1953-01-20,DePaul,USA,6-7,230.0,7.0,52,Forward,1975,1981,1975.0,1,10.0,10,DePaul,College/University,,,,
77998,Dave Robisch,0,1949-12-22,Kansas,USA,6-10,235.0,8.0,35,Center,1976,1983,1971.0,3,9.0,44,Kansas,College/University,,,,
1629676,Isaiah Roby,1,1998-02-03,Nebraska,USA,6-8,230.0,4.0,18,Forward,2019,2023,2019.0,2,15.0,45,Nebraska,College/University,80.5,85.0,35.5,9.0
77999,Red Rocha,0,1923-09-18,Oregon State,USA,6-9,185.0,9.0,6,Center,1947,1956,1947.0,0,0.0,0,Oregon State,College/University,,,,
78000,John Roche,0,1949-09-26,South Carolina,USA,6-3,170.0,4.0,10,Guard,1975,1981,1971.0,1,14.0,14,South Carolina,College/University,,,,
78001,Gene Rock,0,1921-11-04,Southern California,USA,5-9,155.0,1.0,,Guard,1947,1947,,,,,,,,,,
78002,Jack Rocker,0,,nan,,,,,,,,,,,,,,,,,,
1631223,David Roddy,1,2001-03-27,Colorado State,USA,6-4,255.0,1.0,27,Forward,2022,2023,2022.0,1,23.0,23,Colorado State,College/University,78.0,83.5,35.5,
78003,Guy Rodgers,0,,nan,,,,,,,,,1958.0,0,0.0,0,Temple,College/University,,,,
23,Dennis Rodman,0,1961-05-13,Southeastern Oklahoma State,USA,6-7,210.0,14.0,10,Forward,1986,1999,1986.0,2,3.0,27,Southeastern Oklahoma State,College/University,,,,
200771,Sergio Rodriguez,0,1986-06-12,Estudiantes,Spain,6-3,176.0,6.0,14,Guard,2006,2016,2006.0,1,27.0,27,CB Estudiantes (Spain),Other Team/Club,,,,
691,Lou Roe,0,1972-07-14,Massachusetts,USA,6-7,220.0,2.0,21,Forward,1995,1996,1995.0,2,1.0,30,Massachusetts,College/University,,,,
435,Carlos Rogers,0,,nan,,,,,,,,,1994.0,1,11.0,11,Tennessee State,College/University,,,,
78007,Johnny Rogers,0,1963-12-30,California-Irvine,USA,6-10,225.0,2.0,32,Forward,1986,1987,1986.0,2,10.0,34,California-Irvine,College/University,,,,
78008,Marshall Rogers,0,1953-08-27,Texas-Pan American,USA,6-1,190.0,1.0,11,Guard,1976,1976,1976.0,2,17.0,34,Texas-Pan American,College/University,,,,
915,Rodney Rogers,0,,nan,,,,,,,,,1993.0,1,9.0,9,Wake Forest,College/University,,,,
964,Roy Rogers,0,1973-08-19,Alabama,USA,6-10,235.0,2.0,,Forward,1996,1999,1996.0,1,22.0,22,Alabama,College/University,,,,
78010,Al Roges,0,1930-10-25,Long Island-Brooklyn,USA,6-4,195.0,2.0,18,Forward,1953,1954,,,,,,,,,,
78011,Ken Rohloff,0,1939-04-18,North Carolina State,USA,6-0,195.0,1.0,,Guard,1963,1963,1963.0,7,6.0,59,North Carolina State,College/University,,,,
202375,Magnum Rolle,0,1986-02-23,Louisiana Tech,Bahamas,6-11,235.0,1.0,25,Forward,2010,2010,2010.0,2,21.0,51,Louisiana Tech,College/University,,,,
78012,Kenny Rollins,0,1923-09-14,Kentucky,USA,6-0,168.0,3.0,4,Guard,1948,1952,1948.0,0,0.0,0,Kentucky,College/University,,,,
78013,Phil Rollins,0,1934-01-19,Louisville,USA,6-2,185.0,3.0,3,Guard,1958,1960,1956.0,0,0.0,0,Louisville,College/University,,,,
1631157,Ryan Rollins,1,2002-07-03,Toledo,USA,6-3,180.0,1.0,2,Guard,2022,2023,2022.0,2,14.0,44,Toledo,College/University,75.25,81.75,36.5,
78014,Tree Rollins,0,1955-06-16,Clemson,USA,7-1,235.0,18.0,30,Center,1977,1994,1977.0,1,14.0,14,Clemson,College/University,,,,
78015,Lorenzo Romar,0,1958-11-13,Washington,USA,6-1,175.0,5.0,14,Guard,1980,1984,1980.0,7,3.0,141,Washington,College/University,,,,
200765,Rajon Rondo,0,1986-02-22,Kentucky,USA,6-1,180.0,17.0,1,Guard,2006,2021,2006.0,1,21.0,21,Kentucky,College/University,,,,
399,Sean Rooks,0,,nan,,,,,,,,,1992.0,2,3.0,30,Arizona,College/University,,,,
201565,Derrick Rose,1,,nan,,,,,,,,,2008.0,1,1.0,1,Memphis,College/University,74.5,80.0,40.0,10.0
147,Jalen Rose,0,1973-01-30,Michigan,USA,6-8,215.0,14.0,8,Guard-Forward,1994,2006,1994.0,1,13.0,13,Michigan,College/University,,,,
990,Malik Rose,0,1974-11-23,Drexel,USA,6-7,255.0,14.0,9,Forward,1996,2008,1996.0,2,15.0,44,Drexel,College/University,,,,
78016,Robert Rose,0,1964-12-27,George Mason,USA,6-5,180.0,1.0,42,Forward,1988,1988,,,,,,,,,,
78017,Alexander Rosenberg,0,1918-04-07,St. Joseph's (PA),USA,5-10,165.0,1.0,15,Guard,1946,1946,,,,,,,,,,
78018,Lennie Rosenbluth,0,1933-01-22,North Carolina,USA,6-4,190.0,2.0,18,Forward,1957,1958,1957.0,1,6.0,6,North Carolina,College/University,,,,
78019,Hank Rosenstein,0,1920-06-16,City College of New York,USA,6-4,185.0,1.0,,Forward,1946,1946,,,,,,,,,,
78020,Dick Rosenthal,0,1933-01-20,Notre Dame,USA,6-5,205.0,2.0,15,Forward,1954,1956,1954.0,1,4.0,4,Notre Dame,College/University,,,,
2624,Quinton Ross,0,,nan,,,,,,,,,,,,,,,,,,
203082,Terrence Ross,1,1991-02-05,Washington,USA,6-7,206.0,11.0,8,Guard-Forward,2012,2023,2012.0,1,8.0,8,Washington,College/University,79.0,79.25,37.5,2.0
78021,Doug Roth,0,1967-08-24,Tennessee,USA,6-11,255.0,1.0,13,Forward,1989,1989,1989.0,2,14.0,41,Tennessee,College/University,,,,
78022,Scott Roth,0,1963-06-03,Wisconsin,USA,6-8,212.0,3.0,3,Forward,1987,1989,1985.0,4,12.0,82,Wisconsin,College/University,,,,
78023,Irv Rothenberg,0,1921-12-31,Long Island-Brooklyn,USA,6-7,215.0,3.0,3,Center,1946,1948,1947.0,0,0.0,0,Long Island-Brooklyn,College/University,,,,
78024,Mickey Rottner,0,1919-03-23,Loyola-Chicago,USA,5-10,180.0,2.0,,Guard,1946,1947,,,,,,,,,,
78025,Dan Roundfield,0,1953-05-26,Central Michigan,USA,6-8,205.0,11.0,5,Forward,1976,1986,1975.0,2,10.0,28,Central Michigan,College/University,,,,
78026,Giff Roux,0,1923-06-28,Kansas,USA,6-5,195.0,3.0,,Forward,1946,1948,,,,,,,,,,
78027,Ron Rowan,0,1962-04-23,St. John's (NY),USA,6-5,200.0,1.0,11,Forward,1986,1986,1986.0,3,20.0,67,St. John's (NY),College/University,,,,
78028,Curtis Rowe,0,1949-07-02,UCLA,USA,6-7,225.0,8.0,41,Forward,1971,1978,1971.0,1,11.0,11,California-Los Angeles,College/University,,,,
78029,Jim Rowinski,0,1961-01-04,Purdue,USA,6-8,250.0,2.0,50,Center,1988,1989,1984.0,4,16.0,86,Purdue,College/University,,,,
78030,Derrick Rowland,0,1959-06-21,SUNY-Potsdam,USA,6-5,195.0,1.0,12,Forward,1985,1985,1981.0,10,8.0,211,Potsdam,College/University,,,,
78031,Brian Rowsom,0,1965-10-23,North Carolina-Wilmington,USA,6-9,220.0,3.0,32,Forward,1987,1989,1987.0,2,11.0,34,North Carolina-Wilmington,College/University,,,,
200750,Brandon Roy,0,1984-07-23,Washington,USA,6-6,211.0,6.0,3,Guard,2006,2012,2006.0,1,6.0,6,Washington,College/University,,,,
140,Donald Royal,0,1966-05-22,Notre Dame,USA,6-8,218.0,8.0,5,Forward,1989,1997,1987.0,3,6.0,52,Notre Dame,College/University,,,,
78033,Bob Royer,0,1927-10-15,Indiana State,USA,5-10,155.0,1.0,,Guard,1949,1949,1949.0,8,0.0,0,Indiana State,College/University,,,,
32,Clifford Rozier,0,1972-10-31,Louisville,USA,6-11,245.0,4.0,,Center,1994,1997,1994.0,1,16.0,16,Louisville,College/University,,,,
1626179,Terry Rozier,1,1994-03-17,Louisville,USA,6-1,190.0,8.0,3,Guard,2015,2023,2015.0,1,16.0,16,Louisville,College/University,74.25,80.25,38.0,7.0
201937,Ricky Rubio,1,,nan,,,,,,,,,2009.0,1,5.0,5,Joventut Badalona (Spain),Other Team/Club,,,,
2462,Guy Rucker,0,1977-07-27,Iowa,USA,6-9,270.0,2.0,4,Forward-Center,2002,2002,,,,,,,,,,
78035,Delaney Rudd,0,1962-11-08,Wake Forest,USA,6-2,180.0,4.0,11,Guard,1989,1992,1985.0,4,13.0,83,Wake Forest,College/University,,,,
78036,John Rudd,0,1955-08-07,McNeese State,USA,6-7,230.0,1.0,52,Forward,1978,1978,1978.0,2,10.0,32,McNeese State,College/University,,,,
204014,Damjan Rudez,0,1986-06-17,Zaragoza,Croatia,6-10,228.0,4.0,3,Forward,2014,2016,,,,,,,,,,
78037,John Rudometkin,0,1940-06-06,Southern California,USA,6-6,205.0,3.0,34,Forward,1962,1964,1962.0,2,2.0,9,Southern California,College/University,,,,
1913,Michael Ruffin,0,,nan,,,,,,,,,1999.0,2,3.0,32,Tulsa,College/University,,,,
460,Trevor Ruffin,0,,nan,,,,,,,,,,,,,,,,,,
78039,Paul Ruffner,0,1948-10-15,Brigham Young,USA,6-10,225.0,3.0,22,Center,1970,1974,1970.0,2,11.0,28,Brigham Young,College/University,,,,
78040,Joe Ruklick,0,1938-08-03,Northwestern,USA,6-9,220.0,3.0,17,Forward,1959,1961,1959.0,2,3.0,9,Northwestern,College/University,,,,
78041,Jeff Ruland,0,,nan,,,,,,,,,1980.0,2,2.0,25,Iona,College/University,,,,
78042,Bob Rule,0,1944-06-29,Colorado State,USA,6-9,220.0,8.0,21,Center,1967,1974,1967.0,2,7.0,19,Colorado State,College/University,,,,
78043,Jerry Rullo,0,1923-06-23,Temple,USA,5-10,165.0,4.0,7,Guard,1946,1949,,,,,,,,,,
474,Stefano Rusconi,0,1968-02-10,Benetton Treviso,Italy,6-9,240.0,1.0,51,Forward,1995,1995,1990.0,2,25.0,52,Pallacanestro Varese (Italy),Other Team/Club,,,,
201575,Brandon Rush,0,1985-07-07,Kansas,USA,6-6,225.0,10.0,4,Guard-Forward,2008,2016,2008.0,1,13.0,13,Kansas,College/University,78.5,83.25,35.0,0.0
2416,Kareem Rush,0,1980-10-30,Missouri,USA,6-6,215.0,7.0,,Guard,2002,2009,2002.0,1,20.0,20,Missouri,College/University,,,,
78049,Bill Russell,0,1934-02-12,San Francisco,USA,6-10,215.0,13.0,6,Center,1956,1968,1956.0,1,2.0,2,San Francisco,College/University,,,,
935,Bryon Russell,0,1970-12-31,Long Beach State,USA,6-7,225.0,13.0,,Guard-Forward,1993,2005,1993.0,2,18.0,45,Long Beach State,College/University,,,,
78047,Campy Russell,0,1952-01-12,Michigan,USA,6-8,215.0,9.0,4,Forward,1974,1984,1974.0,1,8.0,8,Michigan,College/University,,,,
78045,Cazzie Russell,0,1944-06-07,Michigan,USA,6-5,218.0,12.0,32,Forward,1966,1977,,,,,,,,,,
1626156,D'Angelo Russell,1,1996-02-23,Ohio State,USA,6-4,193.0,8.0,1,Guard,2015,2023,2015.0,1,2.0,2,Ohio State,College/University,77.0,81.75,,
78046,Frank Russell,0,1949-04-17,Detroit,USA,6-3,180.0,1.0,34,Guard,1972,1972,1972.0,3,5.0,35,Detroit Mercy,College/University,,,,
78048,Walker Russell,0,1960-10-26,Western Michigan,USA,6-5,195.0,6.0,,Guard,1982,1987,1982.0,4,9.0,78,Western Michigan,College/University,,,,
201041,Walker Russell,0,1982-10-06,Jacksonville State,USA,6-0,170.0,2.0,23,Guard,2011,2011,,,,,,,,,,
1630346,Matt Ryan,1,,nan,,,,,,,,,,,,,,,,,,
717,Arvydas Sabonis,0,1964-12-19,Real Madrid,Lithuania,7-3,292.0,8.0,11,Center,1995,2002,1985.0,4,7.0,77,BC Zalgiris (Lithuania),Other Team/Club,,,,
1627734,Domantas Sabonis,1,1996-05-03,Gonzaga,Lithuania,7-1,240.0,7.0,10,Forward-Center,2016,2023,2016.0,1,11.0,11,Gonzaga,College/University,,,,
203135,Robert Sacre,0,1989-06-06,Gonzaga,Canada,7-0,270.0,5.0,50,Center,2012,2015,2012.0,2,30.0,60,Gonzaga,College/University,,,,
78050,Ed Sadowski,0,1917-07-11,Seton Hall,USA,6-5,240.0,4.0,,Center,1946,1949,,,,,,,,,,
78051,Kenny Sailors,0,1922-01-14,Wyoming,USA,5-10,175.0,5.0,,Guard,1946,1950,,,,,,,,,,
927,John Salley,0,,nan,,,,,,,,,1986.0,1,11.0,11,Georgia Tech,College/University,,,,
2422,John Salmons,0,1979-12-12,Miami,USA,6-6,210.0,13.0,,Forward,2002,2014,2002.0,1,26.0,26,Miami (FL),College/University,,,,
1089,Kevin Salvadori,0,1970-12-30,North Carolina,USA,7-0,231.0,2.0,,Center,1996,1997,,,,,,,,,,
2066,Soumaila Samake,0,,nan,,,,,,,,,2000.0,2,7.0,36,Cincinnati Stuff (IBL),Other Team/Club,,,,
1629677,Luka Samanic,0,2000-01-09,Union Olimpija,Croatia,6-10,227.0,3.0,19,Forward,2019,2023,2019.0,1,19.0,19,KK Olimpija (Slovenia),Other Team/Club,83.0,82.5,38.0,7.0
200798,Cheikh Samb,0,1984-10-22,WTC Cornella,Senegal,7-1,245.0,2.0,,Center,2007,2008,2006.0,2,21.0,51,CB Cornella (Spain),Other Team/Club,,,,
1629102,Brandon Sampson,0,1997-05-01,Louisiana State,USA,6-5,184.0,2.0,44,Guard,2018,2018,,,,,,,,,,
203960,JaKarr Sampson,0,1993-03-20,St. John's (NY),USA,6-7,214.0,7.0,14,Forward,2014,2020,,,,,,,,,,
2441,Jamal Sampson,0,1983-05-15,California,USA,6-11,235.0,6.0,7,Forward-Center,2002,2006,2002.0,2,18.0,46,California,College/University,,,,
78055,Ralph Sampson,0,,nan,,,,,,,,,1983.0,1,1.0,1,Virginia,College/University,,,,
202396,Samardo Samuels,0,1989-01-09,Louisville,Jamaica,,,3.0,,,2010,2017,,,,,,,,,,
2143,Pepe Sanchez,0,1977-05-08,Temple,Argentina,6-4,195.0,2.0,6,Guard,2000,2002,,,,,,,,,,
78057,Frankie Sanders,0,1957-01-23,Southern,USA,6-6,200.0,2.0,4,Forward,1978,1980,1978.0,1,20.0,20,Southern University,College/University,,,,
1874,Jeff Sanders,0,1966-01-14,Georgia Southern,USA,6-8,225.0,4.0,34,Forward,1989,1992,1989.0,1,20.0,20,Georgia Southern,College/University,,,,
202336,Larry Sanders,0,,nan,,,,,,,,,2010.0,1,15.0,15,Virginia Commonwealth,College/University,82.5,89.75,28.0,7.0
2684,Melvin Sanders,0,1981-01-03,Oklahoma State,USA,6-5,210.0,2.0,,Guard-Forward,2005,2005,,,,,,,,,,
78059,Mike Sanders,0,1960-05-07,UCLA,USA,6-6,210.0,11.0,33,Forward,1982,1992,1982.0,4,5.0,74,California-Los Angeles,College/University,,,,
78060,Thomas Sanders,0,1938-11-08,New York University,USA,6-6,210.0,13.0,16,Forward,1960,1972,1960.0,1,8.0,8,New York University,College/University,,,,
2091,Daniel Santiago,0,1976-06-24,St. Vincent,Puerto Rico,7-1,256.0,5.0,15,Center,2000,2004,,,,,,,,,,
78061,Bob Santini,0,1935-02-17,Iona,USA,6-5,190.0,1.0,5,Forward,1955,1955,1953.0,5,0.0,0,Iona,College/University,,,,
78062,Wayne Sappleton,0,1960-11-17,Loyola-Chicago,USA,6-9,215.0,1.0,44,Forward,1984,1984,1982.0,2,15.0,38,Loyola-Chicago,College/University,,,,
203967,Dario Saric,1,1994-04-08,Anadolu Efes,Croatia,6-10,225.0,6.0,9,Forward-Center,2016,2023,,,,,,,,,,
1630846,Olivier Sarr,1,1999-02-20,Kentucky,France,6-11,240.0,2.0,30,Center,2021,2023,,,,,,,,,,
987,Jason Sasser,0,1974-01-13,Texas Tech,USA,6-7,225.0,3.0,23,Forward,1996,2002,1996.0,2,12.0,41,Texas Tech,College/University,,,,
2219,Jeryl Sasser,0,1979-02-13,Southern Methodist,USA,6-6,200.0,3.0,5,Guard,2001,2002,2001.0,1,22.0,22,Southern Methodist,College/University,,82.5,34.0,1.0
203107,Tomas Satoransky,0,1991-10-30,                                   ,Czech Republic,6-7,210.0,7.0,31,Guard,2016,2021,2012.0,2,2.0,32,CB Sevilla (Spain),Other Team/Club,79.5,79.25,,
2261,Kenny Satterfield,0,,nan,,,,,,,,,2001.0,2,25.0,53,Cincinnati,College/University,,,,
78063,Frank Saul,0,1924-02-16,Seton Hall,USA,6-2,185.0,6.0,10,Guard,1949,1954,1949.0,1,10.0,10,Seton Hall,College/University,,,,
78064,Woody Sauldsberry,0,1934-07-11,Texas Southern,USA,6-7,220.0,7.0,18,Forward,1957,1965,1957.0,8,5.0,60,Texas Southern,College/University,,,,
78065,Fred Saunders,0,1951-06-13,Syracuse,USA,6-7,210.0,4.0,12,Forward,1974,1977,1974.0,2,13.0,31,Syracuse,College/University,,,,
78066,Don Savage,0,1928-04-09,Le Moyne,USA,6-3,205.0,2.0,15,Forward,1951,1956,1951.0,2,5.0,14,Le Moyne,College/University,,,,
2453,Predrag Savovic,0,,nan,,,,,,,,,,,,,,,,,,
78067,Alan Sawyer,0,1928-01-01,UCLA,USA,6-5,195.0,1.0,,Forward,1950,1950,1950.0,3,0.0,0,California-Los Angeles,College/University,,,,
2243,Brian Scalabrine,0,1978-03-18,Southern California,USA,6-9,235.0,12.0,24,Forward,2001,2011,2001.0,2,6.0,34,Southern California,College/University,,81.75,30.5,14.0
2637,Alex Scales,0,1978-07-03,Oregon,USA,6-4,195.0,1.0,,Guard,2005,2005,,,,,,,,,,
78068,Dewayne Scales,0,1958-12-28,Louisiana State,USA,6-8,208.0,3.0,32,Forward,1980,1983,1980.0,2,13.0,36,Louisiana State,College/University,,,,
78069,Frank Schade,0,1950-01-22,Wisconsin-Eau Claire,USA,6-1,170.0,1.0,15,Guard,1972,1972,1972.0,4,6.0,53,Wisconsin-Eau Claire,College/University,,,,
78070,Ben Schadler,0,1924-03-09,Northwestern,USA,6-0,185.0,1.0,,Forward,1947,1947,1947.0,0,0.0,0,Northwestern,College/University,,,,
78071,Herm Schaefer,0,1919-12-20,Indiana,USA,6-0,175.0,2.0,10,Guard,1948,1949,,,,,,,,,,
78072,Bob Schafer,0,1905-04-16,Villanova,USA,6-3,195.0,1.0,27,Guard,1955,1955,,,,,,,,,,
1630648,Jordan Schakel,1,1998-06-13,San Diego State,USA,6-6,200.0,2.0,,Guard,2021,2022,,,,,,,,,,
78073,Ben Scharnus,0,1917-12-11,Seton Hall,USA,6-2,173.0,2.0,,Forward,1946,1948,,,,,,,,,,
78074,Marv Schatzman,0,1927-02-18,St. Louis,USA,6-5,200.0,1.0,,Forward,1949,1949,1949.0,0,0.0,0,Saint Louis,College/University,,,,
78075,Fred Schaus,0,,nan,,,,,,,,,1949.0,3,0.0,0,West Virginia,College/University,,,,
7,Dan Schayes,0,1959-05-10,Syracuse,USA,6-11,260.0,18.0,24,Center,1981,1998,1981.0,1,13.0,13,Syracuse,College/University,,,,
78076,Dolph Schayes,0,1928-05-19,New York University,USA,6-8,195.0,15.0,4,Forward,1949,1963,1948.0,1,4.0,4,New York University,College/University,,,,
78078,Ossie Schectman,0,1919-03-30,Long Island-Brooklyn,USA,6-0,175.0,1.0,6,Guard,1946,1946,,,,,,,,,,
88,Steve Scheffler,0,1967-09-03,Purdue,USA,6-9,250.0,7.0,,Forward,1990,1996,1990.0,2,12.0,39,Purdue,College/University,,,,
78080,Tom Scheffler,0,1954-10-27,Purdue,USA,6-11,240.0,1.0,50,Center,1984,1984,1977.0,6,7.0,117,Purdue,College/University,,,,
78081,Dave Schellhase,0,1944-10-14,Purdue,USA,6-3,205.0,2.0,8,Guard,1966,1967,,,,,,,,,,
101195,Luke Schenscher,0,,nan,,,,,,,,,,,,,,,85.5,89.0,26.5,1.0
78082,Herb Scherer,0,1929-12-21,Long Island-Brooklyn,USA,6-9,212.0,2.0,19-22,Center,1950,1951,1950.0,2,0.0,0,Long Island-Brooklyn,College/University,,,,
368,Dwayne Schintzius,0,1968-10-14,Florida,USA,7-2,285.0,8.0,55,Center,1990,1998,1990.0,1,24.0,24,Florida,College/University,,,,
78084,Dale Schlueter,0,1945-11-12,Colorado State,USA,6-10,225.0,10.0,54,Center,1968,1977,1967.0,6,8.0,63,Colorado State,College/University,,,,
78085,Otto Schnellbacher,0,,nan,,,,,,,,,,,,,,,,,,
78086,Dick Schnittker,0,1928-05-27,Ohio State,USA,6-5,200.0,6.0,15,Forward,1950,1957,1950.0,1,4.0,4,Ohio State,College/University,,,,
78087,Russ Schoene,0,1960-04-16,Tennessee-Chattanooga,USA,6-10,210.0,4.0,40,Forward,1982,1988,1982.0,2,22.0,45,Tennessee-Chattanooga,College/University,,,,
1629678,Admiral Schofield,1,1997-03-30,Tennessee,United Kingdom,6-5,241.0,3.0,25,Forward,2019,2023,2019.0,2,12.0,42,Tennessee,College/University,77.25,81.75,34.0,15.0
78088,Dave Scholz,0,1948-04-12,Illinois,USA,6-8,220.0,1.0,25,Forward,1969,1969,1969.0,4,13.0,56,Illinois,College/University,,,,
78089,Milt Schoon,0,1922-02-25,Valparaiso,USA,6-7,230.0,2.0,,Center,1946,1949,,,,,,,,,,
96,Detlef Schrempf,0,1963-01-21,Washington,USA,6-10,235.0,16.0,12,Forward,1985,2000,1985.0,1,8.0,8,Washington,College/University,,,,
203471,Dennis Schroder,1,1993-09-15,Braunschweig,Germany,6-1,172.0,10.0,17,Guard,2013,2023,2013.0,1,17.0,17,Basketball Lowen Braunschweig (Germany),Other Team/Club,74.0,79.75,34.0,1.0
78091,Howie Schultz,0,1922-07-03,Hamline,USA,6-6,200.0,3.0,15,Forward,1949,1952,,,,,,,,,,
78092,Dick Schulz,0,1917-01-03,Wisconsin,USA,6-2,192.0,4.0,,Forward,1946,1949,,,,,,,,,,
78093,John Schweitz,0,,nan,,,,,,,,,1982.0,6,23.0,138,Richmond,College/University,,,,
2449,Luis Scola,0,1980-04-30,Tau Ceramica,Argentina,6-9,241.0,10.0,,Forward,2007,2016,2002.0,2,27.0,55,Saski Baskonia (Spain),Other Team/Club,,,,
78094,Freddie Scolari,0,1922-03-01,San Francisco,USA,5-11,180.0,9.0,24,Guard,1946,1954,,,,,,,,,,
78095,Alvin Scott,0,,nan,,,,,,,,,1977.0,7,5.0,136,Oral Roberts,College/University,,,,
1064,Brent Scott,0,1971-06-15,Rice,USA,6-10,250.0,1.0,55,Forward-Center,1996,1996,,,,,,,,,,
2,Byron Scott,0,1961-03-28,Arizona State,USA,6-4,205.0,14.0,,Guard,1983,1996,1983.0,1,4.0,4,Arizona State,College/University,,,,
78097,Charlie Scott,0,,nan,,,,,,,,,1970.0,7,4.0,106,North Carolina,College/University,,,,
192,Dennis Scott,0,1968-09-05,Georgia Tech,USA,6-8,229.0,10.0,9,Forward,1990,1999,1990.0,1,4.0,4,Georgia Tech,College/University,,,,
1109,James Scott,0,1972-06-03,St. John's (NY),USA,6-6,180.0,1.0,32,Forward,1996,1996,,,,,,,,,,
203118,Mike Scott,0,1988-07-16,Virginia,USA,6-7,237.0,10.0,1,Forward,2012,2020,2012.0,2,13.0,43,Virginia,College/University,80.75,82.75,32.5,14.0
78100,Ray Scott,0,1938-07-12,Portland,USA,6-9,215.0,9.0,31,Forward,1961,1969,1961.0,1,4.0,4,Portland,College/University,,,,
1035,Shawnelle Scott,0,1972-06-16,St. John's (NY),USA,,,4.0,,Center,1996,2001,1994.0,2,16.0,43,St. John's (NY),College/University,,,,
1630286,Trevon Scott,0,,nan,,,,,,,,,,,,,,,,,,
1630206,Jay Scrubb,1,,nan,,,,,,,,,2020.0,2,25.0,55,John A. Logan,College/University,78.2,81.5,,
78102,Carey Scurry,0,1962-12-04,Long Island-Brooklyn,USA,6-7,188.0,3.0,20,Forward,1985,1987,1985.0,2,13.0,37,Long Island-Brooklyn,College/University,,,,
1631220,Dereon Seabron,1,2000-05-26,North Carolina State,USA,6-5,180.0,1.0,0,Guard,2022,2023,,,,,,,77.75,80.75,38.0,
78103,Bruce Seals,0,1953-06-18,Xavier of Louisiana,USA,6-8,210.0,3.0,45,Forward,1975,1977,1975.0,2,3.0,21,Xavier (LA),College/University,,,,
1578,Shea Seals,0,1975-08-26,Tulsa,USA,6-5,210.0,1.0,,Guard,1997,1997,,,,,,,,,,
907,Malik Sealy,0,1970-02-01,St. John's (NY),USA,6-8,200.0,8.0,2,Guard-Forward,1992,1999,1992.0,1,14.0,14,St. John's (NY),College/University,,,,
78105,Ed Searcy,0,,nan,,,,,,,,,1974.0,5,10.0,82,St. John's (NY),College/University,,,,
78106,Ken Sears,0,1933-08-17,Santa Clara,USA,6-9,198.0,8.0,17,Forward,1955,1963,1953.0,0,0.0,0,Santa Clara,College/University,,,,
78107,Wayne See,0,1923-11-03,Northern Arizona,USA,6-3,190.0,1.0,,Guard,1949,1949,,,,,,,,,,
200757,Thabo Sefolosha,0,,nan,,,,,,,,,2006.0,1,13.0,13,Pallacanestro Biella (Italy),Other Team/Club,,,,
938,Rony Seikaly,0,1965-05-10,Syracuse,USA,6-11,253.0,11.0,2,Center,1988,1998,1988.0,1,9.0,9,Syracuse,College/University,,,,
78109,Glen Selbo,0,1926-03-29,Wisconsin,USA,6-3,196.0,1.0,,Forward,1949,1949,1947.0,1,2.0,2,Wisconsin,College/University,,,,
202729,Josh Selby,0,1991-03-27,Kansas,USA,6-2,183.0,2.0,,Guard,2011,2012,2011.0,2,19.0,49,Kansas,College/University,75.0,77.25,42.0,5.0
1627782,Wayne Selden,0,1994-09-30,Kansas,USA,6-4,232.0,4.0,,Guard,2016,2021,,,,,,,,,,
78110,Brad Sellers,0,1962-12-17,Ohio State,USA,7-0,210.0,6.0,4,Forward,1986,1992,1986.0,1,9.0,9,Ohio State,College/University,,,,
78111,Phil Sellers,0,1953-11-20,Rutgers,USA,6-4,195.0,1.0,11,Forward,1976,1976,1976.0,3,4.0,38,Rutgers,College/University,,,,
78112,Rollie Seltz,0,1924-01-25,Hamline,USA,5-10,165.0,1.0,,Guard,1949,1949,,,,,,,,,,
78113,Frank Selvy,0,1932-11-09,Furman,USA,6-2,180.0,9.0,11,Guard,1954,1963,1954.0,1,1.0,1,Furman,College/University,,,,
78114,Jim Seminoff,0,1922-09-01,Southern California,USA,6-2,190.0,4.0,15,Guard,1946,1949,,,,,,,,,,
200754,Mouhamed Sene,0,,nan,,,,,,,,,2006.0,1,10.0,10,VOO Wolves Verviers-Pepinster (Belgium),Other Team/Club,,,,
78115,George Senesky,0,,nan,,,,,,,,,,,,,,,,,,
1630578,Alperen Sengun,1,2002-07-25,Besiktas,Turkey,6-11,243.0,2.0,28,Center,2021,2023,2021.0,1,16.0,16,Besiktas (Turkey),Other Team/Club,,,,
202338,Kevin Seraphin,0,,nan,,,,,,,,,2010.0,1,17.0,17,Cholet Basket (France),Other Team/Club,,,,
1738,Ansu Sesay,0,1976-07-29,Mississippi,USA,6-9,225.0,4.0,,Forward,2001,2004,1998.0,2,1.0,30,Mississippi,College/University,,,,
201196,Ramon Sessions,0,,nan,,,,,,,,,2007.0,2,26.0,56,Nevada-Reno,College/University,75.75,76.25,33.5,8.0
78116,Tom Sewell,0,1962-03-11,Lamar,USA,6-5,185.0,1.0,32,Guard,1984,1984,1984.0,1,22.0,22,Lamar,College/University,,,,
1629012,Collin Sexton,1,,nan,,,,,,,,,2018.0,1,8.0,8,Alabama,College/University,73.5,79.25,,
78117,Paul Seymour,0,1928-01-30,Toledo,USA,6-1,180.0,12.0,5,Guard,1947,1959,,,,,,,,,,
78118,Nick Shaback,0,1918-09-10,James Monroe HS (NY),USA,5-11,180.0,1.0,,Guard,1946,1946,,,,,,,,,,
1593,Charles Shackleford,0,1966-04-22,North Carolina State,USA,6-11,245.0,6.0,33,Center,1988,1998,1988.0,2,7.0,32,North Carolina State,College/University,,,,
78120,Carl Shaeffer,0,1924-10-25,Alabama,USA,6-3,185.0,2.0,,Guard,1949,1950,,,,,,,,,,
78121,Lee Shaffer,0,1939-02-23,North Carolina,USA,6-7,220.0,3.0,22,Forward,1961,1963,1960.0,1,5.0,5,North Carolina,College/University,,,,
201203,Mustafa Shakur,0,1984-08-18,Arizona,USA,6-3,190.0,3.0,,Guard,2009,2013,,,,,,,76.5,77.5,35.0,11.0
1629013,Landry Shamet,1,1997-03-13,Wichita State,USA,6-4,190.0,5.0,14,Guard,2018,2023,2018.0,1,26.0,26,Wichita State,College/University,77.25,78.75,39.5,8.0
1539,God Shammgod,0,1976-04-29,Providence,USA,6-0,169.0,1.0,2,Guard,1997,1997,1997.0,2,17.0,45,Providence,College/University,,,,
78123,Earl Shannon,0,1921-11-23,Rhode Island,USA,5-11,170.0,3.0,,Guard,1946,1948,,,,,,,,,,
78124,Howie Shannon,0,1923-06-10,Kansas State,USA,6-2,175.0,2.0,8,Guard,1948,1949,1949.0,1,1.0,1,Kansas State,College/University,,,,
78125,Charlie Share,0,1927-03-14,Bowling Green,USA,6-11,235.0,9.0,13,Center,1951,1959,1950.0,1,1.0,1,Bowling Green,College/University,,,,
78126,Bill Sharman,0,1926-05-25,Southern California,USA,6-1,175.0,11.0,21,Guard,1950,1960,1950.0,2,0.0,0,Southern California,College/University,,,,
1630549,Day'Ron Sharpe,1,,nan,,,,,,,,,2021.0,1,29.0,29,North Carolina,College/University,,,,
1631101,Shaedon Sharpe,1,2003-05-30,Kentucky,Canada,6-5,200.0,1.0,17,Guard,2022,2023,2022.0,1,7.0,7,Kentucky,College/University,77.25,83.5,,
201594,Walter Sharpe,0,1986-07-18,Alabama-Birmingham,USA,6-9,245.0,2.0,42,Forward,2008,2008,2008.0,2,2.0,32,Alabama-Birmingham,College/University,,,,
1117,John Shasky,0,1964-07-31,Minnesota,USA,6-11,235.0,3.0,55,Center,1988,1990,1986.0,3,14.0,61,Minnesota,College/University,,,,
78128,Ron Shavlik,0,1933-12-04,North Carolina State,USA,6-8,200.0,2.0,16,Forward,1956,1957,1956.0,1,4.0,4,North Carolina State,College/University,,,,
216,Brian Shaw,0,1966-03-22,California-Santa Barbara,USA,6-6,200.0,15.0,20,Guard,1988,2002,1988.0,1,24.0,24,California-Santa Barbara,College/University,,,,
1745,Casey Shaw,0,1975-07-20,Toledo,USA,6-11,255.0,2.0,53,Center,1998,2002,1998.0,2,8.0,37,Toledo,College/University,,,,
1629621,Marial Shayok,0,1995-07-26,Iowa State,Canada,6-5,198.0,2.0,35,Guard-Forward,2019,2019,2019.0,2,24.0,54,Virginia,College/University,77.5,84.25,36.5,9.0
78130,Bob Shea,0,1924-09-11,Rhode Island,USA,6-2,194.0,1.0,,Forward,1946,1946,,,,,,,,,,
78131,Fred Sheffield,0,1923-11-05,Utah,USA,6-2,165.0,1.0,4,Forward,1946,1946,,,,,,,,,,
78132,Craig Shelton,0,1957-05-01,Georgetown,USA,6-7,210.0,2.0,11,Forward,1980,1981,1980.0,2,5.0,28,Georgetown,College/University,,,,
78133,Lonnie Shelton,0,1955-10-19,Oregon State,USA,6-8,240.0,10.0,8,Forward,1976,1985,1976.0,2,8.0,25,Oregon State,College/University,,,,
203129,Tornike Shengelia,0,1991-10-05,Spirou Charleroi,Georgia,6-9,220.0,2.0,,Forward,2012,2013,2012.0,2,24.0,54,Georgia,College/University,,,,
1852,Jeff Sheppard,0,1974-12-29,Kentucky,USA,6-3,190.0,1.0,,Guard,1998,1998,,,,,,,,,,
78135,Steve Sheppard,0,1954-03-21,Maryland,USA,6-6,215.0,2.0,27,Forward,1977,1978,1977.0,2,8.0,30,Maryland,College/University,,,,
78136,Edmund Sherod,0,1959-09-13,Virginia Commonwealth,USA,6-2,170.0,1.0,13,Guard,1982,1982,1981.0,4,3.0,72,Virginia Commonwealth,College/University,,,,
78653,Charlie Shipp,0,1913-12-03,Catholic,USA,6-1,200.0,1.0,,Guard,1949,1949,,,,,,,,,,
2321,Paul Shirley,0,1977-12-23,Iowa State,USA,6-10,230.0,4.0,17,Forward,2002,2004,,,,,,,,,,
78138,Gene Short,0,1953-08-07,Jackson State,USA,6-6,200.0,1.0,20,Forward,1975,1975,1975.0,1,9.0,9,Jackson State,College/University,,,,
78139,Purvis Short,0,1957-07-02,Jackson State,USA,6-7,210.0,12.0,45,Forward,1978,1989,1978.0,1,5.0,5,Jackson State,College/University,,,,
78140,Dexter Shouse,0,1963-03-24,South Alabama,USA,6-2,200.0,1.0,14,Forward,1989,1989,1985.0,4,22.0,92,South Alabama,College/University,,,,
78141,Dick Shrider,0,,nan,,,,,,,,,1948.0,0,0.0,0,Ohio,College/University,,,,
78142,Gene Shue,0,,nan,,,,,,,,,1954.0,1,3.0,3,Maryland,College/University,,,,
78143,John Shumate,0,1952-04-06,Notre Dame,USA,6-9,235.0,5.0,34,Forward,1975,1980,1974.0,1,4.0,4,Notre Dame,College/University,,,,
202697,Iman Shumpert,0,1990-06-26,Georgia Tech,USA,6-5,212.0,10.0,,Guard,2011,2020,2011.0,1,17.0,17,Georgia Tech,College/University,77.5,81.5,42.0,18.0
203144,Alexey Shved,0,1988-12-16,CSKA Moscow,Russia,6-6,187.0,3.0,1,Guard,2012,2014,,,,,,,,,,
1627783,Pascal Siakam,1,1994-04-02,New Mexico State,Cameroon,6-8,230.0,7.0,43,Forward,2016,2023,2016.0,1,27.0,27,New Mexico State,College/University,,,,
1626296,Jordan Sibert,0,1992-08-01,Dayton,USA,6-4,187.0,2.0,,Guard,2018,2018,,,,,,,,,,
78144,Sam Sibert,0,,nan,,,,,,,,,1972.0,2,6.0,19,Kentucky State,College/University,,,,
78145,Mark Sibley,0,1950-11-13,Northwestern,USA,6-2,175.0,1.0,11,Guard,1973,1973,1973.0,4,12.0,64,Northwestern,College/University,,,,
78146,Jerry Sichting,0,1956-11-29,Purdue,USA,6-1,168.0,10.0,12,Guard,1980,1989,1979.0,4,16.0,82,Purdue,College/University,,,,
78147,Larry Siegfried,0,1939-05-22,Ohio State,USA,6-3,190.0,9.0,20,Guard,1963,1971,1961.0,1,3.0,3,Ohio State,College/University,,,,
78148,Ralph Siewert,0,1923-12-31,Dakota Wesleyan,USA,7-1,230.0,1.0,,Center,1946,1946,,,,,,,,,,
78149,Jack Sikma,0,,nan,,,,,,,,,1977.0,1,8.0,8,Illinois Wesleyan,College/University,,,,
78150,James Silas,0,1949-02-11,Stephen F. Austin,USA,6-1,180.0,6.0,13,Guard,1976,1981,1972.0,5,7.0,70,Stephen F. Austin,College/University,,,,
78151,Paul Silas,0,1943-07-12,Creighton,USA,6-7,220.0,16.0,36,Forward,1964,1979,1964.0,2,3.0,10,Creighton,College/University,,,,
202918,Xavier Silas,0,1988-01-22,Northern Illinois,USA,6-5,205.0,3.0,9,Guard,2011,2017,,,,,,,,,,
202081,Garret Siler,0,1986-10-25,Augusta State,USA,6-11,305.0,2.0,20,Center,2010,2010,,,,,,,,,,
78152,Mike Silliman,0,1944-05-04,Army,USA,6-6,225.0,1.0,4-27,Forward,1970,1970,,,,,,,,,,
1629735,Chris Silva,0,,nan,,,,,,,,,,,,,,,,,,
101134,Wayne Simien,0,1983-03-09,Kansas,USA,6-9,250.0,3.0,25,Forward,2005,2006,2005.0,1,29.0,29,Kansas,College/University,81.0,84.0,27.5,11.0
1627732,Ben Simmons,1,1996-07-20,Louisiana State,Australia,6-10,240.0,5.0,10,Guard-Forward,2016,2023,2016.0,1,1.0,1,Louisiana State,College/University,,,,
2250,Bobby Simmons,0,1980-06-02,DePaul,USA,6-6,235.0,11.0,21,Forward,2001,2011,2001.0,2,13.0,41,DePaul,College/University,,84.25,34.0,12.0
200759,Cedric Simmons,0,1986-01-03,North Carolina State,USA,6-9,235.0,4.0,15,Forward,2006,2008,2006.0,1,15.0,15,North Carolina State,College/University,,,,
78153,Connie Simmons,0,,nan,,,,,,,,,,,,,,,,,,
78154,Johnny Simmons,0,,nan,,,,,,,,,,,,,,,,,,
203613,Jonathon Simmons,0,1989-09-14,Houston,USA,6-6,195.0,5.0,14,Forward,2015,2018,,,,,,,,,,
1628424,Kobi Simmons,0,,nan,,,,,,,,,,,,,,,76.5,78.0,38.5,3.0
1489,Lionel Simmons,0,1968-11-14,La Salle,USA,6-7,210.0,7.0,22,Forward,1990,1996,1990.0,1,7.0,7,La Salle,College/University,,,,
1750,Miles Simon,0,1975-11-21,Arizona,USA,6-3,202.0,2.0,32,Guard,1998,2002,1998.0,2,13.0,42,Arizona,College/University,,,,
1630250,Marko Simonovic,1,1999-10-15,Mega Basket,Montenegro,7-0,220.0,2.0,19,Center,2021,2023,2020.0,2,14.0,44,KK Mega Leks (Serbia),Other Team/Club,,,,
1629014,Anfernee Simons,1,1999-06-08,Edgewater HS (FL),USA,6-3,181.0,5.0,1,Guard,2018,2023,2018.0,1,24.0,24,IMG Academy,High School,75.25,81.25,41.5,1.0
54,Dickey Simpkins,0,1972-04-06,Providence,USA,,,7.0,,Forward,1994,2001,1994.0,1,21.0,21,Providence,College/University,,,,
202067,Diamon Simpson,0,1987-09-08,St. Mary's (CA),USA,6-7,230.0,2.0,20,Forward,2011,2011,,,,,,,,,,
78157,Ralph Simpson,0,1949-08-10,Michigan State,USA,6-5,200.0,4.0,44,Guard,1976,1979,1972.0,1,11.0,11,Michigan State,College/University,,,,
1630285,Zavier Simpson,0,,nan,,,,,,,,,,,,,,,,,,
1591,Alvin Sims,0,1974-10-18,Louisville,USA,6-4,235.0,1.0,,Guard,1998,1998,,,,,,,,,,
78160,Bob Sims,0,1938-10-09,Pepperdine,USA,6-5,220.0,1.0,12,Forward,1961,1961,1960.0,7,6.0,54,Pepperdine,College/University,,,,
201235,Courtney Sims,0,,nan,,,,,,,,,,,,,,,,,,
78159,Doug Sims,0,1943-06-29,Kent State,USA,6-7,195.0,1.0,11,Forward,1968,1968,,,,,,,,,,
203156,Henry Sims,0,1990-03-27,Georgetown,USA,6-10,248.0,5.0,14,Center-Forward,2012,2015,,,,,,,83.75,88.0,29.5,7.0
1631301,Jaylen Sims,1,1998-12-11,UNC Wilmington,USA,,,0.0,,,,,,,,,,,,,,
1630579,Jericho Sims,1,1998-10-20,Texas,USA,6-10,250.0,2.0,45,Center,2021,2023,2021.0,2,28.0,58,Texas,College/University,,,,
78161,Scott Sims,0,1955-04-18,Missouri,USA,6-1,170.0,1.0,20,Guard,1977,1977,1977.0,5,15.0,103,Missouri,College/University,,,,
202713,Kyle Singler,0,1988-05-04,Duke,USA,6-8,228.0,6.0,15,Forward,2012,2017,2011.0,2,3.0,33,Duke,College/University,80.5,82.1,30.0,10.0
201606,Sean Singletary,0,1985-09-06,Virginia,USA,6-0,185.0,2.0,44,Guard,2008,2008,2008.0,2,12.0,42,Virginia,College/University,72.0,76.5,,18.0
202698,Chris Singleton,0,1989-11-21,Florida State,USA,6-9,228.0,3.0,31,Forward,2011,2013,2011.0,1,18.0,18,Florida State,College/University,81.0,85.0,37.5,15.0
101189,James Singleton,0,1981-07-20,Murray State,USA,6-8,230.0,6.0,3,Forward,2005,2011,,,,,,,,,,
78162,Mckinley Singleton,0,1961-10-29,Alabama-Birmingham,USA,6-5,175.0,1.0,26,Forward,1986,1986,1984.0,6,4.0,120,Alabama-Birmingham,College/University,,,,
78163,Zeke Sinicola,0,1929-01-25,Niagara,USA,5-10,165.0,2.0,5,Guard,1951,1953,1951.0,1,4.0,4,Niagara,College/University,,,,
1629686,Deividas Sirvydis,1,2000-06-10,Lietuvos rytas Vilnius,Lithuania,6-8,190.0,3.0,,Forward-Guard,2020,2021,2019.0,2,7.0,37,BC Lietuvos rytas (Lithuania),Other Team/Club,,,,
78164,Charlie Sitton,0,1962-07-03,Oregon State,USA,6-8,210.0,1.0,52,Forward,1984,1984,1984.0,2,14.0,38,Oregon State,College/University,,,,
203491,Peyton Siva,0,1990-10-24,Louisville,USA,6-0,185.0,1.0,34,Guard,2013,2013,2013.0,2,26.0,56,Louisville,College/University,73.0,75.0,41.5,15.0
101,Scott Skiles,0,1964-03-05,Michigan State,USA,6-1,180.0,10.0,5,Guard,1986,1995,1986.0,1,22.0,22,Michigan State,College/University,,,,
78167,Al Skinner,0,1952-06-16,Massachusetts,USA,6-3,190.0,4.0,30,Guard,1976,1979,1974.0,9,16.0,160,Massachusetts,College/University,,,,
1730,Brian Skinner,0,,nan,,,,,,,,,1998.0,1,22.0,22,Baylor,College/University,,,,
78168,Talvin Skinner,0,1952-09-10,Maryland-Eastern Shore,USA,6-5,195.0,2.0,22,Forward,1974,1975,1974.0,3,8.0,44,Maryland-Eastern Shore,College/University,,,,
78169,Whitey Skoog,0,1926-11-02,Minnesota,USA,5-11,180.0,6.0,20,Guard,1951,1956,1951.0,0,0.0,0,Minnesota,College/University,,,,
78170,Jeff Slade,0,1941-03-01,Kenyon,USA,6-6,220.0,1.0,34,Forward,1962,1962,1962.0,11,1.0,85,Kenyon,College/University,,,,
1073,Reggie Slater,0,1970-08-27,Wyoming,USA,6-7,255.0,9.0,35,Forward,1994,2002,,,,,,,,,,
78171,Jim Slaughter,0,1928-05-13,South Carolina,USA,6-11,210.0,1.0,,Center,1951,1951,1951.0,4,2.0,31,South Carolina,College/University,,,,
78172,Jose Slaughter,0,1960-09-09,Portland,USA,6-5,205.0,1.0,21,Guard,1982,1982,1982.0,2,20.0,43,Portland,College/University,,,,
2447,Tamar Slay,0,1980-04-02,Marshall,USA,6-8,220.0,4.0,,Guard,2002,2004,2002.0,2,25.0,53,Marshall,College/University,,,,
202388,Donald Sloan,0,1988-01-15,Texas A&M,USA,6-3,205.0,6.0,15,Guard,2011,2015,,,,,,,,,,
78173,Jerry Sloan,0,1942-03-28,Evansville,USA,6-5,195.0,11.0,4,Guard,1965,1975,1964.0,3,3.0,19,Evansville,College/University,,,,
101166,Uros Slokar,0,1983-05-14,Benetton Treviso,Slovenia,6-10,238.0,2.0,10,Forward,2006,2006,2005.0,2,28.0,58,Pallalcesto Amatori Udine (Italy),Other Team/Club,,,,
78174,Tom Sluby,0,1962-02-18,Notre Dame,USA,6-4,200.0,1.0,7,Guard,1984,1984,1984.0,2,17.0,41,Notre Dame,College/University,,,,
1629346,Alen Smailagic,0,2000-08-18,Beko,Serbia,6-10,215.0,3.0,6,Forward,2019,2020,2019.0,2,9.0,39,Santa Cruz (G League),Other Team/Club,,,,
1630606,Javonte Smart,1,1999-06-03,Birmingham Squadron,USA,6-4,205.0,2.0,15,Guard,2021,2021,,,,,,,,,,
78175,Keith Smart,0,1964-09-21,Indiana,USA,6-1,175.0,1.0,3,Guard,1988,1988,1988.0,2,16.0,41,Indiana,College/University,,,,
203935,Marcus Smart,1,1994-03-06,Oklahoma State,USA,6-4,220.0,9.0,36,Guard,2014,2023,,,,,,,75.25,81.25,36.0,
78176,Belus Smawley,0,1918-03-20,Appalachian State,USA,6-1,195.0,6.0,,Guard,1946,1951,,,,,,,,,,
78177,Jack Smiley,0,1922-12-22,Illinois,USA,6-3,190.0,2.0,,Guard,1948,1949,,,,,,,,,,
78178,Adrian Smith,0,1936-10-05,Kentucky,USA,6-1,180.0,10.0,10,Guard,1961,1970,1958.0,15,1.0,85,Kentucky,College/University,,,,
78207,Bill Smith,0,1949-02-14,Syracuse,USA,7-0,220.0,2.0,43,Center,1971,1972,1971.0,3,7.0,42,Syracuse,College/University,,,,
78209,Bill Smith,0,1939-04-26,St. Peter's,USA,6-5,190.0,1.0,,Forward,1961,1961,1961.0,5,1.0,42,St. Peter's,College/University,,,,
78202,Bingo Smith,0,1946-02-26,Tulsa,USA,6-5,195.0,11.0,7,Forward,1969,1979,1969.0,1,6.0,6,Tulsa,College/University,,,,
78203,Bobby Smith,0,,nan,,,,,,,,,1959.0,3,4.0,18,West Virginia,College/University,,,,
293,Charles Smith,0,1965-07-16,Pittsburgh,USA,6-10,244.0,9.0,54,Forward,1988,1996,1988.0,1,3.0,3,Pittsburgh,College/University,,,,
1520,Charles Smith,0,1975-08-22,New Mexico,USA,6-4,200.0,5.0,,Guard,1997,2005,1997.0,1,26.0,26,New Mexico,College/University,,,,
78179,Charles Smith,0,1967-11-29,Georgetown,USA,6-1,160.0,3.0,,Forward,1989,1995,,,,,,,,,,
1814,Chris Smith,0,1970-05-17,Connecticut,USA,6-3,190.0,3.0,3,Guard,1992,1994,1992.0,2,7.0,34,Connecticut,College/University,,,,
203147,Chris Smith,0,1987-10-13,Louisville,USA,6-2,200.0,1.0,,Guard,2013,2013,,,,,,,,,,
78181,Clinton Smith,0,1964-01-19,Cleveland State,USA,6-6,210.0,2.0,22,Forward,1986,1990,1986.0,5,4.0,97,Cleveland State,College/University,,,,
200783,Craig Smith,0,1983-11-10,Boston College,USA,6-7,265.0,6.0,83,Forward,2006,2011,2006.0,2,6.0,36,Boston College,College/University,,,,
78182,Deb Smith,0,,nan,,,,,,,,,,,,,,,,,,
78183,Derek Smith,0,1961-11-01,Louisville,USA,6-6,205.0,9.0,43,Guard,1982,1990,1982.0,2,12.0,35,Louisville,College/University,,,,
78184,Don Smith,0,1951-10-10,Dayton,USA,6-0,160.0,1.0,10,Guard,1974,1974,1974.0,2,1.0,19,Dayton,College/University,,,,
78185,Donald Smith,0,1920-07-27,Minnesota,USA,6-2,190.0,1.0,,Forward,1948,1948,1947.0,0,0.0,0,Minnesota,College/University,,,,
2764,Donta Smith,0,1983-11-27,Southeastern Illinois,USA,6-7,215.0,2.0,15,Guard,2004,2005,2004.0,2,5.0,34,Southeastern Illinois,College/University,,,,
475,Doug Smith,0,1969-09-17,Missouri,USA,6-10,220.0,5.0,34,Forward,1991,1995,1991.0,1,6.0,6,Missouri,College/University,,,,
1630696,Dru Smith,1,,nan,,,,,,,,,,,,,,,,,,
78187,Ed Smith,0,1929-07-05,Harvard,USA,6-6,180.0,1.0,14,Forward,1953,1953,1951.0,1,6.0,6,Harvard,College/University,,,,
78188,Elmore Smith,0,1949-05-09,Kentucky State,USA,7-1,250.0,8.0,3,Center,1971,1978,1971.0,1,3.0,3,Kentucky State,College/University,,,,
78189,Garfield Smith,0,1945-11-18,Eastern Kentucky,USA,6-9,235.0,2.0,33,Center,1970,1971,1968.0,3,10.0,32,Eastern Kentucky,College/University,,,,
78190,Greg Smith,0,1947-01-28,Western Kentucky,USA,6-5,195.0,8.0,4,Forward,1968,1975,1968.0,4,14.0,50,Western Kentucky,College/University,,,,
202962,Greg Smith,0,1991-01-08,Fresno State,USA,6-10,250.0,6.0,4,Center,2011,2015,,,,,,,,,,
202397,Ish Smith,1,,nan,,,,,,,,,,,,,,,,,,
2747,JR Smith,0,1985-09-09,No College,USA,6-6,220.0,17.0,21,Guard,2004,2019,2004.0,1,18.0,18,Saint Benedict's Preparatory School,High School,78.75,82.0,35.5,5.0
2074,Jabari Smith,0,1977-02-12,Louisiana State,USA,6-11,250.0,5.0,55,Center,2000,2004,2000.0,2,16.0,45,Louisiana State,College/University,,,,
1630188,Jalen Smith,1,2000-03-16,Maryland,USA,6-9,215.0,3.0,25,Forward-Center,2020,2023,2020.0,1,10.0,10,Maryland,College/University,82.2,86.25,,
201160,Jason Smith,0,1986-03-02,Colorado State,USA,7-0,240.0,11.0,,Forward-Center,2007,2018,2007.0,1,20.0,20,Colorado State,College/University,83.5,82.75,37.5,15.0
202536,Jerry Smith,0,1987-09-26,Louisville,USA,6-2,190.0,1.0,,Guard,2011,2011,,,,,,,,,,
78191,Jim Smith,0,1958-04-12,Ohio State,USA,6-9,225.0,2.0,32,Forward,1981,1982,1981.0,3,8.0,54,Ohio State,College/University,,,,
693,Joe Smith,0,1975-07-26,Maryland,USA,6-10,225.0,17.0,1,Forward-Center,1995,2010,1995.0,1,1.0,1,Maryland,College/University,,,,
2746,Josh Smith,0,1985-12-05,Oak Hill Academy (VA),USA,6-9,225.0,13.0,,Forward,2004,2017,2004.0,1,17.0,17,Oak Hill Academy,High School,80.25,84.0,39.5,12.0
78192,Keith Smith,0,1964-03-09,Loyola-Marymount,USA,6-3,180.0,1.0,11,Guard,1986,1986,1986.0,2,21.0,45,Loyola-Marymount,College/University,,,,
181,Kenny Smith,0,1965-03-08,North Carolina,USA,6-3,170.0,10.0,30,Guard,1987,1996,1987.0,1,6.0,6,North Carolina,College/University,,,,
78194,Labradford Smith,0,1969-04-03,Louisville,USA,6-3,200.0,3.0,34,Forward,1991,1993,1991.0,1,19.0,19,Louisville,College/University,,,,
78195,Larry Smith,0,1958-01-18,Alcorn State,USA,6-8,215.0,13.0,2,Forward,1980,1992,1980.0,2,1.0,24,Alcorn State,College/University,,,,
1910,Leon Smith,0,1980-11-02,Martin Luther King HS (IL),USA,6-10,235.0,3.0,35,Forward,2001,2003,1999.0,1,29.0,29,Martin Luther King,High School,,,,
63,Michael Smith,0,1972-03-28,Providence,USA,6-8,240.0,8.0,34,Forward,1994,2000,1994.0,2,8.0,35,Providence,College/University,,,,
78197,Michael Smith,0,1965-05-19,Brigham Young,USA,6-10,225.0,3.0,,Guard,1989,1994,1989.0,1,13.0,13,Brigham Young,College/University,,,,
2065,Mike Smith,0,1976-04-15,Louisiana-Monroe,USA,6-8,195.0,2.0,40,Forward,2000,2000,2000.0,2,6.0,35,Louisiana-Monroe,College/University,,,,
202701,Nolan Smith,0,1988-07-25,Duke,USA,6-2,185.0,3.0,4,Guard,2011,2012,2011.0,1,21.0,21,Duke,College/University,75.5,77.5,34.0,9.0
78198,Otis Smith,0,1964-01-30,Jacksonville,USA,6-5,210.0,6.0,32,Forward,1986,1991,1986.0,2,17.0,41,Jacksonville,College/University,,,,
78199,Phil Smith,0,1952-04-22,San Francisco,USA,6-4,185.0,9.0,20,Guard,1974,1982,1974.0,2,11.0,29,San Francisco,College/University,,,,
78200,Randy Smith,0,,nan,,,,,,,,,1970.0,14,2.0,205,Buffalo State,College/University,,,,
78201,Reggie Smith,0,,nan,,,,,,,,,1992.0,2,4.0,31,Texas Christian,College/University,,,,
78204,Robert Smith,0,,nan,,,,,,,,,1977.0,3,21.0,65,Nevada-Las Vegas,College/University,,,,
203893,Russ Smith,0,1991-04-19,Louisville,USA,6-0,165.0,2.0,,Guard,2014,2015,,,,,,,72.75,75.5,34.0,
78205,Sammy Smith,0,1955-01-08,UNLV,USA,6-4,200.0,2.0,28,Forward,1978,1979,1977.0,3,4.0,48,Nevada-Las Vegas,College/University,,,,
120,Steven Smith,0,1969-03-31,Michigan State,USA,6-8,221.0,15.0,8,Guard-Forward,1991,2004,1991.0,1,5.0,5,Michigan State,College/University,,,,
200848,Steven Smith,0,1983-04-12,La Salle,USA,6-9,250.0,2.0,,Forward,2006,2006,,,,,,,,,,
1478,Stevin Smith,0,1972-01-24,Arizona State,USA,6-2,208.0,1.0,1,Guard,1996,1996,,,,,,,,,,
2604,Theron Smith,0,1980-10-03,Ball State,USA,6-8,225.0,3.0,,Forward,2003,2004,,,,,,,,,,
380,Tony Smith,0,,nan,,,,,,,,,1990.0,2,24.0,51,Marquette,College/University,,,,
78208,Willie Smith,0,1953-10-26,Missouri,USA,6-2,170.0,4.0,11,Guard,1976,1979,1976.0,2,1.0,18,Missouri,College/University,,,,
1629015,Zhaire Smith,0,1999-06-04,Texas Tech,USA,6-3,205.0,3.0,5,Guard,2018,2019,2018.0,1,16.0,16,Texas Tech,College/University,76.0,81.75,41.5,10.0
1628372,Dennis Smith Jr.,1,1997-11-25,North Carolina State,USA,6-2,205.0,6.0,8,Guard,2017,2023,2017.0,1,9.0,9,North Carolina State,College/University,,,,
1631095,Jabari Smith Jr.,1,2003-05-13,Auburn,USA,6-11,220.0,1.0,1,Forward,2022,2023,2022.0,1,3.0,3,Auburn,College/University,,,,
22,Rik Smits,0,1966-08-23,Marist,USA,7-4,265.0,12.0,45,Center,1988,1999,1988.0,1,2.0,2,Marist,College/University,,,,
1091,Mike Smrek,0,1962-08-31,Canisius,USA,7-0,250.0,7.0,55,Center,1985,1991,1985.0,2,1.0,25,Canisius,College/University,,,,
78212,Joe Smyth,0,1929-05-22,Niagara,USA,6-3,215.0,1.0,,Forward,1953,1953,1953.0,0,0.0,0,Niagara,College/University,,,,
1630270,Xavier Sneed,1,1997-12-21,Kansas State,USA,6-5,215.0,2.0,19,Forward,2021,2023,,,,,,,,,,
203503,Tony Snell,0,1991-11-10,New Mexico,USA,6-6,213.0,10.0,21,Guard,2013,2021,2013.0,1,20.0,20,New Mexico,College/University,79.25,83.5,36.5,7.0
727,Eric Snow,0,1973-04-24,Michigan State,USA,6-3,205.0,14.0,20,Guard,1995,2007,1995.0,2,14.0,43,Michigan State,College/University,,,,
78213,Dick Snyder,0,,nan,,,,,,,,,,,,,,,,,,
2745,Kirk Snyder,0,1983-06-05,Nevada-Reno,USA,6-6,225.0,5.0,30,Forward-Guard,2004,2007,2004.0,1,16.0,16,Nevada-Reno,College/University,78.75,81.0,35.0,19.0
78214,George Sobek,0,1920-02-10,Notre Dame,USA,6-0,180.0,1.0,,Guard,1949,1949,,,,,,,,,,
78215,Ricky Sobers,0,1953-01-15,UNLV,USA,6-3,198.0,11.0,14,Guard,1975,1985,1975.0,1,16.0,16,Nevada-Las Vegas,College/University,,,,
78216,Ron Sobie,0,1934-09-21,DePaul,USA,6-3,185.0,4.0,17,Guard,1956,1959,1956.0,1,6.0,6,DePaul,College/University,,,,
1631110,Jeremy Sochan,1,2003-05-20,Baylor,Poland,6-8,230.0,1.0,10,Forward,2022,2023,2022.0,1,9.0,9,Baylor,College/University,,,,
78217,Mike Sojourner,0,1953-10-16,Utah,USA,6-9,225.0,3.0,40,Center,1974,1976,1974.0,1,10.0,10,Utah,College/University,,,,
2226,Will Solomon,0,1978-07-20,Clemson,USA,6-1,185.0,2.0,,Guard,2001,2008,2001.0,2,4.0,32,Clemson,College/University,,81.5,35.0,4.0
78219,Willie Somerset,0,1942-03-17,Duquesne,USA,5-8,170.0,1.0,24,Guard,1965,1965,1965.0,7,3.0,56,Duquesne,College/University,,,,
2443,Darius Songaila,0,1978-02-14,Wake Forest,Lithuania,6-9,248.0,9.0,25,Forward,2003,2010,2002.0,2,21.0,49,Wake Forest,College/University,,,,
78220,Dave Sorenson,0,1948-07-08,Ohio State,USA,6-8,225.0,3.0,35,Forward,1970,1972,1970.0,2,9.0,26,Ohio State,College/University,,,,
203480,James Southerland,0,1990-04-28,Syracuse,USA,6-8,215.0,1.0,31,Forward,2013,2013,,,,,,,80.0,85.0,32.0,5.0
78221,Gino Sovran,0,1924-12-17,Detroit,USA,6-2,175.0,1.0,,Forward,1946,1946,,,,,,,,,,
2776,Pape Sow,0,1981-11-22,California State-Fullerton,Senegal,6-10,250.0,4.0,9,Forward,2004,2006,2004.0,2,18.0,47,Cal State-Fullerton,College/University,82.0,86.0,31.5,18.0
1629034,Ray Spalding,0,1997-03-11,Louisville,USA,6-9,225.0,2.0,,Forward,2018,2020,2018.0,2,26.0,56,Louisville,College/University,82.25,88.75,32.0,12.0
78222,Jim Spanarkel,0,,nan,,,,,,,,,1979.0,1,16.0,16,Duke,College/University,,,,
2779,Vassilis Spanoulis,0,1982-08-02,Panathinaikos,Greece,6-4,195.0,1.0,10,Guard,2006,2006,2004.0,2,21.0,50,Maroussi B.C. (Greece),Other Team/Club,,,,
78223,Guy Sparrow,0,1932-11-02,Detroit,USA,6-6,218.0,3.0,16,Forward,1957,1959,,,,,,,,,,
600009,Rory Sparrow,0,1958-06-12,Villanova,USA,6-2,175.0,12.0,2,Guard,1980,1991,1980.0,4,6.0,75,Villanova,College/University,,,,
78225,Odie Spears,0,1925-06-26,Western Kentucky,USA,6-5,205.0,8.0,15,Forward,1948,1956,1948.0,0,0.0,0,Western Kentucky,College/University,,,,
78226,Art Spector,0,1920-10-17,Villanova,USA,6-4,200.0,4.0,12,Forward,1946,1949,,,,,,,,,,
201578,Marreese Speights,0,1987-08-04,Florida,USA,6-10,255.0,11.0,5,Forward-Center,2008,2017,2008.0,1,16.0,16,Florida,College/University,,,,
1629016,Omari Spellman,0,1997-07-21,Villanova,USA,6-8,245.0,3.0,14,Forward,2018,2019,2018.0,1,30.0,30,Villanova,College/University,81.25,86.0,35.5,8.0
78227,Andre Spencer,0,1964-07-20,Northern Arizona,USA,6-6,210.0,2.0,20,Forward,1992,1993,,,,,,,,,,
771,Elmore Spencer,0,1969-12-06,UNLV,USA,7-0,270.0,5.0,,Center,1992,1996,1992.0,1,25.0,25,Nevada-Las Vegas,College/University,,,,
280,Felton Spencer,0,1968-01-05,Louisville,USA,7-0,290.0,12.0,50,Center,1990,2001,1990.0,1,6.0,6,Louisville,College/University,,,,
1630311,Pat Spencer,1,1996-07-04,Northwestern,USA,,,0.0,,,,,,,,,,,,,,
78230,Lou Spicer,0,1922-11-12,Syracuse,USA,6-2,195.0,1.0,,Forward,1946,1946,,,,,,,,,,
78231,Craig Spitzer,0,,nan,,,,,,,,,,,,,,,,,,
201168,Tiago Splitter,0,1985-01-01,nan,Brazil,6-11,245.0,8.0,47,Center-Forward,2010,2016,2007.0,1,28.0,28,Saski Baskonia (Spain),Other Team/Club,,,,
78232,Art Spoelstra,0,1932-09-11,Western Kentucky,USA,6-9,220.0,4.0,27,Center,1954,1957,1954.0,4,7.0,34,Western Kentucky,College/University,,,,
84,Latrell Sprewell,0,1970-09-08,Alabama,USA,6-5,195.0,14.0,8,Guard,1992,2004,1992.0,1,24.0,24,Alabama,College/University,,,,
78233,Larry Spriggs,0,1959-09-08,Howard,USA,6-7,230.0,5.0,35,Forward,1981,1985,1981.0,4,12.0,81,Howard,College/University,,,,
1630531,Jaden Springer,1,2002-09-25,Tennessee,USA,6-4,202.0,2.0,11,Guard,2021,2023,2021.0,1,28.0,28,Tennessee,College/University,,,,
78234,Jim Springer,0,1926-06-17,Canterbury,USA,6-9,235.0,1.0,,Center,1948,1948,,,,,,,,,,
78235,Jim Spruill,0,1923-02-26,Rice,USA,6-2,225.0,1.0,,Forward,1948,1948,,,,,,,,,,
1756,Ryan Stack,0,1975-07-24,South Carolina,USA,6-11,215.0,2.0,,Forward,1998,1999,1998.0,2,19.0,48,South Carolina,College/University,,,,
711,Jerry Stackhouse,0,1974-11-05,North Carolina,USA,6-6,218.0,19.0,42,Forward,1995,2012,1995.0,1,3.0,3,North Carolina,College/University,,,,
78237,Kevin Stacom,0,1951-09-04,Providence,USA,6-3,185.0,6.0,20,Guard,1974,1981,1973.0,2,6.0,24,Providence,College/University,,,,
78238,Dave Stallworth,0,1941-12-20,Wichita State,USA,6-7,200.0,8.0,9,Forward,1965,1974,1965.0,1,3.0,3,Wichita State,College/University,,,,
78239,Isaac Stallworth,0,1950-01-18,Kansas,USA,6-5,190.0,5.0,15,Forward,1972,1976,1972.0,1,7.0,7,Kansas,College/University,,,,
78240,Ed Stanczak,0,1921-08-15,Central HS (IN),USA,6-1,185.0,2.0,19-21,Forward,1949,1950,,,,,,,,,,
1630199,Cassius Stanley,0,1999-08-18,Duke,USA,6-5,190.0,2.0,,Guard,2020,2021,2020.0,2,24.0,54,Duke,College/University,78.2,79.0,44.0,
78241,Terence Stansbury,0,,nan,,,,,,,,,1984.0,1,15.0,15,Temple,College/University,,,,
317,John Starks,0,1965-08-10,Oklahoma State,USA,6-5,190.0,13.0,9,Guard,1988,2001,,,,,,,,,,
78243,Keith Starr,0,,nan,,,,,,,,,1976.0,4,1.0,52,Pittsburgh,College/University,,,,
203917,Nik Stauskas,0,,nan,,,,,,,,,,,,,,,78.5,79.75,35.5,
78244,Larry Staverman,0,1936-10-11,Thomas More,USA,6-7,205.0,5.0,13,Forward,1958,1963,1958.0,9,2.0,64,Thomas More,College/University,,,,
78245,Larry Steele,0,1949-05-05,Kentucky,USA,6-5,180.0,9.0,15,Guard,1971,1979,1971.0,3,2.0,37,Kentucky,College/University,,,,
1099,Matt Steigenga,0,1970-03-27,Michigan State,USA,6-7,225.0,1.0,,Forward,1996,1996,1992.0,2,25.0,52,Michigan State,College/University,,,,
1735,Vladimir Stepania,0,,nan,,,,,,,,,1998.0,1,27.0,27,KK Olimpija (Slovenia),Other Team/Club,,,,
203474,DJ Stephens,0,1990-12-19,Memphis,USA,6-5,188.0,2.0,,Guard-Forward,2013,2018,,,,,,,,,,
78247,Everette Stephens,0,,nan,,,,,,,,,1988.0,2,6.0,31,Purdue,College/University,,,,
78249,Jack Stephens,0,,nan,,,,,,,,,,,,,,,,,,
1086,Joe Stephens,0,1973-01-28,Arkansas-Little Rock,USA,6-7,210.0,3.0,,Forward,1996,1999,,,,,,,,,,
202362,Lance Stephenson,0,,nan,,,,,,,,,2010.0,2,10.0,40,Cincinnati,College/University,77.75,82.5,33.0,10.0
1627293,Alex Stepheson,0,1987-08-07,Southern California,USA,6-10,270.0,1.0,,Forward,2015,2015,,,,,,,,,,
78250,Brook Steppe,0,,nan,,,,,,,,,1982.0,1,17.0,17,Georgia Tech,College/University,,,,
78251,Barry Stevens,0,1963-01-17,Iowa State,USA,6-5,195.0,1.0,34,Guard,1992,1992,1985.0,2,19.0,43,Iowa State,College/University,,,,
1630205,Lamar Stevens,1,1997-07-09,Penn State,USA,6-6,230.0,3.0,8,Forward,2020,2023,,,,,,,78.7,81.0,41.0,
78252,Wayne Stevens,0,1936-06-19,Cincinnati,USA,6-3,185.0,1.0,20,Forward,1959,1959,1958.0,7,2.0,49,Cincinnati,College/University,,,,
2052,DeShawn Stevenson,0,1981-04-03,Washington Union HS (CA),USA,6-5,218.0,14.0,92,Forward-Guard,2000,2012,2000.0,1,23.0,23,Washington Union,High School,,,,
1630597,DJ Stewart,1,1999-07-28,Mississippi State,USA,6-5,205.0,1.0,18,Guard,2021,2021,,,,,,,,,,
78253,Dennis Stewart,0,1947-04-11,Michigan,USA,6-6,220.0,1.0,40,Forward,1970,1970,1969.0,4,1.0,44,Michigan,College/University,,,,
1630191,Isaiah Stewart,1,2001-05-22,Washington,USA,6-8,250.0,3.0,28,Forward-Center,2020,2023,2020.0,1,16.0,16,Washington,College/University,80.5,88.75,,
1529,Kebu Stewart,0,1973-12-19,California State-Bakersfield,USA,6-8,239.0,1.0,41,Forward,1997,1997,1997.0,2,7.0,35,Cal State-Bakersfield,College/University,,,,
1125,Larry Stewart,0,,nan,,,,,,,,,,,,,,,,,,
1565,Michael Stewart,0,1975-04-25,California,USA,6-10,230.0,9.0,44,Center,1997,2004,,,,,,,,,,
78256,Norm Stewart,0,1935-01-20,Missouri,USA,6-5,205.0,1.0,22,Forward,1956,1956,1956.0,0,0.0,0,Missouri,College/University,,,,
201880,Greg Stiemsma,0,1985-09-26,Wisconsin,USA,6-11,260.0,5.0,34,Center,2009,2014,,,,,,,,,,
78257,Steve Stipanovich,0,1960-11-17,Missouri,USA,6-11,245.0,5.0,40,Center,1983,1987,1983.0,1,2.0,2,Missouri,College/University,,,,
179,Bryant Stith,0,1970-12-10,Virginia,USA,6-5,210.0,11.0,23,Guard,1992,2002,1992.0,1,13.0,13,Virginia,College/University,,,,
78259,Sam Stith,0,1937-07-22,St. Bonaventure,USA,6-2,185.0,1.0,17,Guard,1961,1961,1960.0,8,1.0,56,St. Bonaventure,College/University,,,,
78260,Tom Stith,0,,nan,,,,,,,,,1961.0,1,2.0,2,St. Bonaventure,College/University,,,,
78261,Alex Stivrins,0,1962-11-29,Colorado,USA,6-8,220.0,2.0,11,Forward,1985,1992,1985.0,4,5.0,75,Colorado,College/University,,,,
204065,David Stockton,0,1991-06-24,Gonzaga,USA,5-11,165.0,3.0,5,Guard,2014,2017,,,,,,,,,,
304,John Stockton,0,1962-03-26,Gonzaga,USA,6-1,175.0,19.0,12,Guard,1984,2002,1984.0,1,16.0,16,Gonzaga,College/University,,,,
978,Peja Stojakovic,0,1977-06-09,PAOK,Serbia,6-10,229.0,14.0,16,Forward,1998,2010,1996.0,1,14.0,14,P.A.O.K. B.C. (Greece),Other Team/Club,,,,
1055,Ed Stokes,0,,nan,,,,,,,,,1993.0,2,8.0,35,Arizona,College/University,,,,
78264,Greg Stokes,0,1963-08-05,Iowa,USA,6-10,220.0,2.0,41,Forward,1985,1989,1985.0,2,9.0,33,Iowa,College/University,,,,
203950,Jarnell Stokes,0,1994-01-07,Tennessee,USA,6-9,255.0,4.0,,Forward-Center,2014,2016,,,,,,,80.5,85.25,36.0,
600016,Maurice Stokes,0,1933-06-17,St. Francis (PA),USA,6-7,232.0,3.0,12,Forward,1955,1957,,,,,,,,,,
78266,Art Stolkey,0,1920-10-23,Detroit,USA,6-1,180.0,1.0,,Guard,1946,1946,,,,,,,,,,
1627754,Diamond Stone,0,1997-02-10,Maryland,USA,6-11,255.0,2.0,0,Center,2016,2016,2016.0,2,10.0,40,Maryland,College/University,,,,
202933,Julyan Stone,0,,nan,,,,,,,,,,,,,,,,,,
2852,Awvee Storey,0,1977-04-18,Arizona State,USA,6-6,225.0,4.0,20,Forward-Guard,2004,2007,,,,,,,,,,
757,Damon Stoudamire,0,,nan,,,,,,,,,1995.0,1,7.0,7,Arizona,College/University,,,,
101136,Salim Stoudamire,0,,nan,,,,,,,,,2005.0,2,1.0,31,Arizona,College/University,,,,
2405,Amar'e Stoudemire,0,1982-11-16,Cypress Creek HS (FL),USA,6-10,245.0,15.0,5,Forward-Center,2002,2015,2002.0,1,9.0,9,Cypress Creek,High School,,,,
78267,Paul Stovall,0,1948-08-16,Arizona State,USA,6-4,215.0,1.0,23,Forward,1972,1972,1972.0,2,9.0,22,Arizona State,College/University,,,,
201199,DJ Strawberry,0,1985-06-15,Maryland,USA,6-5,201.0,2.0,8,Guard,2007,2007,2007.0,2,29.0,59,Maryland,College/University,77.0,78.5,35.0,21.0
78268,Joe Strawder,0,,nan,,,,,,,,,1964.0,4,9.0,34,Bradley,College/University,,,,
78269,Bill Stricker,0,1948-01-22,Pacific,USA,6-8,210.0,1.0,34,Forward,1970,1970,1970.0,4,3.0,54,Pacific,College/University,,,,
1065,Erick Strickland,0,1973-11-25,Nebraska,USA,6-3,218.0,10.0,20,Guard,1996,2004,,,,,,,,,,
1110,Mark Strickland,0,1970-07-14,Temple,USA,6-10,220.0,9.0,,Forward,1994,2002,,,,,,,,,,
393,Rod Strickland,0,1966-07-11,DePaul,USA,6-3,185.0,17.0,,Guard,1988,2004,1988.0,1,19.0,19,DePaul,College/University,,,,
78270,Roger Strickland,0,1940-09-04,Jacksonville,USA,6-5,200.0,1.0,16,Forward,1963,1963,1962.0,4,9.0,34,Jacksonville,College/University,,,,
78271,John Stroeder,0,1958-07-24,Montana,USA,6-10,260.0,2.0,25,Forward,1987,1988,1980.0,8,8.0,168,Montana,College/University,,,,
400,Derek Strong,0,1968-02-09,Xavier,USA,6-9,240.0,10.0,30,Forward,1991,2000,1990.0,2,20.0,47,Xavier,College/University,,,,
78273,Lamont Strothers,0,1968-05-10,Christopher Newport,USA,6-4,190.0,2.0,10,Guard,1991,1992,1991.0,2,16.0,43,Christopher Newport,College/University,,,,
78274,John Stroud,0,1957-10-29,Mississippi,USA,6-7,215.0,1.0,42,Forward,1980,1980,1980.0,2,4.0,27,Mississippi,College/University,,,,
1629622,Max Strus,1,1996-03-28,DePaul,USA,6-5,215.0,4.0,31,Guard-Forward,2019,2023,,,,,,,,,,
201155,Rodney Stuckey,0,,nan,,,,,,,,,2007.0,1,15.0,15,Eastern Washington,College/University,76.5,79.25,35.0,14.0
78275,Gene Stump,0,1923-11-13,DePaul,USA,6-2,185.0,3.0,,Forward,1947,1949,1947.0,0,0.0,0,DePaul,College/University,,,,
78276,Stan Stutz,0,,nan,,,,,,,,,,,,,,,,,,
1630591,Jalen Suggs,1,2001-06-03,Gonzaga,USA,6-5,205.0,2.0,4,Guard,2021,2023,2021.0,1,5.0,5,Gonzaga,College/University,,,,
78277,Gary Suiter,0,1945-01-18,Midwestern State,USA,6-9,225.0,1.0,40,Center,1970,1970,,,,,,,,,,
203096,Jared Sullinger,0,1992-03-04,Ohio State,USA,6-9,260.0,5.0,,Center-Forward,2012,2016,2012.0,1,21.0,21,Ohio State,College/University,81.0,85.25,31.0,9.0
201969,DaJuan Summers,0,1988-01-24,Georgetown,USA,6-8,240.0,5.0,35,Forward,2009,2012,2009.0,2,5.0,35,Georgetown,College/University,80.5,84.75,34.5,15.0
1628410,Edmond Sumner,1,1995-12-31,Xavier,USA,6-4,196.0,5.0,4,Guard,2017,2023,2017.0,2,22.0,52,Xavier,College/University,77.75,81.0,,
78654,Barry Sumpter,0,1965-11-11,Austin Peay,USA,6-11,215.0,1.0,51,Forward,1988,1988,1988.0,3,6.0,56,Austin Peay,College/University,,,,
201180,Sun Yue,0,1985-11-06,Beijing,China,6-9,205.0,2.0,9,Guard,2008,2008,2007.0,2,10.0,40,Beijing Olympians (China),Other Team/Club,80.75,81.0,34.0,9.0
78278,Don Sunderlage,0,1929-12-20,Illinois,USA,6-1,180.0,2.0,18,Guard,1953,1954,1951.0,1,9.0,9,Illinois,College/University,,,,
1743,Bruno Sundov,0,1980-02-10,Split,Croatia,7-2,260.0,8.0,14,Center,1998,2004,1998.0,2,6.0,35,KK Split (Croatia),Other Team/Club,,,,
78279,Jon Sundvold,0,1961-07-02,Missouri,USA,6-2,170.0,9.0,20,Guard,1983,1991,1983.0,1,16.0,16,Missouri,College/University,,,,
682,Bob Sura,0,1973-03-25,Florida State,USA,6-5,200.0,11.0,3,Guard,1995,2006,1995.0,1,17.0,17,Florida State,College/University,,,,
78280,Dick Surhoff,0,1929-11-16,Long Island-Brooklyn,USA,6-4,210.0,2.0,6,Forward,1952,1953,1952.0,0,0.0,0,Long Island-Brooklyn,College/University,,,,
78281,Dane Suttle,0,1961-08-09,Pepperdine,USA,6-3,190.0,2.0,2,Guard,1983,1984,1983.0,7,13.0,152,Pepperdine,College/University,,,,
357,Greg Sutton,0,1967-12-03,Oral Roberts,USA,6-2,185.0,3.0,20,Guard,1991,1995,1991.0,2,22.0,49,Oral Roberts,College/University,,,,
78283,Bennie Swain,0,1933-12-16,Texas Southern,USA,6-8,220.0,1.0,16,Forward,1958,1958,1958.0,1,7.0,7,Texas Southern,College/University,,,,
1628403,Caleb Swanigan,0,1997-04-18,Purdue,USA,6-9,260.0,4.0,50,Forward,2017,2019,2017.0,1,26.0,26,Purdue,College/University,80.5,87.0,,
78284,Norm Swanson,0,1930-10-04,Detroit,USA,6-6,210.0,1.0,12,Forward,1953,1953,1953.0,0,0.0,0,Detroit Mercy,College/University,,,,
78285,Dan Swartz,0,1934-12-23,Morehead State,USA,6-4,215.0,1.0,12,Forward,1962,1962,1956.0,4,0.0,0,Morehead State,College/University,,,,
2552,Michael Sweetney,0,1982-10-25,Georgetown,USA,6-8,270.0,5.0,50,Forward,2003,2006,2003.0,1,9.0,9,Georgetown,College/University,,,,
1631306,Cole Swider,1,1999-05-08,Syracuse,USA,6-9,220.0,1.0,20,Forward,2022,2023,,,,,,,,,,
2741,Robert Swift,0,1985-12-03,Bakersfield HS (CA),USA,7-1,270.0,5.0,31,Center,2004,2008,2004.0,1,12.0,12,Bakersfield,High School,,,,
2031,Stromile Swift,0,1979-11-21,Louisiana State,USA,6-10,220.0,10.0,4,Forward-Center,2000,2008,2000.0,1,2.0,2,Louisiana State,College/University,,,,
78286,Aaron Swinson,0,1970-12-21,Auburn,USA,6-5,230.0,1.0,4,Forward,1994,1994,,,,,,,,,,
1628591,Craig Sword,0,1994-01-16,Mississippi State,USA,6-3,196.0,2.0,,Guard,2021,2021,,,,,,,,,,
202377,Pape Sy,0,1988-04-05,Le Havre,France,6-7,225.0,2.0,19,Forward-Guard,2010,2010,2010.0,2,23.0,53,STB Le Havre (France),Other Team/Club,,,,
78287,Wallace Sydnor,0,1921-09-19,Western Kentucky,USA,5-10,175.0,1.0,,Guard,1946,1946,,,,,,,,,,
1626208,Keifer Sykes,0,1993-12-30,Green Bay,USA,5-11,167.0,2.0,,Guard,2021,2021,,,,,,,71.75,74.0,43.0,8.0
1132,Larry Sykes,0,1973-04-11,Xavier,USA,6-9,255.0,1.0,54,Forward,1995,1995,,,,,,,,,,
1136,Brett Szabo,0,1968-02-01,Augustana (SD),USA,6-11,230.0,1.0,43,Center,1996,1996,,,,,,,,,,
1887,Wally Szczerbiak,0,1977-03-05,Miami (Ohio),USA,6-7,240.0,11.0,10,Guard-Forward,1999,2008,1999.0,1,6.0,6,Miami (OH),College/University,,,,
440,Zan Tabak,0,1970-06-15,Olimpia Milano,Croatia,7-0,257.0,6.0,55,Center,1994,2000,1991.0,2,24.0,51,KK Split (Croatia),Other Team/Club,,,,
2657,Yuta Tabuse,0,1980-10-05,Brigham Young-Hawaii,USA,5-9,165.0,2.0,,Guard,2004,2004,,,,,,,,,,
101147,Chris Taft,0,1985-03-10,Pittsburgh,USA,6-10,261.0,2.0,21,Forward,2005,2005,2005.0,2,12.0,42,Pittsburgh,College/University,81.5,85.75,33.0,14.0
78291,Sid Tannenbaum,0,,nan,,,,,,,,,,,,,,,,,,
1434,Dragan Tarlac,0,1973-05-09,Olympiacos,Serbia,6-11,270.0,1.0,12,Center-Forward,2000,2000,1995.0,2,2.0,31,Olympiacos B.C. (Greece),Other Team/Club,,,,
78293,Roy Tarpley,0,1964-11-28,Michigan,USA,7-0,230.0,6.0,42,Forward,1986,1994,1986.0,1,7.0,7,Michigan,College/University,,,,
1630256,Jae'Sean Tate,1,1995-10-28,Ohio State,USA,6-5,230.0,3.0,8,Forward,2020,2023,,,,,,,,,,
78294,Earl Tatum,0,1953-07-26,Marquette,USA,6-4,185.0,4.0,43,Guard,1976,1979,1976.0,2,4.0,21,Marquette,College/University,,,,
1628369,Jayson Tatum,1,1998-03-03,Duke,USA,6-8,210.0,6.0,0,Forward-Guard,2017,2023,2017.0,1,3.0,3,Duke,College/University,,,,
204002,Edy Tavares,0,1992-03-22,Gran Canaria,Cabo Verde,7-3,265.0,3.0,40,Center,2015,2016,,,,,,,,,,
78295,Anthony Taylor,0,1965-11-30,Oregon,USA,6-4,175.0,1.0,3,Guard,1988,1988,1988.0,2,19.0,44,Oregon,College/University,,,,
78296,Brian Taylor,0,1951-06-09,Princeton,USA,6-2,185.0,6.0,14,Guard,1976,1981,1972.0,2,10.0,23,Princeton,College/University,,,,
101182,Donell Taylor,0,1982-07-26,Alabama-Birmingham,USA,6-5,193.0,3.0,21,Guard,2005,2006,,,,,,,,,,
78298,Fred Taylor,0,1948-02-05,Texas-Pan American,USA,6-5,180.0,2.0,23,Guard,1970,1971,1970.0,2,10.0,27,Texas-Pan American,College/University,,,,
1627819,Isaiah Taylor,0,,nan,,,,,,,,,,,,,,,,,,
78297,Jay Taylor,0,1967-10-03,Eastern Illinois,USA,6-3,190.0,1.0,24,Forward,1989,1989,,,,,,,,,,
78299,Jeff Taylor,0,1960-01-01,Texas Tech,USA,6-4,175.0,2.0,,Guard,1982,1986,1982.0,2,19.0,42,Texas Tech,College/University,,,,
203106,Jeffery Taylor,0,,nan,,,,,,,,,2012.0,2,1.0,31,Vanderbilt,College/University,79.25,78.25,40.0,15.0
201966,Jermaine Taylor,0,1986-12-08,Central Florida,USA,6-4,210.0,2.0,,Guard,2009,2010,2009.0,2,2.0,32,Central Florida,College/University,76.75,80.75,37.5,16.0
1511,Johnny Taylor,0,1974-06-04,Tennessee-Chattanooga,USA,6-9,220.0,3.0,23,Forward,1997,1999,1997.0,1,17.0,17,Tennessee-Chattanooga,College/University,,,,
78301,Leonard Taylor,0,,nan,,,,,,,,,,,,,,,,,,
1508,Maurice Taylor,0,1976-10-30,Michigan,USA,6-9,265.0,9.0,,Forward-Center,1997,2006,1997.0,1,14.0,14,Michigan,College/University,,,,
201446,Mike Taylor,0,1986-01-21,Iowa State,USA,6-2,165.0,2.0,4,Guard,2008,2008,2008.0,2,25.0,55,Idaho Stampede (D-League),Other Team/Club,74.0,79.25,39.0,2.0
78302,Roland Taylor,0,1946-03-13,La Salle,USA,6-0,175.0,1.0,,Guard,1976,1976,1969.0,12,12.0,167,La Salle,College/University,,,,
1630678,Terry Taylor,1,1999-09-23,Austin Peay,USA,6-4,230.0,2.0,32,Forward,2021,2023,,,,,,,,,,
203116,Tyshawn Taylor,0,1990-04-12,Kansas,USA,6-3,185.0,2.0,,Guard,2012,2013,2012.0,2,11.0,41,Kansas,College/University,76.0,78.25,36.5,0.0
78303,Vince Taylor,0,1960-09-11,Duke,USA,6-5,180.0,1.0,8,Guard,1982,1982,1982.0,2,11.0,34,Duke,College/University,,,,
78304,Terry Teagle,0,1960-04-10,Baylor,USA,6-5,195.0,11.0,10,Guard,1982,1992,1982.0,1,16.0,16,Baylor,College/University,,,,
201952,Jeff Teague,0,1988-06-10,Wake Forest,USA,6-3,195.0,13.0,5,Guard,2009,2020,2009.0,1,19.0,19,Wake Forest,College/University,73.5,79.5,36.5,13.0
203104,Marquis Teague,0,1993-02-28,Kentucky,USA,6-2,189.0,3.0,20,Guard,2012,2017,2012.0,1,29.0,29,Kentucky,College/University,74.0,79.25,40.5,8.0
203141,Mirza Teletovic,0,1985-09-17,Baskonia,Bosnia and Herzegovina,6-9,242.0,6.0,,Forward,2012,2017,,,,,,,,,,
2742,Sebastian Telfair,0,1985-06-09,Abraham Lincoln HS (NY),USA,6-0,170.0,10.0,,Guard,2004,2014,2004.0,1,13.0,13,Abraham Lincoln,High School,,,,
202066,Garrett Temple,1,1986-05-08,Louisiana State,USA,6-6,195.0,13.0,41,Guard-Forward,2009,2023,,,,,,,,,,
1628462,Milos Teodosic,0,1987-03-19,CSKA Moscow,Serbia,6-5,196.0,2.0,,Guard,2017,2018,,,,,,,,,,
78305,Ira Terrell,0,1954-06-19,Southern Methodist,USA,6-8,200.0,2.0,34,Forward,1976,1978,1976.0,3,11.0,45,Southern Methodist,College/University,,,,
1629123,Jared Terrell,0,,nan,,,,,,,,,,,,,,,,,,
78307,Carlos Terry,0,1956-06-22,Winston-Salem State,USA,6-4,210.0,3.0,12,Guard,1980,1982,1978.0,5,16.0,104,Winston-Salem State,College/University,,,,
78306,Chuck Terry,0,1950-09-27,Long Beach State,USA,6-6,215.0,3.0,12,Guard,1972,1976,1972.0,2,16.0,29,Long Beach State,College/University,,,,
78308,Claude Terry,0,1950-01-12,Stanford,USA,6-5,195.0,2.0,12,Guard,1976,1977,1972.0,3,12.0,42,Stanford,College/University,,,,
1631207,Dalen Terry,1,2002-07-12,Arizona,USA,6-7,195.0,1.0,25,Forward,2022,2023,2022.0,1,18.0,18,Arizona State,College/University,79.25,84.75,,
1629150,Emanuel Terry,0,1996-08-21,Lincoln Memorial,USA,6-9,220.0,2.0,,Forward,2018,2021,,,,,,,,,,
1891,Jason Terry,0,1977-09-15,Arizona,USA,6-2,185.0,19.0,3,Guard,1999,2017,1999.0,1,10.0,10,Arizona,College/University,,,,
1630179,Tyrell Terry,0,2000-09-28,Stanford,USA,6-2,160.0,3.0,3,Guard,2020,2021,2020.0,2,1.0,31,Stanford,College/University,75.0,73.75,34.0,
1630257,Jon Teske,0,1997-05-04,Michigan,USA,7-1,265.0,1.0,,Center,2021,2021,,,,,,,,,,
201934,Hasheem Thabeet,0,1987-02-16,Connecticut,Tanzania,7-3,263.0,5.0,34,Center,2009,2013,2009.0,1,2.0,2,Connecticut,College/University,86.5,90.25,,
78309,Tom Thacker,0,1939-11-02,Cincinnati,USA,6-2,170.0,4.0,12,Guard,1963,1967,1963.0,0,0.0,0,Cincinnati,College/University,,,,
1628464,Daniel Theis,1,1992-04-04,Brose Bamberg,Germany,6-8,245.0,6.0,27,Forward-Center,2017,2023,,,,,,,,,,
78310,Reggie Theus,0,1957-10-13,UNLV,USA,6-6,190.0,13.0,24,Guard,1978,1990,1978.0,1,9.0,9,Nevada-Las Vegas,College/University,,,,
78311,Peter Thibeaux,0,1961-10-03,St. Mary's (CA),USA,6-7,210.0,2.0,7,Forward,1984,1985,1983.0,4,7.0,77,St. Mary's (CA),College/University,,,,
78312,Bill Thieben,0,1935-03-28,Hofstra,USA,6-6,215.0,2.0,9,Forward,1956,1957,1956.0,0,0.0,0,Hofstra,College/University,,,,
78313,Justus Thigpen,0,1947-08-13,Weber State,USA,6-1,160.0,2.0,23,Guard,1972,1973,1969.0,11,6.0,147,Weber State,College/University,,,,
78314,David Thirdkill,0,1960-04-12,Bradley,USA,6-7,195.0,5.0,45,Forward,1982,1986,1982.0,1,15.0,15,Bradley,College/University,,,,
203519,Adonis Thomas,0,,nan,,,,,,,,,,,,,,,77.75,85.0,40.5,13.0
2873,Billy Thomas,0,1975-12-23,Kansas,USA,6-5,220.0,4.0,12,Guard,2004,2007,,,,,,,,,,
1630271,Brodric Thomas,1,,nan,,,,,,,,,,,,,,,,,,
1630560,Cam Thomas,1,2001-10-13,Louisiana State,Japan,6-3,210.0,2.0,24,Guard,2021,2023,2021.0,1,27.0,27,Louisiana State,College/University,,,,
1063,Carl Thomas,0,1969-10-03,Eastern Michigan,USA,6-4,195.0,3.0,30,Guard,1991,1997,,,,,,,,,,
78316,Charles Thomas,0,1969-10-03,Eastern Michigan,USA,6-3,175.0,1.0,14,Guard,1991,1991,,,,,,,,,,
2041,Etan Thomas,0,1978-04-01,Syracuse,USA,6-10,260.0,10.0,36,Center,2001,2010,2000.0,1,12.0,12,Syracuse,College/University,,,,
78317,Irving Thomas,0,1966-01-02,Florida State,USA,6-8,225.0,1.0,30,Forward,1990,1990,,,,,,,,,,
202738,Isaiah Thomas,0,1989-02-07,Washington,USA,5-9,185.0,12.0,4,Guard,2011,2021,2011.0,2,30.0,60,Washington,College/University,70.25,73.75,40.0,13.0
78318,Isiah Thomas,0,1961-04-30,Indiana,USA,6-1,180.0,13.0,11,Guard,1981,1993,1981.0,1,2.0,2,Indiana,College/University,,,,
1975,Jamel Thomas,0,1976-07-19,Providence,USA,6-6,219.0,2.0,5,Forward,1999,2000,,,,,,,,,,
2839,James Thomas,0,1980-11-22,Texas-Austin,USA,6-9,245.0,2.0,,Forward,2004,2005,,,,,,,,,,
78320,Jim Thomas,0,1960-10-19,Indiana,USA,6-3,190.0,4.0,20,Guard,1983,1990,1983.0,2,16.0,40,Indiana,College/University,,,,
78321,Joe Thomas,0,1948-06-27,Marquette,USA,6-6,205.0,1.0,40,Forward,1970,1970,1970.0,6,10.0,95,Marquette,College/University,,,,
1519,John Thomas,0,1975-09-08,Minnesota,USA,6-9,265.0,6.0,41,Center,1997,2005,1997.0,1,25.0,25,Minnesota,College/University,,,,
1903,Kenny Thomas,0,1977-07-25,New Mexico,USA,6-7,245.0,12.0,,Center-Forward,1999,2009,1999.0,1,22.0,22,New Mexico,College/University,,,,
1629017,Khyri Thomas,0,,nan,,,,,,,,,2018.0,2,8.0,38,Creighton,College/University,75.75,82.5,35.0,14.0
703,Kurt Thomas,0,1972-10-04,TCU,USA,6-9,240.0,18.0,,Forward,1995,2012,1995.0,1,10.0,10,Texas Christian,College/University,,,,
202498,Lance Thomas,0,,nan,,,,,,,,,,,,,,,,,,
202952,Malcolm Thomas,0,1988-11-08,San Diego State,USA,6-9,225.0,4.0,,Forward,2011,2014,,,,,,,,,,
1629744,Matt Thomas,0,1994-08-04,Iowa State,USA,6-3,190.0,4.0,21,Guard,2019,2021,,,,,,,,,,
78322,Terry Thomas,0,1953-08-20,Detroit,USA,6-8,220.0,1.0,50,Forward,1975,1975,1975.0,9,7.0,151,Detroit Mercy,College/University,,,,
1501,Tim Thomas,0,1977-02-26,Villanova,USA,6-10,240.0,14.0,7,Forward,1997,2009,1997.0,1,7.0,7,Villanova,College/University,,,,
200748,Tyrus Thomas,0,1986-08-17,Louisiana State,USA,6-10,225.0,8.0,,Forward,2006,2014,2006.0,1,4.0,4,Louisiana State,College/University,,,,
202717,Trey Thompkins,0,1990-05-29,Georgia,USA,6-10,245.0,2.0,33,Forward,2011,2011,2011.0,2,7.0,37,Georgia,College/University,81.75,85.0,30.5,15.0
78323,Bernard Thompson,0,1962-08-30,Fresno State,USA,6-6,210.0,5.0,25,Guard,1984,1988,1984.0,1,19.0,19,Fresno State,College/University,,,,
1631,Billy Thompson,0,1963-12-01,Louisville,USA,6-7,195.0,6.0,55,Forward,1986,1991,1986.0,1,19.0,19,Louisville,College/University,,,,
240,Brooks Thompson,0,1970-07-19,Oklahoma State,USA,6-4,193.0,4.0,,Guard,1994,1997,1994.0,1,27.0,27,Oklahoma State,College/University,,,,
78325,Corny Thompson,0,1960-02-05,Connecticut,USA,6-8,225.0,1.0,25,Forward,1982,1982,1982.0,3,4.0,50,Connecticut,College/University,,,,
78326,David Thompson,0,1954-07-13,North Carolina State,USA,6-4,195.0,8.0,33,Guard,1976,1983,1975.0,1,1.0,1,North Carolina State,College/University,,,,
101159,Dijon Thompson,0,1983-03-23,UCLA,USA,6-8,200.0,2.0,,Guard-Forward,2005,2006,2005.0,2,24.0,54,California-Los Angeles,College/University,80.0,81.75,,
78327,George Thompson,0,,nan,,,,,,,,,1969.0,5,9.0,66,Marquette,College/University,,,,
203138,Hollis Thompson,0,1991-04-03,Georgetown,USA,6-8,206.0,5.0,,Forward,2013,2016,,,,,,,80.0,81.5,36.5,6.0
201574,Jason Thompson,0,1986-07-21,Rider,USA,6-11,250.0,9.0,1,Forward-Center,2008,2015,2008.0,1,12.0,12,Rider,College/University,,,,
78328,John Thompson,0,,nan,,,,,,,,,1964.0,3,9.0,25,Providence,College/University,,,,
78329,Kevin Thompson,0,1971-02-07,North Carolina State,USA,6-11,260.0,1.0,35,Center,1993,1993,1993.0,2,21.0,48,North Carolina State,College/University,,,,
202691,Klay Thompson,1,1990-02-08,Washington State,USA,6-6,220.0,10.0,11,Guard,2011,2023,2011.0,1,11.0,11,Washington State,College/University,79.25,81.0,31.5,5.0
78,LaSalle Thompson,0,,nan,,,,,,,,,1982.0,1,5.0,5,Texas,College/University,,,,
78331,Mychal Thompson,0,1955-01-30,Minnesota,USA,6-10,226.0,12.0,43,Center,1978,1990,1978.0,1,1.0,1,Minnesota,College/University,,,,
202814,Mychel Thompson,0,1988-06-01,Pepperdine,USA,6-6,211.0,2.0,,Forward,2011,2011,,,,,,,,,,
78332,Paul Thompson,0,,nan,,,,,,,,,1983.0,3,3.0,50,Tulane,College/University,,,,
78333,Stephen Thompson,0,1968-12-02,Syracuse,USA,6-4,185.0,1.0,5,Forward,1991,1991,,,,,,,,,,
202684,Tristan Thompson,0,1991-03-13,Texas-Austin,Canada,6-9,254.0,12.0,9,Center-Forward,2011,2023,2011.0,1,4.0,4,Texas,College/University,80.75,85.25,35.0,9.0
1630550,JT Thor,1,2002-08-26,Auburn,USA,6-9,203.0,2.0,21,Forward,2021,2023,2021.0,2,7.0,37,Auburn,College/University,,,,
78335,Rod Thorn,0,1941-05-23,West Virginia,USA,6-4,195.0,8.0,44,Guard,1963,1970,1963.0,1,2.0,2,West Virginia,College/University,,,,
201154,Al Thornton,0,1983-12-07,Florida State,USA,6-8,235.0,5.0,23,Forward,2007,2010,2007.0,1,14.0,14,Florida State,College/University,79.0,85.0,41.0,9.0
738,Bob Thornton,0,1962-07-10,California-Irvine,USA,6-10,225.0,8.0,34,Forward,1985,1995,1984.0,4,17.0,87,California-Irvine,College/University,,,,
201977,Marcus Thornton,0,1987-06-05,Louisiana State,USA,6-4,205.0,8.0,,Guard-Forward,2009,2016,2009.0,2,13.0,43,Louisiana State,College/University,75.75,77.0,33.0,14.0
1628414,Sindarius Thornwell,0,1994-11-15,South Carolina,USA,6-4,215.0,5.0,15,Guard,2017,2020,2017.0,2,18.0,48,South Carolina,College/University,76.75,82.0,30.5,15.0
901,Otis Thorpe,0,1962-08-05,Providence,USA,6-10,248.0,17.0,52,Center-Forward,1984,2000,1984.0,1,9.0,9,Providence,College/University,,,,
9,Sedale Threatt,0,1961-09-10,West Virginia Tech,USA,6-2,185.0,14.0,2,Guard,1983,1996,1983.0,6,23.0,139,West Virginia Tech,College/University,,,,
600001,Nate Thurmond,0,1941-07-25,Bowling Green,USA,6-11,225.0,14.0,42,Center,1963,1976,1963.0,1,3.0,3,Bowling Green,College/University,,,,
78340,Mel Thurston,0,1919-01-16,Canisius,USA,6-0,175.0,1.0,,Guard,1947,1947,,,,,,,,,,
1629680,Matisse Thybulle,1,1997-03-04,Washington,USA,6-5,201.0,4.0,4,Guard-Forward,2019,2023,2019.0,1,20.0,20,Washington,College/University,,,,
78341,Howard Tidrick,0,1915-06-14,Washington & Jefferson,USA,6-1,190.0,1.0,,Guard,1948,1948,,,,,,,,,,
78342,Dan Tieman,0,1940-11-30,Thomas More,USA,6-0,185.0,1.0,41,Guard,1962,1962,,,,,,,,,,
1629681,Killian Tillie,1,,nan,,,,,,,,,,,,,,,,,,
78343,Darren Tillis,0,1960-02-23,Cleveland State,USA,6-11,215.0,2.0,22,Center,1982,1983,1982.0,1,23.0,23,Cleveland State,College/University,,,,
1630214,Xavier Tillman,1,1999-01-12,Michigan State,USA,6-7,245.0,3.0,2,Forward,2020,2023,2020.0,2,5.0,35,Michigan State,College/University,80.5,86.0,32.5,
78344,Jack Tingle,0,,nan,,,,,,,,,1947.0,0,0.0,0,Kentucky,College/University,,,,
2224,Jamaal Tinsley,0,1978-02-28,Iowa State,USA,6-3,188.0,11.0,,Guard,2001,2013,2001.0,1,27.0,27,Iowa State,College/University,,79.5,37.5,1.0
47,Wayman Tisdale,0,1964-06-09,Oklahoma,USA,6-9,260.0,12.0,23,Forward,1985,1996,1985.0,1,2.0,2,Oklahoma,College/University,,,,
1627861,Mike Tobey,0,1994-10-10,Virginia,USA,7-0,260.0,1.0,,Center,2016,2016,,,,,,,,,,
1630225,Isaiah Todd,1,2001-10-17,NBA G League Ignite,USA,6-9,219.0,2.0,14,Forward,2021,2023,2021.0,2,1.0,31,Ignite (G League),Other Team/Club,,,,
78346,Marko Todorovich,0,,nan,,,,,,,,,,,,,,,,,,
78348,Ray Tolbert,0,1958-09-10,Indiana,USA,6-9,225.0,5.0,44,Forward,1981,1988,1981.0,1,18.0,18,Indiana,College/University,,,,
78347,Tom Tolbert,0,,nan,,,,,,,,,1988.0,2,9.0,34,Arizona,College/University,,,,
201229,Anthony Tolliver,0,1985-06-01,Creighton,USA,6-8,240.0,14.0,43,Forward,2008,2020,,,,,,,80.5,86.5,30.0,21.0
78349,Dean Tolson,0,1951-11-25,Arkansas,USA,6-8,190.0,3.0,20,Forward,1974,1977,1974.0,5,8.0,80,Arkansas,College/University,,,,
78350,Rudy Tomjanovich,0,1948-11-24,Michigan,USA,6-8,218.0,11.0,45,Forward,1970,1980,1970.0,1,2.0,2,Michigan,College/University,,,,
78351,Andrew Toney,0,1957-11-23,Louisiana-Lafayette,USA,6-3,178.0,8.0,22,Guard,1980,1987,1980.0,1,8.0,8,Louisiana-Lafayette,College/University,,,,
78352,Sedric Toney,0,1962-04-13,Dayton,USA,6-2,178.0,5.0,4,Guard,1985,1993,1985.0,3,12.0,59,Dayton,College/University,,,,
78353,Andy Tonkovich,0,1922-11-01,Marshall,USA,6-1,185.0,1.0,,Guard,1948,1948,1948.0,1,1.0,1,Marshall,College/University,,,,
342,Andy Toolson,0,1966-01-19,Brigham Young,USA,6-6,210.0,2.0,5,Forward,1990,1995,,,,,,,,,,
78355,Jack Toomay,0,,nan,,,,,,,,,,,,,,,,,,
78356,Bernard Toone,0,1956-07-14,Marquette,USA,6-9,210.0,1.0,3,Forward,1979,1979,1979.0,2,15.0,37,Marquette,College/University,,,,
1630167,Obi Toppin,1,1998-03-04,Dayton,USA,6-9,220.0,3.0,1,Forward,2020,2023,2020.0,1,8.0,8,Dayton,College/University,,,,
78357,Irv Torgoff,0,1917-03-06,Long Island-Brooklyn,USA,6-1,192.0,3.0,,Forward,1946,1948,,,,,,,,,,
78358,Gene Tormohlen,0,,nan,,,,,,,,,1959.0,2,5.0,11,Tennessee,College/University,,,,
2351,Oscar Torres,0,1976-12-18,Trotamundos,Venezuela,6-6,210.0,2.0,18,Guard-Forward,2001,2002,,,,,,,,,,
1629308,Juan Toscano-Anderson,1,1993-04-10,Marquette,USA,6-6,209.0,4.0,95,Forward,2019,2023,,,,,,,,,,
78359,Bill Tosheff,0,1926-06-02,Indiana,USA,6-1,175.0,3.0,9,Guard,1951,1953,1951.0,4,3.0,32,Indiana,College/University,,,,
78360,Bob Tough,0,1920-08-28,St. John's (NY),USA,6-0,185.0,2.0,,Guard,1948,1949,,,,,,,,,,
1626253,Axel Toupane,0,1992-07-23,Strasbourg IG,France,6-7,210.0,4.0,66,Guard-Forward,2015,2020,,,,,,,,,,
78361,Monte Towe,0,1953-09-27,North Carolina State,USA,5-7,150.0,1.0,13,Guard,1976,1976,1975.0,4,3.0,57,North Carolina State,College/University,,,,
700,Keith Tower,0,1970-05-15,Notre Dame,USA,6-11,250.0,4.0,,Center,1993,1996,,,,,,,,,,
78363,William Towery,0,1920-06-20,Western Kentucky,USA,6-4,210.0,2.0,,Center,1948,1949,,,,,,,,,,
78364,Linton Townes,0,,nan,,,,,,,,,1982.0,2,10.0,33,James Madison,College/University,,,,
1626157,Karl-Anthony Towns,1,1995-11-15,Kentucky,USA,7-0,248.0,8.0,32,Center-Forward,2015,2023,2015.0,1,1.0,1,Kentucky,College/University,,,,
78365,Raymond Townsend,0,1955-12-20,UCLA,USA,6-3,175.0,3.0,11,Guard,1978,1981,1978.0,1,22.0,22,California-Los Angeles,College/University,,,,
78366,George Trapp,0,1948-07-11,Long Beach State,USA,6-8,205.0,6.0,31,Forward,1971,1976,1971.0,1,5.0,5,Long Beach State,College/University,,,,
78367,John Trapp,0,1945-10-02,UNLV,USA,6-7,210.0,5.0,31,Forward,1968,1972,1968.0,2,1.0,15,Nevada-Las Vegas,College/University,,,,
1714,Robert Traylor,0,1977-02-01,Michigan,USA,6-8,284.0,8.0,32,Forward-Center,1998,2004,1998.0,1,6.0,6,Michigan,College/University,,,,
718,Gary Trent,0,1974-09-22,Ohio,USA,6-8,250.0,10.0,20,Forward,1995,2003,1995.0,1,11.0,11,Ohio,College/University,,,,
1629018,Gary Trent Jr.,1,,nan,,,,,,,,,2018.0,2,7.0,37,Duke,College/University,77.75,80.75,39.5,12.0
2244,Jeff Trepagnier,0,1979-07-11,USC,USA,6-4,200.0,4.0,4,Guard,2001,2003,2001.0,2,7.0,35,Southern California,College/University,,,,
78651,John Tresvant,0,1939-11-06,Seattle,USA,6-7,215.0,9.0,12,Forward,1964,1972,1964.0,5,6.0,40,Seattle,College/University,,,,
1629019,Allonzo Trier,0,1996-01-17,Arizona,USA,6-4,200.0,2.0,,Guard,2018,2019,,,,,,,77.25,78.75,40.0,11.0
78368,Dick Triptow,0,1922-11-03,DePaul,USA,6-0,170.0,2.0,,Guard,1948,1949,,,,,,,,,,
78369,Kelly Tripucka,0,1959-02-16,Notre Dame,USA,6-6,220.0,10.0,7,Forward,1981,1990,1981.0,1,12.0,12,Notre Dame,College/University,,,,
2456,Cezary Trybanski,0,1979-09-22,Znicz Pruszkow,Poland,7-2,240.0,3.0,14,Center,2002,2003,,,,,,,,,,
2054,Jake Tsakalidis,0,1979-06-10,AEK Athens,Greece,7-2,290.0,8.0,25,Center,2000,2006,2000.0,1,25.0,25,A.E.K. Athens B.C. (Greece),Other Team/Club,,,,
78370,John Tschogl,0,1950-04-25,California-Santa Barbara,USA,6-6,206.0,3.0,26,Forward,1972,1974,,,,,,,,,,
78371,Lou Tsioropoulos,0,1930-08-31,Kentucky,USA,6-5,190.0,3.0,20,Forward,1956,1958,1953.0,7,0.0,0,Kentucky,College/University,,,,
2401,Nikoloz Tskitishvili,0,1983-04-14,Benetton Treviso,Georgia,7-0,225.0,5.0,15,Forward,2002,2005,2002.0,1,5.0,5,Universo Treviso Basket (Italy),Other Team/Club,,,,
78372,Al Tucker,0,1943-02-24,Oklahoma Baptist,USA,6-8,190.0,4.0,35,Forward,1967,1970,1967.0,1,6.0,6,Oklahoma Baptist,College/University,,,,
201169,Alando Tucker,0,1984-02-11,Wisconsin,USA,6-6,205.0,4.0,,Forward,2007,2009,2007.0,1,29.0,29,Wisconsin,College/University,,,,
141,Anthony Tucker,0,,nan,,,,,,,,,,,,,,,,,,
78374,Jim Tucker,0,1932-12-11,Duquesne,USA,6-7,185.0,3.0,17,Forward,1954,1956,1954.0,3,6.0,24,Duquesne,College/University,,,,
200782,P.J. Tucker,1,1985-05-05,Texas,USA,6-5,245.0,12.0,17,Forward,2006,2023,2006.0,2,5.0,35,Texas,College/University,,,,
1629730,Rayjon Tucker,0,1997-09-24,Arkansas-Little Rock,USA,6-3,209.0,4.0,59,Guard,2019,2021,,,,,,,,,,
78375,Trent Tucker,0,1959-12-20,Minnesota,USA,6-5,193.0,11.0,6,Guard,1982,1992,1982.0,1,6.0,6,Minnesota,College/University,,,,
101142,Ronny Turiaf,0,,nan,,,,,,,,,2005.0,2,7.0,37,Gonzaga,College/University,81.25,85.5,33.0,15.0
1726,Mirsad Turkcan,0,,nan,,,,,,,,,1998.0,1,18.0,18,Anadolu Efes S.K. (Turkey),Other Team/Club,,,,
2045,Hedo Turkoglu,0,1979-03-19,Efes Pilsen,Turkey,6-10,220.0,15.0,15,Forward,2000,2014,2000.0,1,16.0,16,Anadolu Efes S.K. (Turkey),Other Team/Club,,,,
78377,Andre Turner,0,1964-12-13,Memphis,USA,5-11,160.0,6.0,1,Guard,1986,1991,1986.0,3,22.0,69,Memphis,College/University,,,,
78385,Bill Turner,0,1944-02-18,Akron,USA,6-7,220.0,6.0,34,Forward,1967,1972,1967.0,3,8.0,27,Akron,College/University,,,,
78378,Elston Turner,0,1959-06-10,Mississippi,USA,6-5,190.0,8.0,21,Guard,1981,1988,1981.0,2,20.0,43,Mississippi,College/University,,,,
202323,Evan Turner,0,1988-10-27,Ohio State,USA,6-6,220.0,11.0,1,Guard-Forward,2010,2019,2010.0,1,2.0,2,Ohio State,College/University,79.0,80.0,34.5,9.0
78379,Henry Turner,0,1966-08-18,California State-Fullerton,USA,6-7,200.0,2.0,9,Guard,1989,1994,,,,,,,,,,
78380,Jack Turner,0,1930-06-29,Western Kentucky,USA,6-4,170.0,1.0,16,Guard,1954,1954,1954.0,1,8.0,8,Western Kentucky,College/University,,,,
78382,Jack Turner,0,,nan,,,,,,,,,1961.0,2,9.0,18,Louisville,College/University,,,,
78381,Jeff Turner,0,,nan,,,,,,,,,1984.0,1,17.0,17,Vanderbilt,College/University,,,,
1819,John Turner,0,1967-11-30,Phillips,USA,6-8,245.0,1.0,40,Forward,1991,1991,1991.0,1,20.0,20,Phillips,College/University,,,,
1626167,Myles Turner,1,1996-03-24,Texas,USA,6-11,250.0,8.0,33,Center-Forward,2015,2023,2015.0,1,11.0,11,Texas,College/University,83.5,88.0,,
1943,Wayne Turner,0,1976-03-22,Kentucky,USA,6-2,190.0,1.0,,Guard,1999,1999,,,,,,,,,,
78386,Mel Turpin,0,1960-12-28,Kentucky,USA,6-11,240.0,5.0,50,Center,1984,1989,1984.0,1,6.0,6,Kentucky,College/University,,,,
78387,Dave Twardzik,0,1950-09-20,Old Dominion,USA,6-1,175.0,4.0,13,Guard,1976,1979,1972.0,2,13.0,26,Old Dominion,College/University,,,,
78388,Jack Twyman,0,1934-05-11,Cincinnati,USA,6-6,210.0,11.0,27,Forward,1955,1965,,,,,,,,,,
189,B.J. Tyler,0,1971-04-30,Texas-Austin,USA,6-1,185.0,1.0,1,Guard,1994,1994,1994.0,1,20.0,20,Texas,College/University,,,,
202719,Jeremy Tyler,0,1991-06-21,Tokyo Apache,USA,6-10,250.0,4.0,4,Forward,2011,2013,2011.0,2,9.0,39,Tokyo Apache (Japan),Other Team/Club,82.5,89.0,33.5,10.0
78390,Terry Tyler,0,1956-10-30,Detroit,USA,6-7,215.0,11.0,41,Forward,1978,1988,1978.0,2,1.0,23,Detroit Mercy,College/University,,,,
78391,Charlie Tyra,0,1935-08-16,Louisville,USA,6-8,230.0,5.0,14,Center,1957,1961,1957.0,1,2.0,2,Louisville,College/University,,,,
202775,Edwin Ubiles,0,1986-11-26,Siena,Puerto Rico,6-6,204.0,1.0,,Forward-Guard,2011,2011,,,,,,,,,,
202327,Ekpe Udoh,0,,nan,,,,,,,,,2010.0,1,6.0,6,Baylor,College/University,81.75,88.5,33.5,10.0
2137,Ime Udoka,0,,nan,,,,,,,,,,,,,,,,,,
2757,Beno Udrih,0,1982-07-05,Olimpia Milano,Slovenia,6-3,205.0,14.0,19,Guard,2004,2016,2004.0,1,28.0,28,Olimpia Milano (Italy),Other Team/Club,75.75,76.5,,2.0
101146,Roko Ukic,0,1984-12-05,Virtus Roma,Croatia,6-5,190.0,2.0,,Guard,2007,2009,2005.0,2,11.0,41,KK Split (Croatia),Other Team/Club,,,,
1627755,Tyler Ulis,0,1996-01-05,Kentucky,USA,5-10,160.0,4.0,,Guard,2016,2018,2016.0,2,4.0,34,Kentucky,College/University,,,,
1630649,Stanley Umude,1,1999-04-12,Arkansas,USA,6-6,210.0,1.0,,Guard,2022,2022,,,,,,,,,,
78392,Wes Unseld,0,1946-03-14,Louisville,USA,6-7,245.0,13.0,41,Center,1968,1980,1968.0,1,2.0,2,Louisville,College/University,,,,
78393,Hal Uplinger,0,1929-09-30,Long Island-Brooklyn,USA,6-4,185.0,1.0,,Guard,1953,1953,,,,,,,,,,
78394,Kelvin Upshaw,0,1963-01-24,Utah,USA,6-2,180.0,3.0,5,Guard,1988,1990,,,,,,,,,,
1627784,Jarrod Uthoff,0,1993-05-19,Iowa,USA,6-9,220.0,3.0,7,Forward,2016,2019,,,,,,,,,,
202386,Ben Uzoh,0,1988-03-18,Tulsa,USA,6-3,205.0,3.0,18,Guard,2010,2011,,,,,,,,,,
201987,Robert Vaden,0,1985-03-03,Alabama-Birmingham,USA,6-5,205.0,1.0,30,Guard-Forward,2010,2010,2009.0,2,24.0,54,Alabama-Birmingham,College/University,,,,
202685,Jonas Valanciunas,1,1992-05-06,Lietuvos rytas Vilnius,Lithuania,6-11,265.0,11.0,17,Center,2012,2023,2011.0,1,5.0,5,BC Lietuvos rytas (Lithuania),Other Team/Club,,,,
78395,Darnell Valentine,0,1959-02-03,Kansas,USA,6-2,183.0,9.0,1,Guard,1981,1990,1981.0,1,16.0,16,Kansas,College/University,,,,
1627756,Denzel Valentine,0,1993-11-16,Michigan State,USA,6-4,220.0,6.0,,Guard,2016,2021,2016.0,1,14.0,14,Michigan State,College/University,,,,
78396,Ron Valentine,0,1957-11-27,Old Dominion,USA,6-7,210.0,1.0,42,Forward,1980,1980,1980.0,3,5.0,51,Old Dominion,College/University,,,,
78397,John Vallely,0,1948-10-03,UCLA,USA,6-3,185.0,2.0,33,Guard,1970,1971,1970.0,1,14.0,14,California-Los Angeles,College/University,,,,
78398,Dick Van Arsdale,0,1943-02-22,Indiana,USA,6-5,210.0,12.0,5,Guard,1965,1976,1965.0,2,2.0,10,Indiana,College/University,,,,
78399,Tom Van Arsdale,0,1943-02-22,Indiana,USA,6-5,202.0,12.0,4,Forward,1965,1976,1965.0,2,3.0,11,Indiana,College/University,,,,
78401,Butch Van Breda Kolff,0,1922-10-28,New York University,USA,6-3,185.0,4.0,17,Guard-Forward,1946,1949,,,,,,,,,,
78400,Jan Van Breda Kolff,0,1951-12-16,Vanderbilt,USA,6-7,195.0,7.0,22,Forward,1976,1982,1974.0,2,2.0,20,Vanderbilt,College/University,,,,
89,Nick Van Exel,0,1971-11-27,Cincinnati,USA,6-1,190.0,13.0,31,Guard,1993,2005,1993.0,2,10.0,37,Cincinnati,College/University,,,,
1496,Keith Van Horn,0,1975-10-23,Utah,USA,6-10,245.0,10.0,2,Forward,1997,2005,1997.0,1,2.0,2,Utah,College/University,,,,
78406,Norm Van Lier,0,1947-04-01,St. Francis (PA),USA,6-1,173.0,10.0,4,Guard,1969,1978,1969.0,3,5.0,34,Saint Francis (PA),College/University,,,,
1627832,Fred VanVleet,1,,nan,,,,,,,,,,,,,,,,,,
78402,Gene Vance,0,1923-02-25,Illinois,USA,6-3,195.0,5.0,11,Guard,1947,1951,1947.0,0,0.0,0,Illinois,College/University,,,,
78403,Log Vander Velden,0,1971-04-03,Wisconsin-Green Bay,USA,6-8,215.0,1.0,25,Forward,1995,1995,,,,,,,,,,
1629020,Jarred Vanderbilt,1,1999-04-03,Kentucky,USA,6-8,214.0,5.0,2,Forward,2018,2023,2018.0,2,11.0,41,Kentucky,College/University,,,,
78405,Ernie Vandeweghe,0,,nan,,,,,,,,,1949.0,3,0.0,0,Colgate,College/University,,,,
78404,Kiki Vandeweghe,0,1958-08-01,UCLA,USA,6-8,220.0,13.0,55,Forward,1980,1992,1980.0,1,11.0,11,California-Los Angeles,College/University,,,,
78407,Nick Vanos,0,1963-04-13,Santa Clara,USA,7-1,255.0,2.0,30,Center,1985,1986,1985.0,2,8.0,32,Santa Clara,College/University,,,,
2128,David Vanterpool,0,1973-03-21,St. Bonaventure,USA,6-5,200.0,1.0,22,Guard,2000,2000,,,,,,,,,,
2237,Ratko Varda,0,1979-05-06,Partizan,Bosnia and Herzegovina,7-1,265.0,2.0,50,Center,2001,2002,,,,,,,,,,
2760,Anderson Varejao,0,1982-09-28,FC Barcelona,Brazil,6-11,260.0,14.0,,Forward,2004,2020,2004.0,2,1.0,30,FC Barcelona Basquet (Spain),Other Team/Club,,,,
202363,Jarvis Varnado,0,1988-03-01,Mississippi State,USA,6-9,230.0,2.0,40,Forward-Center,2012,2013,2010.0,2,11.0,41,Mississippi State,College/University,,,,
202349,Greivis Vasquez,0,1987-01-16,Maryland,Venezuela,6-6,217.0,7.0,,Guard,2010,2016,2010.0,1,28.0,28,Maryland,College/University,78.5,79.0,,
1630170,Devin Vassell,1,,nan,,,,,,,,,2020.0,1,11.0,11,Florida State,College/University,,,,
78409,Charles Vaughn,0,1940-02-19,Southern Illinois,USA,6-3,190.0,5.0,10,Guard,1962,1966,1962.0,4,1.0,26,Southern Illinois,College/University,,,,
710,David Vaughn,0,1973-03-23,Memphis,USA,6-9,240.0,4.0,,Forward,1995,1998,1995.0,1,25.0,25,Memphis,College/University,,,,
1521,Jacque Vaughn,0,1975-02-11,Kansas,USA,6-1,190.0,13.0,11,Guard,1997,2008,1997.0,1,27.0,27,Kansas,College/University,,,,
1626173,Rashad Vaughn,0,1996-08-16,UNLV,USA,6-6,202.0,3.0,,Guard,2015,2017,2015.0,1,17.0,17,Nevada-Las Vegas,College/University,77.0,79.0,34.0,5.0
78411,Virgil Vaughn,0,1918-05-15,Western Kentucky,USA,6-4,205.0,1.0,17,Forward,1946,1946,,,,,,,,,,
919,Loy Vaught,0,1968-02-27,Michigan,USA,6-9,240.0,11.0,35,Forward-Center,1990,2000,1990.0,1,13.0,13,Michigan,College/University,,,,
78413,Bob Verga,0,1945-09-07,Duke,USA,6-1,190.0,1.0,17,Guard,1973,1973,1967.0,3,6.0,25,Duke,College/University,,,,
78414,Peter Verhoeven,0,1959-02-15,Fresno State,USA,6-9,215.0,6.0,50,Forward,1981,1986,1981.0,4,16.0,85,Fresno State,College/University,,,,
202686,Jan Vesely,0,1990-04-24,Partizan,Czech Republic,7-0,242.0,3.0,24,Forward,2011,2013,2011.0,1,6.0,6,KK Partizan (Serbia),Other Team/Club,,,,
78415,Gundars Vetra,0,1967-05-22,VEF Riga,Latvia,6-6,195.0,1.0,2,Forward,1992,1992,,,,,,,,,,
78416,Joao Vianna,0,1966-11-15,Travajara,Brazil,6-9,215.0,1.0,31,Forward,1991,1991,,,,,,,,,,
1630492,Luca Vildoza,1,1995-08-11,Baskonia,Argentina,6-3,190.0,2.0,6,Guard,2020,2021,,,,,,,,,,
101111,Charlie Villanueva,0,1984-08-24,Connecticut,USA,6-11,232.0,12.0,3,Forward,2005,2015,2005.0,1,7.0,7,Connecticut,College/University,81.5,84.25,31.0,11.0
1629216,Gabe Vincent,1,1996-06-14,California-Santa Barbara,USA,6-2,200.0,4.0,2,Guard,2019,2023,,,,,,,,,,
78418,Jay Vincent,0,1959-06-10,Michigan State,USA,6-7,220.0,9.0,3,Forward,1981,1989,1981.0,2,1.0,24,Michigan State,College/University,,,,
78417,Sam Vincent,0,1963-05-18,Michigan State,USA,6-2,185.0,7.0,11,Guard,1985,1991,1985.0,1,20.0,20,Michigan State,College/University,,,,
200790,Marcus Vinicius,0,1984-05-31,Sao Carlos,Brazil,6-8,225.0,2.0,,Forward,2006,2007,2006.0,2,13.0,43,Objetivo Sao Carlos (Brazil),Other Team/Club,,,,
1844,Fred Vinson,0,1971-01-28,Georgia Tech,USA,6-4,190.0,2.0,,Guard,1994,1999,,,,,,,,,,
78419,Gary Voce,0,1965-11-24,Notre Dame,USA,6-9,240.0,1.0,54,Forward,1989,1989,,,,,,,,,,
78420,Floyd Volker,0,1921-06-21,Wyoming,USA,6-4,205.0,1.0,,Forward,1949,1949,,,,,,,,,,
78421,Alexander Volkov,0,1964-03-29,Stroitel,Ukraine,6-10,218.0,2.0,8,Center,1989,1991,1986.0,6,18.0,134,BC Budivelnyk (Ukraine),Other Team/Club,,,,
78422,Whitey Von Nieda,0,1922-06-19,Penn State,USA,,,1.0,,,1949,1949,,,,,,,,,,
203943,Noah Vonleh,1,1995-08-24,Indiana,USA,6-10,257.0,8.0,,Forward,2014,2022,,,,,,,81.5,88.25,37.0,
2063,Jake Voskuhl,0,1977-11-01,Connecticut,USA,6-11,255.0,10.0,77,Center,2000,2008,2000.0,2,4.0,33,Connecticut,College/University,,,,
78423,Danny Vranes,0,1958-10-29,Utah,USA,6-7,210.0,7.0,20,Forward,1981,1987,1981.0,1,5.0,5,Utah,College/University,,,,
2582,Slavko Vranes,0,1983-01-30,Buducnost,Montenegro,7-5,275.0,1.0,,Center,2003,2003,2003.0,2,10.0,39,KK Buducnost Podgorica (Montenegro),Other Team/Club,,,,
1037,Stojko Vrankovic,0,,nan,,,,,,,,,,,,,,,,,,
78425,Brett Vroman,0,1955-12-25,UNLV,USA,7-0,220.0,1.0,52,Center,1980,1980,1978.0,4,21.0,87,Nevada-Las Vegas,College/University,,,,
2761,Jackson Vroman,0,,nan,,,,,,,,,2004.0,2,2.0,31,Iowa State,College/University,82.75,84.0,33.5,12.0
202696,Nikola Vucevic,1,1990-10-24,Southern California,Montenegro,6-10,260.0,12.0,9,Center,2011,2023,2011.0,1,16.0,16,Southern California,College/University,83.75,88.5,25.0,8.0
2756,Sasha Vujacic,0,1984-03-08,Udine,Slovenia,6-7,195.0,11.0,18,Guard,2004,2016,2004.0,1,27.0,27,Pallalcesto Amatori Udine (Italy),Other Team/Club,,,,
1629731,Dean Wade,1,1996-11-20,Kansas State,USA,6-9,228.0,4.0,32,Forward-Center,2019,2023,,,,,,,,,,
2548,Dwyane Wade,0,,nan,,,,,,,,,2003.0,1,5.0,5,Marquette,College/University,,,,
78426,Mark Wade,0,1965-10-15,UNLV,USA,5-11,160.0,2.0,10,Guard,1987,1989,,,,,,,,,,
101144,Von Wafer,0,,nan,,,,,,,,,2005.0,2,9.0,39,Florida State,College/University,,,,
78427,Clint Wager,0,1920-01-20,St. Mary's (MN),USA,6-5,210.0,1.0,17,Center,1949,1949,,,,,,,,,,
2402,Dajuan Wagner,0,1983-02-04,Memphis,USA,6-3,200.0,4.0,,Guard,2002,2006,2002.0,1,6.0,6,Memphis,College/University,,,,
78428,Danny Wagner,0,1922-08-01,Texas-Austin,USA,6-0,170.0,1.0,,Guard,1949,1949,,,,,,,,,,
1630532,Franz Wagner,1,,nan,,,,,,,,,2021.0,1,8.0,8,Michigan,College/University,,,,
78429,Milt Wagner,0,1963-02-20,Louisville,USA,6-5,185.0,2.0,25,Guard,1987,1990,1986.0,2,11.0,35,Louisville,College/University,,,,
1629021,Moritz Wagner,1,,nan,,,,,,,,,2018.0,1,25.0,25,Michigan,College/University,83.25,84.0,32.5,
1630688,Ish Wainright,1,1994-09-12,Baylor,USA,6-5,250.0,2.0,12,Forward,2021,2023,,,,,,,,,,
203079,Dion Waiters,0,1991-12-10,Syracuse,USA,6-3,210.0,9.0,18,Guard,2012,2019,2012.0,1,4.0,4,Syracuse,College/University,76.0,79.25,,
78430,Granville Waiters,0,,nan,,,,,,,,,1983.0,2,15.0,39,Ohio State,College/University,,,,
78431,Andre Wakefield,0,1955-01-11,Loyola-Chicago,USA,6-2,175.0,2.0,15,Guard,1978,1979,1978.0,5,19.0,107,Loyola-Chicago,College/University,,,,
78432,Neal Walk,0,1948-07-29,Florida,USA,6-10,220.0,8.0,41,Center,1969,1976,1969.0,1,2.0,2,Florida,College/University,,,,
78433,Andy Walker,0,1955-03-25,Niagara,USA,6-4,190.0,1.0,41,Guard,1976,1976,1976.0,7,7.0,111,Niagara,College/University,,,,
952,Antoine Walker,0,1976-08-12,Kentucky,USA,6-9,245.0,13.0,24,Forward,1996,2007,1996.0,1,6.0,6,Kentucky,College/University,,,,
78434,Brady Walker,0,1921-03-15,Brigham Young,USA,6-6,205.0,4.0,,Forward,1948,1951,1948.0,0,0.0,0,Brigham Young,College/University,,,,
78435,Chet Walker,0,1940-02-22,Bradley,USA,6-7,212.0,13.0,25,Forward,1962,1974,1962.0,2,5.0,12,Bradley,College/University,,,,
78437,Darrell Walker,0,1961-03-09,Arkansas,USA,6-4,180.0,10.0,20,Guard,1983,1992,1983.0,1,12.0,12,Arkansas,College/University,,,,
78436,Foots Walker,0,1951-05-21,West Georgia,USA,6-1,172.0,10.0,1,Guard,1974,1983,1974.0,3,2.0,38,West Georgia,College/University,,,,
201611,Henry Walker,0,1987-10-09,Kansas State,USA,6-6,235.0,5.0,5,Forward,2008,2014,2008.0,2,17.0,47,Kansas State,College/University,,,,
78438,Horace Walker,0,1938-04-17,Michigan State,USA,6-3,210.0,1.0,15,Forward,1961,1961,1960.0,4,6.0,30,Michigan State,College/University,,,,
1631133,Jabari Walker,1,,nan,,,,,,,,,2022.0,2,27.0,57,Colorado,College/University,80.0,82.75,32.5,
78439,Jimmy Walker,0,1944-04-08,Providence,USA,6-3,195.0,9.0,24,Guard,1967,1975,1967.0,1,1.0,1,Providence,College/University,,,,
202689,Kemba Walker,1,1990-05-08,Connecticut,USA,6-0,184.0,12.0,,Guard,2011,2022,2011.0,1,9.0,9,Connecticut,College/University,73.0,75.5,39.5,7.0
78440,Kenny Walker,0,1964-08-18,Kentucky,USA,6-8,210.0,7.0,15,Forward,1986,1994,1986.0,1,5.0,5,Kentucky,College/University,,,,
1630640,MJ Walker,0,1998-03-28,Florida State,USA,6-5,213.0,2.0,,Guard,2021,2021,,,,,,,,,,
78441,Phil Walker,0,1956-03-20,Millersville,USA,6-3,180.0,1.0,20,Guard,1977,1977,1976.0,7,13.0,117,Millersville,College/University,,,,
955,Samaki Walker,0,1976-02-25,Louisville,USA,6-9,260.0,11.0,,Forward,1996,2005,1996.0,1,9.0,9,Louisville,College/University,,,,
78442,Wally Walker,0,1954-07-18,Virginia,USA,6-8,190.0,8.0,42,Forward,1976,1983,1976.0,1,5.0,5,Virginia,College/University,,,,
1629022,Lonnie Walker IV,1,1998-12-14,Miami,USA,6-4,204.0,5.0,4,Guard-Forward,2018,2023,2018.0,1,18.0,18,Miami (FL),College/University,76.5,82.25,40.0,12.0
202322,John Wall,1,1990-09-06,Kentucky,USA,6-3,210.0,11.0,,Guard,2010,2022,2010.0,1,1.0,1,Kentucky,College/University,76.0,81.25,39.0,
1112,Ben Wallace,0,,nan,,,,,,,,,,,,,,,,,,
2222,Gerald Wallace,0,1982-07-23,Alabama,USA,6-7,220.0,15.0,45,Forward,2001,2014,2001.0,1,25.0,25,Alabama,College/University,,,,
961,John Wallace,0,1974-02-09,Syracuse,USA,6-9,225.0,8.0,22,Forward,1996,2003,1996.0,1,18.0,18,Syracuse,College/University,,,,
78443,Michael Wallace,0,1918-07-12,Scranton,USA,6-1,185.0,1.0,,Guard,1946,1946,,,,,,,,,,
739,Rasheed Wallace,0,1974-09-17,North Carolina,USA,6-11,230.0,16.0,,Forward-Center,1995,2012,1995.0,1,4.0,4,North Carolina,College/University,,,,
1627820,Tyrone Wallace,0,1994-06-10,California,USA,6-5,198.0,4.0,,Guard,2017,2021,2016.0,2,30.0,60,California,College/University,,,,
78444,Dwight Waller,0,1945-10-05,Tennessee State,USA,6-6,220.0,1.0,16-34,Forward,1968,1968,1968.0,10,11.0,131,Tennessee State,College/University,,,,
78445,Jamie Waller,0,1964-11-20,Virginia Union,USA,6-4,215.0,1.0,15,Forward,1987,1987,1987.0,3,2.0,48,Virginia Union,College/University,,,,
78446,Jim Walsh,0,1931-08-29,Stanford,USA,6-4,195.0,1.0,20,Forward,1957,1957,1952.0,0,0.0,0,Stanford,College/University,,,,
101190,Matt Walsh,0,1982-12-02,Florida,USA,6-6,220.0,2.0,,Guard-Forward,2005,2005,,,,,,,,,,
777,Rex Walters,0,1970-03-12,Kansas,USA,6-4,190.0,7.0,,Guard,1993,1999,1993.0,1,16.0,16,Kansas,College/University,,,,
78447,Paul Walther,0,,nan,,,,,,,,,1949.0,0,0.0,0,Tennessee,College/University,,,,
78448,Rabbit Walthour,0,1905-04-11,Benjamin Franklin HS (NY),USA,5-11,163.0,1.0,,Guard,1953,1953,,,,,,,,,,
78450,Bill Walton,0,,nan,,,,,,,,,1974.0,1,1.0,1,California-Los Angeles,College/University,,,,
78449,Lloyd Walton,0,1953-11-23,Marquette,USA,6-0,160.0,5.0,11  12,Guard,1976,1980,1976.0,3,6.0,40,Marquette,College/University,,,,
2575,Luke Walton,0,1980-03-28,Arizona,USA,6-8,235.0,11.0,4,Forward,2003,2012,2003.0,2,3.0,32,Arizona,College/University,,,,
1628476,Derrick Walton Jr.,0,1995-04-03,Michigan,USA,6-0,185.0,3.0,,Guard,2017,2021,,,,,,,72.75,74.5,32.5,9.0
202954,Brad Wanamaker,0,1989-07-25,Pittsburgh,USA,6-3,210.0,4.0,,Guard,2018,2021,,,,,,,,,,
78453,Bobby Wanzer,0,1921-06-04,Seton Hall,USA,6-0,170.0,9.0,9,Guard,1948,1956,1948.0,1,10.0,10,Seton Hall,College/University,,,,
78454,Perry Warbington,0,,nan,,,,,,,,,1974.0,9,1.0,145,Georgia Southern,College/University,,,,
369,Charlie Ward,0,1970-10-12,Florida State,USA,6-2,185.0,12.0,,Guard,1994,2004,1994.0,1,26.0,26,Florida State,College/University,,,,
78455,Gerry Ward,0,1941-09-06,Boston College,USA,6-4,195.0,4.0,6,Guard,1963,1966,1963.0,1,5.0,5,Boston College,College/University,,,,
78456,Henry Ward,0,1952-01-30,Jackson State,USA,6-4,195.0,1.0,15,Guard,1976,1976,1975.0,6,9.0,99,Jackson State,College/University,,,,
203810,Casper Ware,0,1990-01-17,Long Beach State,USA,,,6.0,,,2013,2017,,,,,,,,,,
78457,Jim Ware,0,1944-05-02,Oklahoma City,USA,6-7,210.0,2.0,27,Forward,1966,1967,,,,,,,,,,
78458,Ben Warley,0,1936-09-04,Tennessee State,USA,6-5,200.0,5.0,33,Forward,1962,1966,1960.0,4,3.0,27,Tennessee State,College/University,,,,
78459,Bob Warlick,0,,nan,,,,,,,,,,,,,,,,,,
78460,Cornell Warner,0,1948-08-12,Jackson State,USA,6-9,220.0,7.0,20-30,Forward,1970,1976,1970.0,2,7.0,24,Jackson State,College/University,,,,
1627866,Jameel Warney,0,1994-01-31,Stony Brook,USA,6-8,260.0,1.0,,Forward,2017,2017,,,,,,,,,,
78461,Johnny Warren,0,1947-07-07,St. John's (NY),USA,6-3,180.0,5.0,,Guard,1969,1973,1969.0,1,11.0,11,St. John's (NY),College/University,,,,
203933,T.J. Warren,1,1993-09-05,North Carolina State,USA,6-8,220.0,8.0,21,Forward,2014,2023,,,,,,,80.25,82.25,35.5,
202378,Willie Warren,0,1989-10-22,Oklahoma,USA,6-4,203.0,2.0,13,Guard,2010,2010,2010.0,2,24.0,54,Oklahoma,College/University,75.75,78.0,31.5,10.0
78462,Bryan Warrick,0,1959-07-22,St. Joseph's (PA),USA,6-5,195.0,4.0,12,Guard,1982,1985,1982.0,2,2.0,25,Saint Joseph's,College/University,,,,
101124,Hakim Warrick,0,1982-07-08,Syracuse,USA,6-9,219.0,8.0,,Forward,2005,2012,2005.0,1,19.0,19,Syracuse,College/University,80.5,86.0,38.0,11.0
78463,Chris Washburn,0,1965-05-13,North Carolina State,USA,6-11,225.0,2.0,50,Center,1986,1987,1986.0,1,3.0,3,North Carolina State,College/University,,,,
1627395,Julian Washburn,0,1991-12-18,Texas-El Paso,USA,6-8,209.0,2.0,4,Forward-Guard,2018,2018,,,,,,,,,,
78469,Bobby Washington,0,1947-07-11,Eastern Kentucky,USA,5-11,175.0,2.0,17,Guard,1970,1971,,,,,,,,,,
200827,Darius Washington,0,1985-12-06,Memphis,USA,6-2,195.0,2.0,,Guard,2007,2007,,,,,,,,,,
78464,Duane Washington,0,1964-08-31,Middle Tennessee State,USA,6-4,195.0,2.0,10,Guard,1987,1992,1987.0,2,13.0,36,Middle Tennessee State,College/University,,,,
78465,Dwayne Washington,0,1964-01-06,Syracuse,USA,6-2,190.0,3.0,31,Guard,1986,1988,1986.0,1,13.0,13,Syracuse,College/University,,,,
1540,Eric Washington,0,,nan,,,,,,,,,1997.0,2,18.0,46,Alabama,College/University,,,,
78466,Jim Washington,0,1943-07-01,Villanova,USA,6-7,210.0,11.0,12,Forward,1965,1975,1965.0,1,6.0,6,Villanova,College/University,,,,
78467,Kermit Washington,0,1951-09-17,American,USA,6-8,230.0,10.0,3,Forward,1973,1987,1973.0,1,5.0,5,American,College/University,,,,
1629023,P.J. Washington,1,,nan,,,,,,,,,2019.0,1,12.0,12,Kentucky,College/University,80.0,86.5,34.0,3.0
78468,Richard Washington,0,1955-07-15,UCLA,USA,6-10,220.0,6.0,31,Forward,1976,1981,1976.0,1,3.0,3,California-Los Angeles,College/University,,,,
78470,Stan Washington,0,,nan,,,,,,,,,1974.0,4,12.0,66,San Diego,College/University,,,,
78471,Wilson Washington,0,1955-08-03,Old Dominion,USA,6-9,227.0,2.0,42,Forward,1977,1978,1977.0,2,3.0,25,Old Dominion,College/University,,,,
1630613,Duane Washington Jr.,1,2000-03-24,Ohio State,Germany,6-2,197.0,2.0,4,Guard,2021,2023,,,,,,,,,,
1631102,TyTy Washington Jr.,1,2001-11-15,Kentucky,USA,6-3,195.0,1.0,0,Guard,2022,2023,2022.0,1,29.0,29,Kentucky,College/University,75.75,80.0,,
1629139,Yuta Watanabe,1,,nan,,,,,,,,,,,,,,,,,,
1629682,Tremont Waters,0,1998-01-10,Louisiana State,USA,5-10,175.0,3.0,,Guard,2019,2021,2019.0,2,21.0,51,Louisiana State,College/University,70.75,74.25,40.5,5.0
1630322,Lindy Waters III,1,1997-07-28,Oklahoma State,USA,6-6,210.0,2.0,12,Forward,2021,2023,,,,,,,,,,
1630570,Trendon Watford,1,,nan,,,,,,,,,,,,,,,,,,
201208,Darryl Watkins,0,1984-11-08,Syracuse,USA,6-11,258.0,3.0,31,Center,2007,2011,,,,,,,82.25,87.0,31.0,14.0
201228,C.J. Watson,0,1984-04-17,Tennessee,USA,6-2,175.0,11.0,32,Guard,2007,2016,,,,,,,,,,
2248,Earl Watson,0,1979-06-12,UCLA,USA,6-1,199.0,13.0,17,Guard,2001,2013,2001.0,2,11.0,39,California-Los Angeles,College/University,,78.75,37.5,4.0
320,Jamie Watson,0,1972-02-23,South Carolina,USA,6-7,190.0,4.0,,Forward,1994,1998,1994.0,2,20.0,47,South Carolina,College/University,,,,
1628778,Paul Watson,0,1994-12-30,Fresno State,USA,6-6,210.0,3.0,,Guard,2019,2021,,,,,,,,,,
1631212,Peyton Watson,1,2002-09-11,UCLA,USA,6-7,200.0,1.0,8,Guard,2022,2023,2022.0,1,30.0,30,California-Los Angeles,College/University,80.0,84.5,33.5,
78474,Ron Watts,0,1943-05-21,Wake Forest,USA,6-6,210.0,2.0,12,Forward,1965,1966,1965.0,2,9.0,17,Wake Forest,College/University,,,,
78473,Slick Watts,0,1951-07-22,Xavier of Louisiana,USA,6-1,175.0,6.0,00,Guard,1973,1978,,,,,,,,,,
203146,Maalik Wayns,0,1991-05-02,Villanova,USA,6-1,195.0,3.0,,Guard,2012,2013,,,,,,,,,,
204033,David Wear,0,1990-09-21,UCLA,USA,6-10,230.0,1.0,,Forward,2014,2014,,,,,,,,,,
204037,Travis Wear,0,1990-09-21,UCLA,USA,6-10,225.0,3.0,21,Forward,2014,2017,,,,,,,,,,
221,Clar. Weatherspoon,0,1970-09-08,Southern Mississippi,USA,6-7,270.0,14.0,30,Forward,1992,2004,1992.0,1,9.0,9,Southern Mississippi,College/University,,,,
78475,Nick Weatherspoon,0,1950-07-20,Illinois,USA,6-7,195.0,7.0,12,Forward,1973,1979,1973.0,1,13.0,13,Illinois,College/University,,,,
1629683,Quinndary Weatherspoon,1,,nan,,,,,,,,,2019.0,2,19.0,49,Mississippi State,College/University,76.25,81.0,38.0,
201602,Kyle Weaver,0,1986-02-18,Washington State,USA,6-6,201.0,3.0,,Guard,2008,2010,2008.0,2,8.0,38,Washington State,College/University,,,,
78477,Jeff Webb,0,1948-07-06,Kansas State,USA,6-4,170.0,2.0,10,Guard,1970,1971,,,,,,,,,,
78478,Marcus Webb,0,1970-05-09,Alabama,USA,6-9,255.0,1.0,41,Forward,1992,1992,,,,,,,,,,
892,Spud Webb,0,1963-07-13,North Carolina State,USA,5-6,133.0,12.0,,Guard,1985,1997,1985.0,4,17.0,87,North Carolina State,College/University,,,,
1627821,James Webb III,0,1993-08-19,Boise State,USA,6-9,202.0,1.0,0,Forward,2017,2017,,,,,,,,,,
185,Chris Webber,0,1973-03-01,Michigan,USA,6-10,245.0,15.0,4,Forward-Center,1993,2007,1993.0,1,1.0,1,Michigan,College/University,,,,
1627362,Briante Weber,0,1992-12-29,Virginia Commonwealth,USA,6-2,165.0,4.0,3,Guard,2015,2017,,,,,,,,,,
78479,Forest Weber,0,1918-03-18,Purdue,USA,6-6,225.0,1.0,,Center,1946,1946,,,,,,,,,,
1067,Jeff Webster,0,1971-02-19,Oklahoma,USA,6-8,232.0,1.0,42,Forward,1995,1995,1994.0,2,13.0,40,Oklahoma,College/University,,,,
101110,Martell Webster,0,1986-12-04,Seattle Preparatory HS (WA),USA,6-7,230.0,11.0,9,Forward-Guard,2005,2014,2005.0,1,6.0,6,Seattle Preparatory School,High School,79.5,83.0,30.5,7.0
78481,Marvin Webster,0,,nan,,,,,,,,,1975.0,1,3.0,3,Morgan State,College/University,,,,
78482,Scott Wedman,0,1952-07-29,Colorado,USA,6-7,215.0,13.0,8,Forward,1974,1986,1974.0,1,6.0,6,Colorado,College/University,,,,
201603,Sonny Weems,0,1986-07-08,Arkansas,USA,6-6,205.0,4.0,,Guard-Forward,2008,2015,2008.0,2,9.0,39,Arkansas,College/University,77.5,82.0,36.5,12.0
78483,Dick Wehr,0,,nan,,,,,,,,,1948.0,0,0.0,0,Rice,College/University,,,,
78484,Brant Weidner,0,1960-10-28,William & Mary,USA,6-9,230.0,1.0,25,Forward,1983,1983,1983.0,4,20.0,90,William & Mary,College/University,,,,
78485,Bob Weiss,0,1942-05-07,Penn State,USA,6-3,180.0,12.0,8,Guard,1965,1976,1965.0,3,5.0,22,Penn State,College/University,,,,
78486,Rick Weitzman,0,,nan,,,,,,,,,1967.0,10,8.0,110,Northeastern,College/University,,,,
1719,Bonzi Wells,0,1976-09-28,Ball State,USA,6-5,210.0,11.0,24,Guard-Forward,1998,2007,1998.0,1,11.0,11,Ball State,College/University,,,,
1528,Bubba Wells,0,,nan,,,,,,,,,1997.0,2,6.0,34,Austin Peay,College/University,,,,
78488,Owen Wells,0,1950-12-09,Detroit,USA,6-7,200.0,1.0,30,Forward,1974,1974,1974.0,5,5.0,77,Detroit Mercy,College/University,,,,
78489,Ralph Wells,0,1940-09-03,Northwestern,USA,6-1,180.0,1.0,23,Guard,1962,1962,,,,,,,,,,
1846,Chris Welp,0,1964-01-02,Washington,USA,7-0,245.0,3.0,40,Center,1987,1989,1987.0,1,16.0,16,Washington,College/University,,,,
2412,Jiri Welsch,0,1980-01-27,Union Olimpija,Czech Republic,6-7,208.0,4.0,44,Forward,2002,2005,2002.0,1,16.0,16,KK Olimpija (Slovenia),Other Team/Club,,,,
1629118,Thomas Welsh,0,1996-02-03,UCLA,USA,7-0,255.0,2.0,45,Center,2018,2018,2018.0,2,28.0,58,California-Los Angeles,College/University,84.5,84.0,,11.0
82,Bill Wennington,0,1963-04-26,St. John's (NY),USA,7-0,245.0,13.0,,Center,1985,1999,1985.0,1,16.0,16,St. John's (NY),College/University,,,,
78492,Matt Wenstrom,0,1970-11-04,North Carolina,USA,7-1,250.0,1.0,50,Center,1993,1993,,,,,,,,,,
438,Robert Werdann,0,1970-09-12,St. John's (NY),USA,6-11,250.0,2.0,41,Center,1992,1996,1992.0,2,19.0,46,St. John's (NY),College/University,,,,
78494,Ray Wertis,0,1922-01-01,St. John's (NY),USA,5-11,,2.0,,Guard,1946,1947,,,,,,,,,,
1631104,Blake Wesley,1,2003-03-16,Notre Dame,USA,6-4,185.0,1.0,14,Guard,2022,2023,2022.0,1,25.0,25,Notre Dame,College/University,76.25,81.25,36.0,
133,David Wesley,0,1970-11-14,Baylor,USA,6-1,203.0,15.0,4,Guard,1993,2006,,,,,,,,,,
78495,Walt Wesley,0,1945-01-25,Kansas,USA,6-11,220.0,10.0,21,Center,1966,1975,,,,,,,,,,
2561,David West,0,1980-08-29,Xavier,USA,6-9,250.0,16.0,3,Forward,2003,2017,2003.0,1,18.0,18,Xavier,College/University,,,,
2753,Delonte West,0,1983-07-26,St. Joseph's (PA),USA,6-3,180.0,9.0,13,Guard,2004,2011,2004.0,1,24.0,24,Saint Joseph's,College/University,74.75,78.0,35.0,12.0
28,Doug West,0,1967-05-27,Villanova,USA,,,12.0,,Guard,1989,2000,1989.0,2,11.0,38,Villanova,College/University,,,,
78497,Jerry West,0,1938-05-28,West Virginia,USA,6-3,175.0,14.0,44,Guard,1960,1973,1960.0,1,2.0,2,West Virginia,College/University,,,,
201238,Mario West,0,,nan,,,,,,,,,,,,,,,,,,
770,Mark West,0,,nan,,,,,,,,,1983.0,2,6.0,30,Old Dominion,College/University,,,,
78499,Roland West,0,1944-06-06,Cincinnati,USA,6-4,178.0,1.0,15,Guard,1967,1967,1967.0,20,1.0,162,Cincinnati,College/University,,,,
201566,Russell Westbrook,1,,nan,,,,,,,,,2008.0,1,4.0,4,California-Los Angeles,College/University,75.5,79.75,36.5,12.0
78500,Paul Westphal,0,1950-11-30,Southern California,USA,6-4,195.0,12.0,44,Guard,1972,1983,1972.0,1,10.0,10,Southern California,College/University,,,,
78501,John Wetzel,0,,nan,,,,,,,,,,,,,,,,,,
101156,Robert Whaley,0,1982-04-16,Walsh,USA,6-10,260.0,1.0,,Center,2005,2005,2005.0,2,21.0,51,Walsh,College/University,81.0,86.0,33.5,15.0
941,Ennis Whatley,0,,nan,,,,,,,,,1983.0,1,13.0,13,Alabama,College/University,,,,
1545,DeJuan Wheat,0,1973-10-14,Louisville,USA,6-0,165.0,2.0,6,Guard,1997,1998,1997.0,2,23.0,51,Louisville,College/University,,,,
78504,Clinton Wheeler,0,1959-10-27,William Paterson,USA,6-1,185.0,2.0,11,Guard,1987,1988,1981.0,7,12.0,150,William Paterson,College/University,,,,
1755,Tyson Wheeler,0,1975-10-08,Rhode Island,USA,5-10,165.0,1.0,,Guard,1998,1998,1998.0,2,18.0,47,Rhode Island,College/University,,,,
78506,Lucian Whitaker,0,1930-08-29,Kentucky,USA,6-1,180.0,1.0,5,Guard,1954,1954,1952.0,0,0.0,0,Kentucky,College/University,,,,
1629632,Coby White,1,2000-02-16,North Carolina,USA,6-5,195.0,4.0,0,Guard,2019,2023,2019.0,1,7.0,7,North Carolina,College/University,76.75,77.0,,
201591,DJ White,0,1986-08-31,Indiana,USA,6-9,250.0,6.0,8,Forward,2008,2013,2008.0,1,29.0,29,Indiana,College/University,,,,
1628401,Derrick White,1,1994-07-02,Colorado,USA,6-4,190.0,6.0,9,Guard,2017,2023,2017.0,1,29.0,29,Colorado,College/University,76.5,79.5,36.5,10.0
78507,Eric White,0,1965-12-30,Pepperdine,USA,6-8,200.0,2.0,12,Forward,1987,1988,1987.0,3,19.0,65,Pepperdine,College/University,,,,
78508,Herb White,0,1948-06-15,Georgia,USA,6-2,195.0,1.0,34,Guard,1970,1970,1970.0,8,14.0,133,Georgia,College/University,,,,
78509,Hubie White,0,1940-01-26,Villanova,USA,6-4,205.0,2.0,23,Guard,1962,1963,1962.0,2,7.0,14,Villanova,College/University,,,,
1631298,Jack White,1,1997-08-05,Duke,Australia,6-7,225.0,1.0,10,Forward,2022,2023,,,,,,,,,,
1751,Jahidi White,0,1976-02-19,Georgetown,USA,6-9,290.0,7.0,,Center-Forward,1998,2004,1998.0,2,14.0,43,Georgetown,College/University,,,,
200778,James White,0,1982-10-21,Cincinnati,USA,6-7,215.0,4.0,4,Guard-Forward,2006,2012,2006.0,2,1.0,31,Cincinnati,College/University,,,,
78510,Jojo White,0,1946-11-16,Kansas,USA,6-3,190.0,12.0,10,Guard,1969,1980,1969.0,1,9.0,9,Kansas,College/University,,,,
1627855,Okaro White,0,1992-08-13,Florida State,USA,6-8,205.0,4.0,,Forward,2016,2018,,,,,,,,,,
1839,Randy White,0,1967-11-04,Louisiana Tech,USA,6-8,240.0,5.0,52,Forward,1989,1993,1989.0,1,8.0,8,Louisiana Tech,College/University,,,,
2206,Rodney White,0,1980-06-28,North Carolina-Charlotte,USA,6-9,230.0,5.0,3,Forward,2001,2004,2001.0,1,9.0,9,North Carolina-Charlotte,College/University,,83.5,33.0,16.0
78512,Rory White,0,1959-08-16,South Alabama,USA,6-8,210.0,5.0,22,Forward,1982,1986,1982.0,4,17.0,86,South Alabama,College/University,,,,
203091,Royce White,0,1991-04-10,Iowa State,USA,6-8,260.0,2.0,,Forward,2012,2013,2012.0,1,16.0,16,Iowa State,College/University,80.0,84.0,,
78513,Rudy White,0,1953-06-23,Arizona State,USA,6-2,195.0,5.0,10,Guard,1975,1980,1975.0,3,11.0,47,Arizona State,College/University,,,,
202358,Terrico White,0,,nan,,,,,,,,,2010.0,2,6.0,36,Mississippi,College/University,77.0,81.0,40.0,10.0
78514,Tony White,0,1965-02-15,Tennessee,USA,6-2,170.0,1.0,4,Guard,1987,1987,1987.0,2,10.0,33,Tennessee,College/University,,,,
78515,Willie White,0,1962-08-20,Tennessee-Chattanooga,USA,6-3,195.0,2.0,10,Guard,1984,1985,1984.0,2,18.0,42,Tennessee-Chattanooga,College/University,,,,
1628510,Andrew White III,0,1993-06-16,Syracuse,USA,6-7,210.0,2.0,4,Forward,2017,2017,,,,,,,,,,
1627785,Isaiah Whitehead,0,1995-03-08,Seton Hall,USA,6-4,213.0,3.0,12,Guard,2016,2018,2016.0,2,12.0,42,Seton Hall,College/University,,,,
78516,Jerome Whitehead,0,1956-09-30,Marquette,USA,6-10,220.0,11.0,6,Center,1978,1988,1978.0,2,19.0,41,Marquette,College/University,,,,
1126,Donald Whiteside,0,1969-04-25,Northern Illinois,USA,5-10,160.0,2.0,,Guard,1996,1997,,,,,,,,,,
202355,Hassan Whiteside,0,1989-06-13,Marshall,USA,7-0,265.0,11.0,21,Center,2010,2021,2010.0,2,3.0,33,Marshall,College/University,83.5,91.0,31.5,12.0
730,Dwayne Whitfield,0,1972-08-21,Jackson State,USA,6-7,240.0,1.0,23,Forward,1995,1995,1995.0,2,11.0,40,Jackson State,College/University,,,,
78519,Charles Whitney,0,1957-06-22,North Carolina State,USA,6-5,235.0,2.0,43,Forward,1980,1981,1980.0,1,16.0,16,North Carolina State,College/University,,,,
43,Chris Whitney,0,1971-10-05,Clemson,USA,6-0,175.0,12.0,12,Guard,1993,2003,1993.0,2,20.0,47,Clemson,College/University,,,,
204222,Greg Whittington,0,1993-02-07,Georgetown,USA,6-8,210.0,1.0,,Forward,2020,2020,,,,,,,,,,
203963,Shayne Whittington,0,1991-03-27,Western Michigan,USA,6-11,250.0,3.0,42,Forward-Center,2014,2015,,,,,,,,,,
78520,Sidney Wicks,0,,nan,,,,,,,,,1971.0,1,2.0,2,California-Los Angeles,College/University,,,,
78521,Murray Wier,0,1926-12-12,Iowa,USA,5-9,155.0,1.0,17,Guard,1949,1949,1948.0,0,0.0,0,Iowa,College/University,,,,
78522,Bob Wiesenhahn,0,1938-12-22,Cincinnati,USA,6-4,215.0,1.0,71,Forward,1961,1961,1961.0,2,2.0,11,Cincinnati,College/University,,,,
1630580,Joe Wieskamp,1,1999-08-23,Iowa,USA,6-6,205.0,2.0,11,Guard-Forward,2021,2023,2021.0,2,11.0,41,Iowa,College/University,,,,
1630598,Aaron Wiggins,1,1999-01-02,Maryland,USA,6-5,190.0,2.0,21,Guard,2021,2023,2021.0,2,25.0,55,Maryland,College/University,,,,
203952,Andrew Wiggins,1,1995-02-23,Kansas,Canada,6-7,197.0,9.0,22,Forward,2014,2023,,,,,,,,,,
78523,Mitchell Wiggins,0,,nan,,,,,,,,,1983.0,1,23.0,23,Florida State,College/University,,,,
1629623,Lindell Wigginton,1,1998-03-28,Iowa State,Canada,6-1,189.0,2.0,28,Guard,2021,2023,,,,,,,,,,
78524,Ken Wilburn,0,1944-06-08,Central State,USA,6-6,195.0,2.0,9,Forward,1967,1968,,,,,,,,,,
203912,C.J. Wilcox,0,1990-12-30,Washington,USA,6-5,195.0,4.0,23,Guard,2014,2017,,,,,,,77.0,81.75,37.5,
2404,Chris Wilcox,0,1982-09-03,Maryland,USA,6-10,235.0,12.0,44,Forward-Center,2002,2012,2002.0,1,8.0,8,Maryland,College/University,,,,
78525,D.C. Wilcutt,0,1923-03-25,St. Louis,USA,6-2,165.0,2.0,,Guard,1948,1949,1948.0,0,0.0,0,Saint Louis,College/University,,,,
78526,Gene Wiley,0,1937-11-12,Wichita State,USA,6-10,210.0,4.0,12,Center,1962,1965,1962.0,2,8.0,15,Wichita State,College/University,,,,
1628451,Jacob Wiley,0,1994-09-04,Eastern Washington,USA,6-8,223.0,1.0,,Forward,2017,2017,,,,,,,,,,
78527,Michael Wiley,0,1957-10-16,Long Beach State,USA,6-9,200.0,2.0,21,Forward,1980,1981,1980.0,2,16.0,39,Long Beach State,College/University,,,,
78528,Morlon Wiley,0,1966-09-24,Long Beach State,USA,6-4,185.0,7.0,11,Guard,1988,1994,1988.0,2,21.0,46,Long Beach State,College/University,,,,
78529,Win Wilfong,0,1932-03-18,Memphis,USA,6-2,185.0,4.0,41,Guard,1957,1960,1957.0,1,4.0,4,Memphis,College/University,,,,
78530,Lenny Wilkens,0,1937-10-28,Providence,USA,6-1,180.0,15.0,19,Guard,1960,1974,1960.0,1,6.0,6,Providence,College/University,,,,
78531,Bob Wilkerson,0,1954-08-15,Indiana,USA,6-6,195.0,7.0,33,Guard,1976,1982,1976.0,1,11.0,11,Indiana,College/University,,,,
78532,Jamaal Wilkes,0,1953-05-02,UCLA,USA,6-6,190.0,12.0,52,Forward,1974,1985,1974.0,1,11.0,11,California-Los Angeles,College/University,,,,
78533,James Wilkes,0,1958-03-12,UCLA,USA,6-7,195.0,3.0,34,Forward,1980,1982,1980.0,3,4.0,50,California-Los Angeles,College/University,,,,
2863,Damien Wilkins,0,1980-01-11,Georgia,USA,6-6,217.0,10.0,,Guard-Forward,2004,2017,,,,,,,78.0,84.0,31.0,15.0
1122,Dominique Wilkins,0,1960-01-12,Georgia,USA,6-8,230.0,15.0,21,Forward,1982,1998,1982.0,1,3.0,3,Georgia,College/University,,,,
78534,Eddielee Wilkins,0,1962-05-07,Gardner-Webb,USA,6-10,220.0,6.0,55,Center,1984,1992,1984.0,6,17.0,133,Gardner-Webb,College/University,,,,
786,Gerald Wilkins,0,1963-09-11,Tennessee-Chattanooga,USA,6-6,185.0,13.0,,Guard,1985,1998,1985.0,2,23.0,47,Tennessee-Chattanooga,College/University,,,,
78537,Jeff Wilkins,0,1955-03-09,Illinois State,USA,6-10,230.0,6.0,45,Center,1980,1985,1977.0,2,15.0,37,Illinois State,College/University,,,,
78538,Dale Wilkinson,0,1960-03-18,Idaho State,USA,6-10,220.0,1.0,38,Forward,1984,1984,1982.0,10,16.0,221,Idaho State,College/University,,,,
2366,Mike Wilks,0,1979-05-07,Rice,USA,5-10,180.0,8.0,,Guard,2002,2009,,,,,,,,,,
1425,Aaron Williams,0,1971-10-02,Xavier,USA,6-9,235.0,14.0,,Center-Forward,1993,2007,,,,,,,,,,
1626210,Alan Williams,0,1993-01-28,Cal-Santa Barbara,USA,6-8,265.0,5.0,15,Forward-Center,2015,2018,,,,,,,80.25,85.75,28.5,8.0
1631214,Alondes Williams,1,1999-06-19,Wake Forest,USA,6-4,210.0,1.0,,Guard,2022,2022,,,,,,,77.0,79.0,35.5,
1541,Alvin Williams,0,1974-08-06,Villanova,USA,6-5,195.0,9.0,,Guard,1997,2006,1997.0,2,19.0,47,Villanova,College/University,,,,
78539,Arthur Williams,0,1939-09-29,California State-Poly Pomona,USA,6-1,180.0,7.0,7,Guard,1967,1973,,,,,,,,,,
78540,Bernie Williams,0,1945-12-30,La Salle,USA,6-3,175.0,2.0,35,Guard,1969,1970,1969.0,2,6.0,21,La Salle,College/University,,,,
78564,Bob Williams,0,1931-05-12,Florida A&M,USA,6-6,230.0,2.0,33,Forward,1955,1956,,,,,,,,,,
1585,Brandon Williams,0,1975-02-27,Davidson,USA,6-6,215.0,4.0,,Forward,1997,2002,,,,,,,,,,
1630314,Brandon Williams,0,1999-11-22,Arizona,USA,6-2,190.0,2.0,8,Guard,2021,2021,,,,,,,,,,
433,Buck Williams,0,1960-03-08,Maryland,USA,6-8,225.0,17.0,52,Forward,1981,1997,1981.0,1,3.0,3,Maryland,College/University,,,,
203710,C.J. Williams,0,,nan,,,,,,,,,,,,,,,,,,
78547,Chuck Williams,0,1946-06-06,Colorado,USA,6-2,175.0,2.0,11,Guard,1976,1977,1968.0,6,12.0,76,Colorado,College/University,,,,
78541,Chuckie Williams,0,1953-12-31,Kansas State,USA,6-3,180.0,1.0,15,Guard,1976,1976,1976.0,1,15.0,15,Kansas State,College/University,,,,
78543,Cliff Williams,0,1945-04-15,Bowling Green,USA,6-3,180.0,1.0,12,Guard,1968,1968,,,,,,,,,,
101258,Corey Williams,0,,nan,,,,,,,,,1992.0,2,6.0,33,Oklahoma State,College/University,,,,
101114,Deron Williams,0,1984-06-26,Illinois,USA,6-3,200.0,13.0,31,Guard,2005,2016,2005.0,1,3.0,3,Illinois,College/University,74.75,78.25,35.0,15.0
202682,Derrick Williams,0,1991-05-25,Arizona,USA,6-8,240.0,7.0,,Forward,2011,2017,2011.0,1,2.0,2,Arizona,College/University,80.75,85.5,34.5,19.0
78545,Don Williams,0,1956-08-02,Notre Dame,USA,6-2,180.0,1.0,20,Guard,1979,1979,1978.0,5,8.0,96,Notre Dame,College/University,,,,
78546,Earl Williams,0,1951-03-24,Winston-Salem State,USA,6-7,230.0,4.0,52,Center,1974,1978,1974.0,3,13.0,49,Winston-Salem State,College/University,,,,
202343,Elliot Williams,0,1989-06-20,Memphis,USA,6-5,190.0,6.0,,Guard,2010,2015,2010.0,1,22.0,22,Memphis,College/University,,,,
677,Eric Williams,0,1972-07-17,Providence,USA,6-8,220.0,12.0,,Guard-Forward,1995,2006,1995.0,1,14.0,14,Providence,College/University,,,,
2421,Frank Williams,0,1980-02-25,Illinois,USA,6-3,212.0,4.0,30,Guard,2002,2004,2002.0,1,25.0,25,Illinois,College/University,,,,
78548,Freeman Williams,0,1956-05-15,Portland State,USA,6-4,190.0,6.0,20,Guard,1978,1985,1978.0,1,8.0,8,Portland State,College/University,,,,
1629684,Grant Williams,1,1998-11-30,Tennessee,USA,6-6,236.0,4.0,12,Forward,2019,2023,2019.0,1,22.0,22,Tennessee,College/University,79.5,81.75,31.5,20.0
78549,Gus Williams,0,1953-10-10,Southern California,USA,6-2,175.0,11.0,1,Guard,1975,1986,1975.0,2,2.0,20,Southern California,College/University,,,,
78550,Guy Williams,0,1960-07-01,Washington State,USA,6-9,200.0,2.0,34,Forward,1984,1985,1983.0,2,10.0,34,Washington State,College/University,,,,
1006,Herb Williams,0,1958-02-16,Ohio State,USA,6-11,260.0,18.0,32,Center,1981,1998,1981.0,1,14.0,14,Ohio State,College/University,,,,
73,Hot Rod Williams,0,1962-08-09,Tulane,USA,6-11,245.0,13.0,18,Center,1986,1998,1985.0,2,21.0,45,Tulane,College/University,,,,
1631114,Jalen Williams,1,2001-04-14,Santa Clara,USA,6-5,211.0,1.0,8,Guard-Forward,2022,2023,2022.0,1,12.0,12,Santa Clara,College/University,77.75,86.25,39.0,
1715,Jason Williams,0,1975-11-18,Florida,USA,6-1,180.0,12.0,,Guard,1998,2010,1998.0,1,7.0,7,Florida,College/University,,,,
101214,Jawad Williams,0,1983-02-19,North Carolina,USA,6-9,225.0,3.0,,Forward,2008,2010,,,,,,,80.0,85.25,34.0,15.0
2398,Jay Williams,0,1981-09-10,Duke,USA,6-2,195.0,1.0,22,Guard,2002,2002,2002.0,1,2.0,2,Duke,College/University,,,,
1631119,Jaylin Williams,1,,nan,,,,,,,,,2022.0,2,4.0,34,Arkansas,College/University,82.0,85.0,30.0,
420,Jayson Williams,0,1968-02-22,St. John's (NY),USA,6-9,240.0,9.0,,Forward,1990,1998,1990.0,1,21.0,21,St. John's (NY),College/University,,,,
1631466,Jeenathan Williams,1,,nan,,,,,,,,,,,,,,,,,,
966,Jerome Williams,0,1973-05-10,Georgetown,USA,6-9,206.0,10.0,31,Forward-Center,1996,2004,1996.0,1,26.0,26,Georgetown,College/University,,,,
78554,John Williams,0,1966-10-26,Louisiana State,USA,6-8,235.0,8.0,24,Forward,1986,1994,1986.0,1,12.0,12,Louisiana State,College/University,,,,
1629140,Johnathan Williams,0,1995-05-22,Gonzaga,USA,6-9,228.0,3.0,19,Forward,2018,2019,,,,,,,,,,
202716,Jordan Williams,0,,nan,,,,,,,,,2011.0,2,6.0,36,Maryland,College/University,81.0,84.25,30.5,10.0
200818,Justin Williams,0,,nan,,,,,,,,,,,,,,,,,,
78555,Kenny Williams,0,,nan,,,,,,,,,1990.0,2,19.0,46,Elizabeth City State,College/University,,,,
1629026,Kenrich Williams,1,,nan,,,,,,,,,,,,,,,79.5,79.25,33.0,14.0
78556,Kevin Williams,0,1961-09-11,St. John's (NY),USA,6-2,175.0,5.0,42,Guard,1983,1988,1983.0,2,22.0,46,St. John's (NY),College/University,,,,
31,Lorenzo Williams,0,1969-07-15,Stetson,USA,6-9,200.0,7.0,,Forward,1992,1999,,,,,,,,,,
101150,Lou Williams,0,1986-10-27,South Gwinnett HS (GA),USA,6-2,175.0,18.0,6,Guard,2005,2021,2005.0,2,15.0,45,South Gwinnett,High School,,,,
200766,Marcus Williams,0,1985-12-03,Connecticut,USA,6-3,205.0,5.0,5,Guard,2006,2009,2006.0,1,22.0,22,Connecticut,College/University,,,,
201173,Marcus Williams,0,1986-11-18,Arizona,USA,6-7,207.0,3.0,2,Guard,2007,2008,2007.0,2,3.0,33,Arizona,College/University,,,,
1631109,Mark Williams,1,2001-12-16,Duke,USA,7-0,240.0,1.0,5,Center,2022,2023,2022.0,1,15.0,15,Duke,College/University,86.0,90.5,,
101107,Marvin Williams,0,1986-06-19,North Carolina,USA,6-8,237.0,16.0,20,Forward,2005,2019,2005.0,1,2.0,2,North Carolina,College/University,80.25,87.5,35.0,12.0
52,Micheal Williams,0,1966-07-23,Baylor,USA,6-2,175.0,10.0,,Guard,1988,1998,1988.0,2,23.0,48,Baylor,College/University,,,,
78558,Mike Williams,0,1963-08-14,Bradley,USA,6-8,255.0,1.0,35,Guard,1989,1989,1986.0,3,4.0,51,Bradley,College/University,,,,
78560,Milt Williams,0,1945-11-22,Lincoln (MO),USA,6-2,182.0,3.0,12,Guard,1970,1973,1968.0,17,5.0,202,Lincoln (MO),College/University,,,,
2590,Mo Williams,0,1982-12-19,Alabama,USA,6-1,198.0,14.0,52,Guard,2003,2015,2003.0,2,18.0,47,Alabama,College/University,,,,
42,Monty Williams,0,1971-10-08,Notre Dame,USA,6-8,225.0,10.0,5,Forward,1994,2002,1994.0,1,24.0,24,Notre Dame,College/University,,,,
78561,Nate Williams,0,1950-05-02,Utah State,USA,6-4,215.0,8.0,33,Guard,1971,1978,,,,,,,,,,
1630172,Patrick Williams,1,2001-08-26,Florida State,USA,6-7,215.0,3.0,44,Forward,2020,2023,2020.0,1,4.0,4,Florida State,College/University,,,,
78566,Pete Williams,0,1965-03-10,Arizona,USA,6-7,190.0,2.0,31,Forward,1985,1986,1985.0,4,19.0,89,Arizona,College/University,,,,
78571,Ray Williams,0,1954-10-14,Minnesota,USA,6-3,188.0,10.0,13,Guard,1977,1986,1977.0,1,10.0,10,Minnesota,College/University,,,,
199,Reggie Williams,0,1964-03-05,Georgetown,USA,,,10.0,,,1987,1996,1987.0,1,4.0,4,Georgetown,College/University,76.0,81.25,36.5,15.0
202130,Reggie Williams,0,1986-09-14,Virginia Military Institute,USA,6-6,205.0,7.0,,Forward,2009,2016,,,,,,,,,,
78563,Rickey Williams,0,1957-03-12,Long Beach State,USA,6-1,175.0,1.0,25,Guard,1982,1982,1978.0,10,4.0,190,Long Beach State,College/University,,,,
78565,Rob Williams,0,1961-05-05,Houston,USA,6-2,175.0,2.0,21,Guard,1982,1983,1982.0,1,19.0,19,Houston,College/University,,,,
78567,Ron Williams,0,1944-09-24,West Virginia,USA,6-3,188.0,8.0,15,Guard,1968,1975,1968.0,1,9.0,9,West Virginia,College/University,,,,
78568,Sam Williams,0,1945-01-22,Iowa,USA,6-3,180.0,2.0,3,Guard,1968,1969,1968.0,3,13.0,35,Iowa,College/University,,,,
78569,Samuel Williams,0,1959-03-07,Arizona State,USA,6-8,210.0,4.0,,Forward,1981,1984,1981.0,2,10.0,33,Arizona State,College/University,,,,
281,Scott Williams,0,1968-03-21,North Carolina,USA,6-10,260.0,16.0,,Forward-Center,1990,2004,,,,,,,,,,
201157,Sean Williams,0,1986-09-13,Boston College,USA,6-10,235.0,5.0,56,Forward-Center,2007,2011,2007.0,1,17.0,17,Boston College,College/University,,,,
1742,Shammond Williams,0,,nan,,,,,,,,,1998.0,2,5.0,34,North Carolina,College/University,,,,
200761,Shawne Williams,0,1986-02-16,Memphis,USA,6-10,230.0,8.0,3,Forward,2006,2014,2006.0,1,17.0,17,Memphis,College/University,,,,
200749,Shelden Williams,0,,nan,,,,,,,,,2006.0,1,5.0,5,Duke,College/University,,,,
78570,Sly Williams,0,1958-01-26,Rhode Island,USA,6-7,210.0,7.0,35,Forward,1979,1985,1979.0,1,21.0,21,Rhode Island,College/University,,,,
201944,Terrence Williams,0,1987-06-28,Louisville,USA,6-6,220.0,5.0,55,Guard-Forward,2009,2012,2009.0,1,11.0,11,Louisville,College/University,78.25,81.0,37.0,9.0
1576,Travis Williams,0,1969-05-27,South Carolina State,USA,6-6,215.0,2.0,,Forward,1997,1998,,,,,,,,,,
1627786,Troy Williams,0,1994-12-30,Indiana,USA,6-7,218.0,4.0,19,Forward,2016,2018,,,,,,,,,,
1005,Walt Williams,0,1970-04-16,Maryland,USA,6-8,230.0,12.0,,Forward-Guard,1992,2002,1992.0,1,7.0,7,Maryland,College/University,,,,
78573,Ward Williams,0,1923-06-26,Indiana,USA,6-4,195.0,1.0,25,Forward,1948,1948,1948.0,1,8.0,8,Indiana,College/University,,,,
78574,Willie Williams,0,,nan,,,,,,,,,1970.0,3,4.0,38,Florida State,College/University,,,,
1630533,Ziaire Williams,1,2001-09-12,Stanford,USA,6-9,185.0,2.0,8,Forward,2021,2023,2021.0,1,10.0,10,Stanford,College/University,,,,
1629057,Robert Williams III,1,1997-10-17,Texas A&M,USA,6-9,237.0,5.0,44,Center-Forward,2018,2023,2018.0,1,27.0,27,Texas A&M,College/University,,,,
1628475,Matt Williams Jr.,0,1993-10-14,Central Florida,USA,6-5,210.0,1.0,,Guard,2017,2017,,,,,,,,,,
1631246,Vince Williams Jr.,1,2000-08-30,Virginia Commonwealth,USA,6-4,205.0,1.0,5,Guard,2022,2023,2022.0,2,17.0,47,Virginia Commonwealth,College/University,,,,
1628430,Nigel Williams-Goss,0,1994-09-16,Gonzaga,USA,6-2,190.0,2.0,0,Guard,2019,2019,2017.0,2,25.0,55,Gonzaga,College/University,75.0,79.25,34.5,10.0
722,Corliss Williamson,0,1973-12-04,Arkansas,USA,6-7,245.0,13.0,34,Forward,1995,2006,1995.0,1,13.0,13,Arkansas,College/University,,,,
78575,John Williamson,0,1951-11-10,New Mexico State,USA,6-2,185.0,5.0,23,Guard,1976,1980,1973.0,6,10.0,96,New Mexico State,College/University,,,,
1629627,Zion Williamson,1,2000-07-06,Duke,USA,6-6,284.0,3.0,1,Forward,2019,2023,2019.0,1,1.0,1,Duke,College/University,,,,
788,Kevin Willis,0,1962-09-06,Michigan State,USA,7-0,245.0,22.0,45,Center-Forward,1984,2006,1984.0,1,11.0,11,Michigan State,College/University,,,,
78577,Bill Willoughby,0,1957-05-20,Dwight Morrow HS (NJ),USA,6-8,205.0,8.0,34,Forward,1975,1983,1975.0,2,1.0,19,Dwight Morrow,High School,,,,
2000,Dedric Willoughby,0,1974-05-27,Iowa State,USA,6-3,180.0,1.0,,Guard,1999,1999,,,,,,,,,,
78586,Bob Wilson,0,1926-03-08,West Virginia State,USA,6-4,185.0,1.0,12,Guard,1951,1951,,,,,,,,,,
78585,Bobby Wilson,0,1951-01-15,Wichita State,USA,6-2,175.0,4.0,7,Guard,1974,1977,1974.0,3,16.0,52,Wichita State,College/University,,,,
1628391,D.J. Wilson,1,1996-02-19,Michigan,USA,6-10,231.0,6.0,,Forward,2017,2021,2017.0,1,17.0,17,Michigan,College/University,82.5,87.0,,
78579,George Wilson,0,1942-05-09,Cincinnati,USA,6-8,225.0,7.0,33,Center,1964,1970,1964.0,0,0.0,0,Cincinnati,College/University,,,,
78580,Isaiah Wilson,0,1948-05-31,Baltimore,USA,6-2,175.0,1.0,10,Guard,1971,1971,1971.0,2,12.0,29,Baltimore,College/University,,,,
203966,Jamil Wilson,0,1990-11-21,Marquette,USA,6-7,229.0,1.0,,Forward,2017,2017,,,,,,,,,,
78581,Mike Wilson,0,1959-09-15,Marquette,USA,6-3,175.0,3.0,15,Guard,1983,1986,1982.0,3,1.0,47,Marquette,College/University,,,,
78582,Nikita Wilson,0,1964-02-25,Louisiana State,USA,6-8,200.0,1.0,41,Forward,1987,1987,1987.0,2,7.0,30,Louisiana State,College/University,,,,
78578,Othell Wilson,0,1961-10-26,Virginia,USA,6-0,190.0,2.0,2,Guard,1984,1986,1984.0,2,11.0,35,Virginia,College/University,,,,
78583,Rick Wilson,0,1956-02-07,Louisville,USA,6-4,200.0,2.0,42,Guard,1978,1979,1978.0,2,3.0,25,Louisville,College/University,,,,
78584,Ricky Wilson,0,1964-07-16,George Mason,USA,6-3,195.0,1.0,15,Guard,1987,1987,1986.0,3,5.0,52,George Mason,College/University,,,,
78587,Thomas Wilson,0,1955-08-07,Western Carolina,USA,6-3,175.0,1.0,17,Guard,1979,1979,1978.0,5,13.0,101,Western Carolina,College/University,,,,
1027,Trevor Wilson,0,1968-03-16,UCLA,USA,6-7,210.0,4.0,30,Forward,1990,1995,1990.0,2,9.0,36,California-Los Angeles,College/University,,,,
1627787,Kyle Wiltjer,0,,nan,,,,,,,,,,,,,,,,,,
78589,Kennard Winchester,0,1966-09-03,Averett,USA,6-5,210.0,3.0,20,Forward,1990,1992,,,,,,,,,,
78590,Tony Windis,0,1933-01-27,Wyoming,USA,6-1,160.0,1.0,10,Guard,1959,1959,1959.0,5,2.0,32,Wyoming,College/University,,,,
1629685,Dylan Windler,1,1996-09-22,Belmont,USA,6-7,196.0,3.0,9,Guard-Forward,2019,2023,2019.0,1,26.0,26,Belmont,College/University,79.5,82.0,37.5,8.0
78591,John Windsor,0,1940-04-03,Stanford,USA,6-8,215.0,1.0,15,Forward,1963,1963,1962.0,5,5.0,39,Stanford,College/University,,,,
78592,Lee Winfield,0,1947-02-04,North Texas,USA,6-2,174.0,7.0,3,Guard,1969,1975,1969.0,3,3.0,32,North Texas,College/University,,,,
766,David Wingate,0,1963-12-15,Georgetown,USA,6-5,187.0,15.0,25,Guard-Forward,1986,2000,1986.0,2,20.0,44,Georgetown,College/University,,,,
112,Dontonio Wingfield,0,1974-06-23,Cincinnati,USA,6-8,256.0,4.0,,Forward,1994,1997,1994.0,2,10.0,37,Cincinnati,College/University,,,,
78596,Harthorne Wingo,0,1947-09-09,Friendship (SC),USA,6-6,210.0,4.0,43,Forward,1972,1975,,,,,,,,,,
78597,Marv Winkler,0,1948-02-18,Louisiana-Lafayette,USA,6-1,164.0,1.0,5,Guard,1970,1970,1970.0,3,16.0,50,Louisiana-Lafayette,College/University,,,,
1626159,Justise Winslow,1,1996-03-26,Duke,USA,6-6,222.0,8.0,26,Forward-Guard,2015,2023,2015.0,1,10.0,10,Duke,College/University,78.5,82.25,,
1984,Rickie Winslow,0,1964-07-26,Houston,USA,6-8,225.0,1.0,31,Forward,1987,1987,1987.0,2,5.0,28,Houston,College/University,,,,
1630216,Cassius Winston,0,1998-02-28,Michigan State,USA,6-1,185.0,3.0,5,Guard,2020,2021,2020.0,2,23.0,53,Michigan State,College/University,73.5,78.0,28.0,
1868,Trevor Winter,0,1974-01-07,Minnesota,USA,7-0,275.0,1.0,,Center,1998,1998,,,,,,,,,,
78600,Brian Winters,0,1952-03-01,South Carolina,USA,6-4,185.0,9.0,32,Guard,1974,1982,1974.0,1,12.0,12,South Carolina,College/University,,,,
78601,Voise Winters,0,1962-10-12,Bradley,USA,6-8,200.0,1.0,11,Forward,1985,1985,1985.0,2,20.0,44,Bradley,College/University,,,,
78602,Willie Wise,0,1947-03-03,Drake,USA,6-6,210.0,2.0,42,Forward,1976,1977,1969.0,5,7.0,64,Drake,College/University,,,,
1630164,James Wiseman,1,2001-03-31,Memphis,USA,7-0,240.0,2.0,13,Center,2020,2023,2020.0,1,2.0,2,Memphis,College/University,,,,
203481,Jeff Withey,0,1990-03-07,Kansas,USA,7-0,230.0,5.0,,Center,2013,2017,2013.0,2,9.0,39,Kansas,College/University,84.5,86.0,29.0,10.0
78603,Luke Witte,0,1950-10-19,Ohio State,USA,7-0,235.0,3.0,44,Center,1973,1975,1973.0,4,5.0,57,Ohio State,College/University,,,,
1456,Randy Wittman,0,1959-10-28,Indiana,USA,6-6,210.0,9.0,14,Guard,1983,1991,1983.0,1,22.0,22,Indiana,College/University,,,,
78605,Garry Witts,0,1959-07-03,Holy Cross,USA,6-7,190.0,1.0,20,Guard,1981,1981,1981.0,5,11.0,103,Holy Cross,College/University,,,,
78606,Dave Wohl,0,1949-11-02,Pennsylvania,USA,6-2,185.0,7.0,15,Guard,1971,1977,1971.0,3,11.0,46,Pennsylvania,College/University,,,,
341,Joe Wolf,0,,nan,,,,,,,,,1987.0,1,13.0,13,North Carolina,College/University,,,,
2106,Ruben Wolkowyski,0,1973-09-30,Estudiantes de Olavarria,Argentina,6-10,275.0,2.0,45,Forward,2000,2002,,,,,,,,,,
203489,Nate Wolters,0,1991-05-15,South Dakota State,USA,6-4,190.0,3.0,,Guard,2013,2017,2013.0,2,8.0,38,South Dakota State,College/University,76.75,75.75,,8.0
78610,Al Wood,0,1958-06-02,North Carolina,USA,6-6,193.0,6.0,4,Guard,1981,1986,1981.0,1,4.0,4,North Carolina,College/University,,,,
78612,Bob Wood,0,1921-10-07,Northern Illinois,USA,5-10,,1.0,,Guard,1949,1949,,,,,,,,,,
1626174,Christian Wood,1,1995-09-27,UNLV,USA,6-9,214.0,7.0,35,Forward,2015,2023,,,,,,,82.5,87.25,,
116,David Wood,0,1964-11-30,Nevada-Reno,USA,6-9,230.0,7.0,7,Forward,1988,1996,,,,,,,,,,
78609,Howard Wood,0,,nan,,,,,,,,,1981.0,2,4.0,27,Tennessee,College/University,,,,
78611,Leon Wood,0,1962-03-25,California State-Fullerton,USA,6-3,185.0,6.0,,Guard,1984,1990,1984.0,1,10.0,10,Cal State-Fullerton,College/University,,,,
1630218,Robert Woodard II,0,1999-09-22,Mississippi State,USA,6-6,235.0,3.0,28,Forward,2020,2021,2020.0,2,10.0,40,Mississippi State,College/University,79.0,86.0,38.0,
2254,Loren Woods,0,1978-06-21,Arizona,USA,7-2,260.0,7.0,33,Center,2001,2007,2001.0,2,17.0,45,Arizona,College/University,,89.5,28.0,10.0
2417,Qyntel Woods,0,1981-02-16,Northeast Mississippi CC,USA,6-8,220.0,4.0,6,Forward-Guard,2002,2005,2002.0,1,21.0,21,Northeast Mississippi Community College,College/University,,,,
1010,Randy Woods,0,1970-09-23,La Salle,USA,5-10,185.0,4.0,10,Guard,1992,1995,1992.0,1,16.0,16,La Salle,College/University,,,,
78614,Mike Woodson,0,1958-03-24,Indiana,USA,6-5,195.0,11.0,2,Guard,1980,1990,1980.0,1,12.0,12,Indiana,College/University,,,,
78615,Orlando Woolridge,0,,nan,,,,,,,,,1981.0,1,6.0,6,Notre Dame,College/University,,,,
1629624,Kenny Wooten,0,1998-04-17,Oregon,USA,6-8,235.0,1.0,45,Forward,2019,2019,,,,,,,,,,
906,Haywoode Workman,0,1966-01-23,Oral Roberts,USA,6-2,180.0,8.0,,Guard,1989,1999,1989.0,2,22.0,49,Oral Roberts,College/University,,,,
78616,Mark Workman,0,1930-03-10,West Virginia,USA,6-9,215.0,2.0,,Center,1952,1953,1952.0,1,0.0,1,West Virginia,College/University,,,,
78617,Tom Workman,0,1944-11-14,Seattle,USA,6-7,218.0,3.0,23,Forward,1967,1969,1967.0,1,8.0,8,Seattle,College/University,,,,
1897,Metta World Peace,0,1979-11-13,St. John's (NY),USA,6-7,260.0,18.0,37,Forward,1999,2016,1999.0,1,16.0,16,St. John's (NY),College/University,,,,
78618,Sam Worthen,0,1958-01-17,Marquette,USA,6-5,195.0,2.0,31,Guard,1980,1981,1980.0,2,3.0,26,Marquette,College/University,,,,
1460,James Worthy,0,1961-02-27,North Carolina,USA,6-9,225.0,12.0,42,Forward,1982,1993,1982.0,1,1.0,1,North Carolina,College/University,,,,
101120,Antoine Wright,0,1984-02-06,Texas A&M,USA,6-7,215.0,6.0,,Forward-Guard,2005,2010,2005.0,1,15.0,15,Texas A&M,College/University,78.25,80.75,29.5,12.0
101152,Bracey Wright,0,1984-07-01,Indiana,USA,6-3,201.0,2.0,6,Guard,2005,2006,2005.0,2,17.0,47,Indiana,College/University,74.5,82.0,36.0,8.0
78620,Brad Wright,0,1962-03-26,UCLA,USA,6-11,225.0,2.0,35,Forward,1986,1987,1985.0,3,2.0,49,California-Los Angeles,College/University,,,,
201148,Brandan Wright,0,,nan,,,,,,,,,2007.0,1,8.0,8,North Carolina,College/University,82.0,87.75,35.5,2.0
202874,Chris Wright,0,1988-09-30,Dayton,USA,6-9,226.0,3.0,15,Forward,2011,2013,,,,,,,,,,
203203,Chris Wright,0,1989-11-04,Georgetown,USA,6-1,210.0,1.0,,Guard,2012,2012,,,,,,,,,,
1626153,Delon Wright,1,1992-04-26,Utah,USA,6-5,185.0,8.0,55,Guard,2015,2023,2015.0,1,20.0,20,Utah,College/University,77.5,79.5,31.0,4.0
2748,Dorell Wright,0,,nan,,,,,,,,,2004.0,1,19.0,19,South Kent School,High School,,,,
78621,Howard Wright,0,1967-12-20,Stanford,USA,6-8,220.0,2.0,42,Forward,1990,1992,,,,,,,,,,
78622,Joby Wright,0,1950-09-05,Indiana,USA,6-8,220.0,1.0,14,Forward,1972,1972,1972.0,2,5.0,18,Indiana,College/University,,,,
201153,Julian Wright,0,1987-05-20,Kansas,USA,6-8,225.0,5.0,14,Forward,2007,2010,2007.0,1,13.0,13,Kansas,College/University,80.5,86.25,33.5,2.0
78623,Larry Wright,0,1954-11-23,Grambling,USA,6-1,160.0,6.0,15,Guard,1976,1981,1976.0,1,14.0,14,Grambling,College/University,,,,
953,Lorenzen Wright,0,1975-11-04,Memphis,USA,6-11,255.0,14.0,55,Forward-Center,1996,2008,1996.0,1,7.0,7,Memphis,College/University,,,,
1007,Luther Wright,0,1971-09-22,Seton Hall,USA,7-2,270.0,1.0,44,Center,1993,1993,1993.0,1,18.0,18,Seton Hall,College/University,,,,
1630589,Moses Wright,0,1998-12-23,Georgia Tech,USA,6-8,226.0,2.0,5,Forward,2021,2021,,,,,,,,,,
412,Sharone Wright,0,1973-01-30,Clemson,USA,6-11,260.0,4.0,,Center,1994,1997,1994.0,1,6.0,6,Clemson,College/University,,,,
1630593,McKinley Wright IV,1,1998-10-25,Colorado,USA,5-11,192.0,2.0,23,Guard,2021,2023,,,,,,,,,,
1629625,Justin Wright-Foreman,0,1997-10-27,Hofstra,USA,6-0,190.0,2.0,3,Guard,2019,2019,2019.0,2,23.0,53,Hofstra,College/University,,,,
203100,Tony Wroten,0,1993-04-13,Washington,USA,6-6,205.0,5.0,5,Guard,2012,2015,2012.0,1,25.0,25,Washington,College/University,78.0,81.0,35.5,0.0
78627,A.J. Wynder,0,1964-09-11,Fairfield,USA,6-2,180.0,1.0,12,Guard,1990,1990,,,,,,,,,,
1627824,Guerschon Yabusele,0,1995-12-17,Rouen Metropole,France,6-8,260.0,3.0,30,Forward,2016,2018,2016.0,1,16.0,16,SPO Rouen Basket,Other Team/Club,,,,
2397,Yao Ming,0,1980-09-12,Shanghai,China,7-6,310.0,9.0,11,Center,2002,2010,2002.0,1,1.0,1,Shanghai Sharks (China),Other Team/Club,,,,
2428,Vincent Yarbrough,0,1981-03-21,Tennessee,USA,6-7,210.0,2.0,3,Forward,2002,2002,2002.0,2,4.0,32,Tennessee,College/University,,,,
78628,George Yardley,0,1928-11-03,Stanford,USA,6-5,190.0,7.0,12,Forward,1953,1959,1950.0,1,7.0,7,Stanford,College/University,,,,
78629,Barry Yates,0,1946-01-30,Maryland,USA,6-7,215.0,1.0,35,Forward,1971,1971,1971.0,8,12.0,131,Maryland,College/University,,,,
78630,Wayne Yates,0,1937-11-07,Memphis,USA,6-8,235.0,1.0,55,Center,1961,1961,1961.0,1,5.0,5,Memphis,College/University,,,,
78631,Charlie Yelverton,0,1948-12-05,Fordham,USA,6-2,190.0,1.0,11,Guard,1971,1971,1971.0,2,8.0,25,Fordham,College/University,,,,
201146,Yi Jianlian,0,,nan,,,,,,,,,2007.0,1,6.0,6,Guangdong Southern Tigers (China),Other Team/Club,,,,
78632,Rich Yonakor,0,,nan,,,,,,,,,1980.0,3,15.0,61,North Carolina,College/University,,,,
1628221,Gabe York,0,1993-08-02,Arizona,USA,6-3,190.0,2.0,32,Guard,2021,2023,,,,,,,,,,
78633,Danny Young,0,1962-07-26,Wake Forest,USA,6-4,175.0,10.0,20,Guard,1984,1994,1984.0,2,15.0,39,Wake Forest,College/University,,,,
203923,James Young,0,,nan,,,,,,,,,,,,,,,78.75,84.0,35.5,
1626202,Joe Young,0,1992-06-27,Oregon,USA,6-2,185.0,3.0,3,Guard,2015,2017,2015.0,2,13.0,43,Oregon,College/University,,,,
1748,Korleone Young,0,1978-12-31,Hargrave Military Academy (KS),USA,6-7,213.0,1.0,,Forward,1998,1998,1998.0,2,11.0,40,Hargrave Military Academy,High School,,,,
78634,Michael Young,0,1961-01-02,Houston,USA,6-7,220.0,3.0,42,Guard,1984,1989,1984.0,1,24.0,24,Houston,College/University,,,,
201156,Nick Young,0,1985-06-01,Southern California,USA,6-7,210.0,12.0,,Guard-Forward,2007,2018,2007.0,1,16.0,16,Southern California,College/University,78.75,84.0,40.5,6.0
78635,Perry Young,0,1963-08-04,Virginia Tech,USA,6-5,210.0,1.0,2,Guard,1986,1986,1985.0,3,14.0,61,Virginia Tech,College/University,,,,
201970,Sam Young,0,1985-06-01,Pittsburgh,USA,6-6,225.0,5.0,4,Forward-Guard,2009,2012,2009.0,2,6.0,36,Pittsburgh,College/University,78.75,82.75,33.0,
201152,Thaddeus Young,1,1988-06-21,Georgia Tech,USA,6-8,235.0,16.0,21,Forward,2007,2023,2007.0,1,12.0,12,Georgia Tech,College/University,79.5,83.5,37.0,13.0
1937,Tim Young,0,,nan,,,,,,,,,1999.0,2,27.0,56,Stanford,College/University,,,,
1629027,Trae Young,1,1998-09-19,Oklahoma,USA,6-1,164.0,5.0,11,Guard,2018,2023,2018.0,1,5.0,5,Oklahoma,College/University,73.75,75.0,,
1630209,Omer Yurtseven,1,1998-06-19,Georgetown,Turkey,6-11,275.0,2.0,77,Center,2020,2023,,,,,,,,,,
78638,Max Zaslofsky,0,1925-12-07,St. John's (NY),USA,6-2,170.0,10.0,10,Guard,1946,1955,,,,,,,,,,
78639,Robert Zawoluk,0,1930-10-13,St. John's (NY),USA,6-7,215.0,3.0,15,Forward,1952,1954,1952.0,0,0.0,0,St. John's (NY),College/University,,,,
203469,Cody Zeller,1,1992-10-05,Indiana,USA,6-11,240.0,10.0,44,Forward-Center,2013,2023,2013.0,1,4.0,4,Indiana,College/University,84.25,82.75,37.5,17.0
78640,Dave Zeller,0,,nan,,,,,,,,,1961.0,7,2.0,61,Miami (FL),College/University,,,,
78641,Gary Zeller,0,1947-11-20,Drake,USA,6-3,205.0,2.0,11,Guard,1970,1971,1970.0,5,15.0,83,Drake,College/University,,,,
78642,Hank Zeller,0,1918-07-10,Washington & Jefferson,USA,6-4,210.0,1.0,,Center,1946,1946,,,,,,,,,,
202545,Luke Zeller,0,1987-04-07,Notre Dame,USA,6-11,245.0,1.0,,Forward-Center,2012,2012,,,,,,,,,,
203092,Tyler Zeller,0,,nan,,,,,,,,,2012.0,1,17.0,17,North Carolina,College/University,84.5,84.0,34.0,16.0
78643,Tony Zeno,0,1957-10-01,Arizona State,USA,6-8,210.0,1.0,44,Forward,1979,1979,1979.0,2,10.0,32,Arizona State,College/University,,,,
78644,Phil Zevenbergen,0,1964-04-13,Washington,USA,6-10,230.0,1.0,41,Forward,1987,1987,1987.0,3,4.0,50,Washington,College/University,,,,
1917,Wang Zhi-zhi,0,1977-07-08,Bayi,China,7-1,284.0,6.0,,Center,2000,2004,1999.0,2,7.0,36,Bayi Rockets (China),Other Team/Club,,,,
1627753,Zhou Qi,0,,nan,,,,,,,,,2016.0,2,13.0,43,Xinjiang Guanghui,Other Team/Club,,,,
678,George Zidek,0,1973-08-02,UCLA,USA,7-0,250.0,3.0,,Center,1995,1997,1995.0,1,22.0,22,California-Los Angeles,College/University,,,,
2583,Derrick Zimmerman,0,1981-12-02,Mississippi State,USA,6-3,195.0,1.0,,Guard,2005,2005,2003.0,2,11.0,40,Mississippi State,College/University,,,,
1627757,Stephen Zimmerman,0,1996-09-09,UNLV,USA,7-0,240.0,2.0,33,Center,2016,2016,2016.0,2,11.0,41,Nevada-Las Vegas,College/University,,,,
1627835,Paul Zipser,0,1994-02-18,Bayern Munich,Germany,6-8,226.0,2.0,16,Forward,2016,2017,2016.0,2,18.0,48,FC Bayern Muenchen,Other Team/Club,,,,
1627790,Ante Zizic,0,1997-01-04,Darussafaka,Croatia,6-10,266.0,4.0,41,Center,2017,2019,2016.0,1,23.0,23,KK Cibona (Croatia),Other Team/Club,,,,
78647,Jim Zoet,0,1953-12-30,Kent State,USA,7-1,240.0,1.0,34,Center,1982,1982,,,,,,,,,,
78648,Bill Zopf,0,,nan,,,,,,,,,1970.0,2,16.0,33,Duquesne,College/University,,,,
1627826,Ivica Zubac,1,1997-03-18,Mega Basket,Croatia,7-0,240.0,7.0,40,Center,2016,2023,2016.0,2,2.0,32,KK Mega Vizura,Other Team/Club,,,,
78650,Matt Zunic,0,1919-12-19,George Washington,USA,6-3,195.0,1.0,,Guard,1948,1948,1947.0,0,0.0,0,George Washington,College/University,,,,
